id,main,super_ball,main_matches,matched_main,SB_match,main_generator,SB_generator,choice_probability,robustness,sensitivity_rank_range,sensitivity_top5_fraction,outcome_rank_min,outcome_rank_max
SL01,"[9, 11, 12, 17, 24]",5,0,[],0,A_long,S_long,0.35000000000000003,0.1,"[1, 1]",1.0,13,20
SL02,"[3, 6, 12, 17, 24]",5,0,[],0,A_long,S_recent,0.01,0.1,"[2, 5]",1.0,13,20
SL03,"[12, 17, 22, 23, 24]",2,0,[],0,A_long,S_gap,0,0.06,"[3, 3]",1.0,13,20
SL04,"[9, 11, 18, 24, 25]",5,1,[18],0,B_recent,S_trend,0.07,0.13,"[1, 3]",1.0,3,12
SL05,"[6, 9, 18, 24, 29]",6,1,[18],0,B_recent,S_transition,0,0.12,"[2, 4]",1.0,3,12
SL06,"[1, 12, 18, 23, 25]",2,2,"[1, 18]",0,B_recent,S_ensemble,0.27,0.13,"[2, 3]",1.0,1,2
SL07,"[4, 7, 13, 33, 34]",4,0,[],0,C_gap,S_random,0.12,0.08,"[1, 1]",1.0,13,20
SL08,"[4, 6, 7, 17, 33]",5,0,[],0,C_gap,S_long,0.01,0.1,"[2, 2]",1.0,13,20
SL09,"[4, 10, 16, 17, 33]",5,0,[],0,C_gap,S_recent,0.01,0.11,"[3, 3]",1.0,13,20
SL10,"[1, 22, 32, 34, 35]",2,1,[1],0,D_trend,S_gap,0.02,0.07,"[1, 8]",0.9090909090909091,3,12
SL11,"[1, 6, 11, 18, 22]",5,2,"[1, 18]",0,D_trend,S_trend,0.07,0.21,"[1, 4]",1.0,1,2
SL12,"[2, 19, 22, 32, 35]",6,0,[],0,D_trend,S_transition,0,0.07,"[3, 11]",0.9090909090909091,13,20
SL13,"[18, 22, 23, 24, 30]",2,1,[18],0,E_pairs,S_ensemble,0,0.02,"[13, 13]",0.0,3,12
SL14,"[5, 10, 20, 22, 32]",4,1,[5],0,E_pairs,S_random,0,0.05,"[14, 14]",0.0,3,12
SL15,"[3, 8, 12, 20, 32]",5,1,[8],0,E_pairs,S_long,0,0.08,"[15, 15]",0.0,3,12
SL16,"[6, 7, 18, 22, 29]",5,1,[18],0,F_structure,S_recent,0,0.15,"[1, 1]",1.0,3,12
SL17,"[6, 7, 18, 25, 28]",2,1,[18],0,F_structure,S_gap,0,0.06,"[2, 2]",1.0,3,12
SL18,"[6, 12, 18, 19, 29]",5,1,[18],0,F_structure,S_trend,0.02,0.14,"[3, 3]",1.0,3,12
SL19,"[10, 11, 16, 21, 22]",6,0,[],0,G_ensemble,S_transition,0,0.04,"[6, 19]",0.0,13,20
SL20,"[4, 6, 13, 17, 18]",2,1,[18],0,H_random,S_ensemble,0.04,0.02,"[12, 20]",0.0,3,12
