model,pool,winners,count,informative,random_mean
A_long,5,[],0,True,0.7142857142857143
A_long,7,[],0,True,1.0
A_long,8,[],0,True,1.1428571428571428
A_long,10,[],0,True,1.4285714285714286
A_long,12,[],0,True,1.7142857142857142
A_long,15,"[1, 5]",2,True,2.142857142857143
A_long,20,"[1, 5, 18]",3,True,2.857142857142857
B_recent,5,"[1, 18]",2,True,0.7142857142857143
B_recent,7,"[1, 18]",2,True,1.0
B_recent,8,"[1, 18]",2,True,1.1428571428571428
B_recent,10,"[1, 18]",2,True,1.4285714285714286
B_recent,12,"[1, 18]",2,True,1.7142857142857142
B_recent,15,"[1, 18]",2,True,2.142857142857143
B_recent,20,"[1, 5, 18]",3,True,2.857142857142857
C_gap,5,[],0,True,0.7142857142857143
C_gap,7,[],0,True,1.0
C_gap,8,[],0,True,1.1428571428571428
C_gap,10,[],0,True,1.4285714285714286
C_gap,12,"[8, 14]",2,True,1.7142857142857142
C_gap,15,"[8, 14]",2,True,2.142857142857143
C_gap,20,"[1, 8, 14]",3,True,2.857142857142857
D_trend,5,[1],1,True,0.7142857142857143
D_trend,7,"[1, 18]",2,True,1.0
D_trend,8,"[1, 18]",2,True,1.1428571428571428
D_trend,10,"[1, 18]",2,True,1.4285714285714286
D_trend,12,"[1, 18]",2,True,1.7142857142857142
D_trend,15,"[1, 18]",2,True,2.142857142857143
D_trend,20,"[1, 18]",2,True,2.857142857142857
E_pairs,5,,,False,0.7142857142857143
E_pairs,7,,,False,1.0
E_pairs,8,,,False,1.1428571428571428
E_pairs,10,,,False,1.4285714285714286
E_pairs,12,,,False,1.7142857142857142
E_pairs,15,,,False,2.142857142857143
E_pairs,20,,,False,2.857142857142857
F_structure,5,,,False,0.7142857142857143
F_structure,7,,,False,1.0
F_structure,8,,,False,1.1428571428571428
F_structure,10,,,False,1.4285714285714286
F_structure,12,,,False,1.7142857142857142
F_structure,15,,,False,2.142857142857143
F_structure,20,,,False,2.857142857142857
G_ensemble,5,[],0,False,0.7142857142857143
G_ensemble,7,[8],1,False,1.0
G_ensemble,8,"[5, 8]",2,False,1.1428571428571428
G_ensemble,10,"[5, 8]",2,False,1.4285714285714286
G_ensemble,12,"[5, 8]",2,False,1.7142857142857142
G_ensemble,15,"[5, 8]",2,False,2.142857142857143
G_ensemble,20,"[5, 8, 14]",3,False,2.857142857142857
H_random,5,"[1, 8]",2,True,0.7142857142857143
H_random,7,"[1, 8]",2,True,1.0
H_random,8,"[1, 8]",2,True,1.1428571428571428
H_random,10,"[1, 8]",2,True,1.4285714285714286
H_random,12,"[1, 8]",2,True,1.7142857142857142
H_random,15,"[1, 8, 14]",3,True,2.142857142857143
H_random,20,"[1, 8, 14]",3,True,2.857142857142857
