number,count,expected,deviation,ew_rate,current_gap,mean_gap,median_gap,gap_sd,gap_percentile,longest_absence,trend,short_long_ratio,volatility,complete_gaps,last100,last50,last30,last20,last10
1,28,25.57142857142857,2.4285714285714306,0.20268457455580782,2,5.222222222222222,3.0,6.210000206449478,0.48148148148148145,25,0.19999999999999998,1.9178571428571427,0.1193987242952026,"[25, 0, 0, 2, 7, 1, 4, 9, 3, 7, 0, 10, 0, 2, 10, 10, 1, 4, 2, 17, 4, 16, 1, 0, 1, 1, 4]",16,8,6,6,3
2,28,25.57142857142857,2.4285714285714306,0.14186928193385084,6,5.185185185185185,4.0,4.828099140504605,0.6296296296296297,18,0.125,1.2785714285714287,0.10878377652298193,"[16, 1, 0, 1, 11, 5, 8, 5, 0, 9, 0, 2, 10, 7, 2, 2, 7, 5, 0, 2, 9, 3, 9, 18, 2, 2, 4]",15,6,4,4,1
3,28,25.57142857142857,2.4285714285714306,0.16785441582223606,0,5.481481481481482,4.0,4.766633793443516,0.18518518518518517,19,-0.024999999999999994,0.9589285714285714,0.09150793638884733,"[7, 0, 8, 0, 9, 5, 0, 7, 8, 6, 3, 4, 8, 18, 3, 2, 3, 9, 4, 3, 0, 4, 8, 6, 19, 4, 0]",15,8,4,3,3
4,29,25.57142857142857,3.4285714285714306,0.1509846361744297,1,5.285714285714286,3.5,5.961960545405643,0.2857142857142857,22,0.0,0.9258620689655173,0.10814574300500139,"[4, 5, 2, 2, 6, 16, 9, 2, 5, 0, 4, 2, 13, 0, 0, 0, 2, 16, 3, 22, 1, 4, 1, 5, 7, 1, 0, 16]",16,9,5,3,1
5,27,25.57142857142857,1.4285714285714306,0.17218098492862027,2,5.769230769230769,2.5,6.101197864732415,0.5,20,-0.07500000000000001,0.9944444444444444,0.11939872429520258,"[20, 2, 19, 15, 3, 10, 2, 1, 1, 1, 5, 5, 6, 1, 13, 2, 4, 1, 12, 0, 0, 2, 2, 8, 14, 1]",19,9,4,3,2
6,31,25.57142857142857,5.428571428571431,0.14541121940763152,8,4.3,3.0,4.928103783054058,0.9,25,0.024999999999999994,0.8661290322580645,0.11129934075543824,"[2, 1, 1, 4, 2, 2, 1, 1, 2, 8, 4, 4, 0, 6, 6, 3, 11, 2, 4, 3, 3, 3, 25, 1, 13, 4, 3, 7, 0, 3]",14,8,5,3,1
7,25,25.57142857142857,-0.5714285714285694,0.0953335909935837,19,5.416666666666667,4.0,4.799607471872879,1.0,19,-0.075,0.35800000000000004,0.09150793638884733,"[15, 12, 3, 1, 11, 15, 5, 6, 5, 1, 3, 0, 1, 5, 0, 3, 2, 2, 12, 3, 9, 6, 10, 0]",17,5,2,1,0
8,24,25.57142857142857,-1.5714285714285694,0.12046748815058524,2,6.086956521739131,5.0,5.230270664630698,0.391304347826087,15,-0.04999999999999999,0.7458333333333333,0.10814574300500138,"[0, 12, 15, 4, 10, 2, 5, 0, 14, 7, 1, 1, 11, 1, 2, 5, 0, 6, 1, 8, 14, 14, 7]",15,5,3,2,1
9,26,25.57142857142857,0.4285714285714306,0.16873117150005815,3,5.84,4.0,6.066849814085286,0.48,27,0.05000000000000002,1.376923076923077,0.09150793638884733,"[10, 6, 9, 13, 2, 1, 1, 3, 27, 3, 5, 13, 4, 1, 1, 1, 2, 13, 2, 8, 0, 9, 1, 6, 5]",17,8,6,4,2
10,25,25.57142857142857,-0.5714285714285694,0.07756073565200514,14,5.583333333333333,4.0,5.182887114396735,0.9166666666666666,16,-0.075,0.35800000000000004,0.09150793638884733,"[0, 1, 2, 3, 5, 1, 2, 7, 0, 9, 1, 9, 12, 3, 10, 0, 5, 15, 13, 1, 16, 1, 6, 12]",10,4,2,1,0
11,32,25.57142857142857,6.428571428571431,0.2067321963509694,0,4.741935483870968,3.0,5.440390561565005,0.1935483870967742,26,0.15,1.3984375,0.1280678885710426,"[3, 4, 7, 2, 5, 1, 0, 4, 26, 0, 0, 11, 3, 0, 5, 4, 4, 12, 3, 1, 0, 0, 13, 3, 10, 5, 6, 10, 2, 1, 2]",19,9,6,5,4
12,33,25.57142857142857,7.428571428571431,0.1872457288068252,5,4.0,3.0,3.6808133743473324,0.6875,15,0.025000000000000022,1.084848484848485,0.10973387121280959,"[2, 1, 2, 2, 0, 10, 1, 0, 6, 7, 3, 0, 5, 4, 8, 15, 3, 5, 0, 3, 7, 7, 10, 5, 0, 1, 1, 1, 9, 2, 6, 2]",18,10,5,4,2
13,23,25.57142857142857,-2.5714285714285694,0.10791699100536549,12,6.545454545454546,3.5,9.16373428106828,0.8181818181818182,38,-0.07499999999999998,0.7782608695652175,0.11852612752711696,"[2, 4, 22, 3, 14, 5, 0, 2, 38, 2, 1, 1, 5, 6, 5, 1, 1, 7, 0, 4, 19, 2]",14,6,2,2,0
14,18,25.57142857142857,-7.571428571428569,0.1159365270160141,2,9.294117647058824,7.0,8.879503828215523,0.17647058823529413,35,0.04999999999999999,1.4916666666666665,0.07669649888473705,"[8, 19, 10, 4, 19, 5, 2, 4, 35, 0, 5, 0, 5, 17, 11, 7, 7]",10,5,3,3,1
15,26,25.57142857142857,0.4285714285714306,0.17878111494922944,0,5.88,4.0,5.37990086649683,0.08,20,0.05000000000000002,1.376923076923077,0.09557692240748188,"[2, 6, 13, 2, 4, 8, 1, 4, 3, 4, 5, 3, 9, 9, 8, 18, 13, 1, 2, 0, 7, 20, 1, 0, 4]",13,9,5,4,4
16,19,25.57142857142857,-6.571428571428569,0.12246086842177124,12,8.0,5.0,8.174566007548334,0.8333333333333334,30,-0.024999999999999994,0.9421052631578948,0.09629826790438177,"[4, 12, 12, 1, 14, 5, 12, 30, 4, 1, 5, 23, 7, 1, 4, 0, 9, 0]",11,7,5,2,0
17,35,25.57142857142857,9.42857142857143,0.10858623058498404,12,3.8823529411764706,2.0,4.436519970361379,0.9117647058823529,17,-0.12499999999999999,0.2557142857142857,0.14741134218990198,"[0, 1, 1, 2, 2, 0, 1, 4, 3, 13, 14, 2, 2, 7, 9, 2, 5, 2, 3, 0, 3, 0, 2, 2, 1, 1, 10, 3, 0, 1, 9, 17, 1, 9]",19,4,3,1,0
18,27,25.57142857142857,1.4285714285714306,0.25867314514026857,2,5.269230769230769,2.5,8.002787975737917,0.5,35,0.175,2.32037037037037,0.12860712417103204,"[5, 8, 0, 35, 1, 5, 2, 0, 0, 22, 13, 1, 7, 4, 10, 0, 5, 5, 0, 3, 1, 0, 0, 10, 0, 0]",17,13,9,7,3
19,15,25.57142857142857,-10.57142857142857,0.0649747620930904,13,9.714285714285714,6.0,11.964232409262916,0.7857142857142857,42,0.0,0.5966666666666668,0.0899826972986962,"[12, 1, 8, 4, 6, 29, 2, 14, 0, 0, 6, 42, 4, 8]",9,3,3,1,0
20,25,25.57142857142857,-0.5714285714285694,0.12368859195943215,4,5.541666666666667,4.0,5.9489068536684275,0.5416666666666666,26,-0.04999999999999999,0.7160000000000001,0.0973702668073344,"[26, 3, 0, 3, 5, 0, 4, 4, 7, 5, 2, 16, 2, 4, 1, 1, 3, 5, 6, 5, 0, 13, 6, 12]",15,6,3,2,1
21,22,25.57142857142857,-3.5714285714285694,0.14848558848519616,0,7.380952380952381,7.0,5.995633331652216,0.14285714285714285,24,0.04999999999999999,1.2204545454545455,0.0899826972986962,"[7, 24, 4, 0, 1, 5, 6, 3, 3, 9, 8, 16, 0, 10, 9, 13, 11, 7, 14, 5, 0]",11,6,4,3,3
22,30,25.57142857142857,4.428571428571431,0.1467356358348028,7,4.827586206896552,3.0,5.707569945239651,0.7586206896551724,26,0.04999999999999999,0.895,0.10814574300500139,"[3, 0, 6, 1, 3, 0, 7, 11, 3, 7, 1, 15, 1, 8, 5, 3, 2, 2, 2, 11, 1, 1, 2, 8, 26, 0, 10, 1, 0]",16,6,5,3,2
23,28,25.57142857142857,2.4285714285714306,0.19141816577946286,1,5.518518518518518,4.0,4.901886374498089,0.2962962962962963,17,0.1,1.5982142857142858,0.1143660123248446,"[1, 1, 14, 4, 1, 0, 2, 4, 9, 17, 4, 12, 14, 5, 7, 1, 6, 7, 1, 3, 3, 11, 12, 1, 5, 0, 4]",16,9,6,5,3
24,33,25.57142857142857,7.428571428571431,0.20356421634490174,6,4.15625,3.5,3.6817717947188275,0.8125,13,-0.12500000000000003,0.8136363636363636,0.1022243952763692,"[1, 5, 4, 5, 4, 6, 4, 4, 12, 1, 10, 1, 1, 11, 0, 8, 13, 3, 6, 9, 2, 0, 0, 2, 0, 2, 3, 2, 0, 5, 3, 6]",19,13,6,3,1
25,26,25.57142857142857,0.4285714285714306,0.15051724800373395,5,5.76,4.0,7.4289972405433025,0.72,29,-0.024999999999999994,1.0326923076923076,0.1143660123248446,"[0, 5, 1, 5, 10, 2, 8, 1, 5, 29, 1, 0, 4, 1, 1, 29, 5, 3, 6, 6, 4, 6, 3, 4, 5]",16,8,5,3,1
26,27,25.57142857142857,1.4285714285714306,0.11470082487700725,4,5.615384615384615,3.5,5.396865186953798,0.5769230769230769,21,-0.07499999999999998,0.662962962962963,0.09772498662256558,"[5, 1, 12, 6, 6, 2, 0, 3, 10, 11, 0, 3, 0, 4, 3, 21, 3, 11, 2, 2, 5, 4, 2, 2, 17, 11]",13,6,2,2,1
27,28,25.57142857142857,2.4285714285714306,0.15156767072611058,9,5.2592592592592595,3.0,5.8611668081770505,0.7777777777777778,24,-0.125,0.6392857142857143,0.13258150199511348,"[16, 6, 1, 13, 1, 14, 1, 6, 6, 3, 10, 4, 1, 2, 0, 3, 24, 2, 1, 0, 2, 1, 11, 1, 3, 6, 4]",17,10,5,2,1
28,20,25.57142857142857,-5.571428571428569,0.08786465888723302,4,8.052631578947368,7.0,6.501911549780541,0.3157894736842105,21,-0.05,0.44750000000000006,0.0831890330807703,"[11, 0, 16, 1, 13, 12, 0, 2, 6, 8, 8, 6, 6, 7, 11, 21, 3, 1, 21]",10,4,3,1,1
29,27,25.57142857142857,1.4285714285714306,0.1643645648696408,3,5.423076923076923,4.0,4.941036951273098,0.4230769230769231,17,0.05000000000000002,1.325925925925926,0.10910139406465534,"[8, 5, 2, 0, 1, 4, 6, 11, 3, 13, 8, 13, 2, 1, 17, 0, 4, 4, 2, 3, 9, 0, 15, 4, 0, 6]",16,8,4,4,1
30,22,25.57142857142857,-3.5714285714285694,0.12447054718390778,11,6.666666666666667,5.0,4.640402281411961,0.8095238095238095,16,-0.04999999999999999,0.8136363636363637,0.06655122646461624,"[3, 1, 5, 13, 12, 4, 1, 12, 11, 9, 3, 16, 2, 10, 11, 10, 3, 3, 4, 5, 2]",12,7,5,2,0
31,21,25.57142857142857,-4.571428571428569,0.1528529008557088,1,7.5,8.0,5.186013579051376,0.15,20,0.0,1.2785714285714285,0.058232323156539215,"[9, 7, 6, 0, 10, 10, 10, 3, 20, 3, 9, 13, 1, 7, 15, 9, 0, 11, 4, 3]",12,7,5,3,2
32,23,25.57142857142857,-2.5714285714285694,0.12347894498169583,9,6.363636363636363,5.0,6.012253000929531,0.7272727272727273,22,0.024999999999999994,1.1673913043478261,0.09665692191267637,"[2, 7, 0, 22, 0, 3, 5, 3, 14, 12, 12, 6, 0, 5, 12, 1, 7, 5, 16, 1, 0, 7]",13,6,4,3,1
33,23,25.57142857142857,-2.5714285714285694,0.11361594187944364,0,7.045454545454546,3.0,9.306819172890547,0.22727272727272727,39,-0.12499999999999999,0.3891304347826087,0.10154515589195334,"[0, 0, 39, 3, 3, 2, 12, 1, 8, 0, 2, 0, 7, 18, 11, 8, 0, 3, 8, 6, 2, 22]",13,7,3,1,1
34,22,25.57142857142857,-3.5714285714285694,0.09699611208899045,15,6.571428571428571,4.0,7.103319143692112,0.8095238095238095,20,-0.075,0.40681818181818186,0.1071815715193447,"[6, 19, 1, 3, 4, 7, 0, 14, 1, 8, 3, 3, 3, 20, 0, 20, 0, 18, 4, 0, 4]",11,6,4,1,0
35,19,25.57142857142857,-6.571428571428569,0.11129272375540629,3,8.0,4.5,9.190788227094242,0.4444444444444444,36,0.09999999999999999,1.4131578947368422,0.09701425001453319,"[5, 0, 2, 4, 8, 2, 10, 7, 2, 1, 2, 8, 19, 36, 19, 15, 1, 3]",6,5,4,3,3
