previous_number,next_number,trigger_draws,following_count,conditional_rate,unconditional_next_rate,p_enrichment,holm_p
1,1,33,9,0.2727272727272727,0.18333333333333332,0.11349766381001773,1.0
1,2,33,5,0.15151515151515152,0.17222222222222222,0.7185520888800193,1.0
1,3,33,5,0.15151515151515152,0.14444444444444443,0.5412879516438528,1.0
1,4,33,5,0.15151515151515152,0.18333333333333332,0.7752775665675983,1.0
1,5,33,2,0.06060606060606061,0.10555555555555556,0.9008170887625917,1.0
1,6,33,8,0.24242424242424243,0.17777777777777778,0.2020466156379149,1.0
1,7,33,5,0.15151515151515152,0.15,0.5802999610037731,1.0
1,8,33,4,0.12121212121212122,0.2111111111111111,0.9558395518492835,1.0
1,9,33,6,0.18181818181818182,0.1388888888888889,0.2941305024801005,1.0
1,10,33,6,0.18181818181818182,0.17777777777777778,0.5595616017179993,1.0
1,11,33,6,0.18181818181818182,0.15,0.36963511046020264,1.0
1,12,33,4,0.12121212121212122,0.17222222222222222,0.8698265626165519,1.0
1,13,33,7,0.21212121212121213,0.17777777777777778,0.36334193712134616,1.0
1,14,33,5,0.15151515151515152,0.15,0.5802999610037731,1.0
1,15,33,5,0.15151515151515152,0.17777777777777778,0.7479947716878008,1.0
1,16,33,4,0.12121212121212122,0.12777777777777777,0.6449972417211098,1.0
1,17,33,7,0.21212121212121213,0.14444444444444443,0.16959872860838976,1.0
1,18,33,10,0.30303030303030304,0.2111111111111111,0.11764155860533607,1.0
1,19,33,3,0.09090909090909091,0.1388888888888889,0.8812546751198707,1.0
1,20,33,3,0.09090909090909091,0.15555555555555556,0.9268046350196186,1.0
1,21,33,5,0.15151515151515152,0.12777777777777777,0.41757123346688585,1.0
1,22,33,2,0.06060606060606061,0.16111111111111112,0.9856829753845934,1.0
1,23,33,5,0.15151515151515152,0.12222222222222222,0.3753360698173822,1.0
1,24,33,8,0.24242424242424243,0.18333333333333332,0.23038228022284207,1.0
1,25,33,5,0.15151515151515152,0.17777777777777778,0.7479947716878008,1.0
1,26,33,1,0.030303030303030304,0.1388888888888889,0.9958303318620111,1.0
1,27,33,3,0.09090909090909091,0.12777777777777777,0.8390674354313808,1.0
1,28,33,4,0.12121212121212122,0.12222222222222222,0.6054448924595057,1.0
1,29,33,2,0.06060606060606061,0.12222222222222222,0.9427711434308385,1.0
1,30,33,5,0.15151515151515152,0.15555555555555556,0.617715571003697,1.0
1,31,33,9,0.2727272727272727,0.15,0.03290790496651289,1.0
1,32,33,9,0.2727272727272727,0.1388888888888889,0.019108020743033582,1.0
1,33,33,7,0.21212121212121213,0.19444444444444445,0.4710948702032647,1.0
1,34,33,3,0.09090909090909091,0.14444444444444443,0.898576349210021,1.0
1,35,33,5,0.15151515151515152,0.17777777777777778,0.7479947716878008,1.0
1,36,33,3,0.09090909090909091,0.1388888888888889,0.8812546751198707,1.0
1,37,33,5,0.15151515151515152,0.16666666666666666,0.6869743994810042,1.0
1,38,33,8,0.24242424242424243,0.2,0.32360539560602575,1.0
2,1,31,5,0.16129032258064516,0.18333333333333332,0.7185520888800193,1.0
2,2,31,2,0.06451612903225806,0.17222222222222222,0.9860091521634186,1.0
2,3,31,6,0.1935483870967742,0.14444444444444443,0.2733390914411144,1.0
2,4,31,3,0.0967741935483871,0.18333333333333332,0.9562691190374276,1.0
2,5,31,5,0.16129032258064516,0.10555555555555556,0.20875863712444273,1.0
2,6,31,3,0.0967741935483871,0.17777777777777778,0.9484107048173479,1.0
2,7,31,7,0.22580645161290322,0.15,0.15294254929228943,1.0
2,8,31,8,0.25806451612903225,0.2111111111111111,0.3136044617610612,1.0
2,9,31,1,0.03225806451612903,0.1388888888888889,0.9939713138094066,1.0
2,10,31,7,0.22580645161290322,0.17777777777777778,0.2956785696278965,1.0
2,11,31,6,0.1935483870967742,0.15,0.30773810348363584,1.0
2,12,31,11,0.3548387096774194,0.17222222222222222,0.0054916881003034355,1.0
2,13,31,5,0.16129032258064516,0.17777777777777778,0.6888881988385204,1.0
2,14,31,3,0.0967741935483871,0.15,0.8874906226508744,1.0
2,15,31,4,0.12903225806451613,0.17777777777777778,0.8514902627696995,1.0
2,16,31,2,0.06451612903225806,0.12777777777777777,0.9379928263810968,1.0
2,17,31,3,0.0967741935483871,0.14444444444444443,0.869780378283183,1.0
2,18,31,7,0.22580645161290322,0.2111111111111111,0.4960640944409317,1.0
2,19,31,4,0.12903225806451613,0.1388888888888889,0.6628402431397675,1.0
2,20,31,10,0.3225806451612903,0.15555555555555556,0.008225740324948784,1.0
2,21,31,1,0.03225806451612903,0.12777777777777777,0.9906251058933323,1.0
2,22,31,6,0.1935483870967742,0.16111111111111112,0.3789818043386716,1.0
2,23,31,6,0.1935483870967742,0.12222222222222222,0.15094418894221923,1.0
2,24,31,6,0.1935483870967742,0.18333333333333332,0.5227704146061267,1.0
2,25,31,5,0.16129032258064516,0.17777777777777778,0.6888881988385204,1.0
2,26,31,5,0.16129032258064516,0.1388888888888889,0.43790477923033677,1.0
2,27,31,6,0.1935483870967742,0.12777777777777777,0.17870724768346322,1.0
2,28,31,1,0.03225806451612903,0.12222222222222222,0.9883367459145397,1.0
2,29,31,5,0.16129032258064516,0.12222222222222222,0.3196581612928559,1.0
2,30,31,3,0.0967741935483871,0.15555555555555556,0.9031173088576605,1.0
2,31,31,6,0.1935483870967742,0.15,0.30773810348363584,1.0
2,32,31,1,0.03225806451612903,0.1388888888888889,0.9939713138094066,1.0
2,33,31,4,0.12903225806451613,0.19444444444444445,0.9010108562697196,1.0
2,34,31,4,0.12903225806451613,0.14444444444444443,0.6966135444657582,1.0
2,35,31,6,0.1935483870967742,0.17777777777777778,0.4873682638680757,1.0
2,36,31,4,0.12903225806451613,0.1388888888888889,0.6628402431397675,1.0
2,37,31,5,0.16129032258064516,0.16666666666666666,0.6241790537088487,1.0
2,38,31,10,0.3225806451612903,0.2,0.056054206719873344,1.0
3,1,26,3,0.11538461538461539,0.18333333333333332,0.898576349210021,1.0
3,2,26,4,0.15384615384615385,0.17222222222222222,0.6966135444657582,1.0
3,3,26,3,0.11538461538461539,0.14444444444444443,0.7678668094474024,1.0
3,4,26,7,0.2692307692307692,0.18333333333333332,0.16959872860838976,1.0
3,5,26,1,0.038461538461538464,0.10555555555555556,0.9566081467679466,1.0
3,6,26,3,0.11538461538461539,0.17777777777777778,0.884928969623842,1.0
3,7,26,7,0.2692307692307692,0.15,0.0673143966296346,1.0
3,8,26,9,0.34615384615384615,0.2111111111111111,0.06342693992858725,1.0
3,9,26,2,0.07692307692307693,0.1388888888888889,0.911158902381105,1.0
3,10,26,2,0.07692307692307693,0.17777777777777778,0.9690878104052798,1.0
3,11,26,3,0.11538461538461539,0.15,0.792058980981664,1.0
3,12,26,2,0.07692307692307693,0.17222222222222222,0.9638278828564397,1.0
3,13,26,5,0.19230769230769232,0.17777777777777778,0.5095003884616954,1.0
3,14,26,4,0.15384615384615385,0.15,0.5743294371733114,1.0
3,15,26,4,0.15384615384615385,0.17777777777777778,0.7233439953234817,1.0
3,16,26,3,0.11538461538461539,0.12777777777777777,0.6827622834510284,1.0
3,17,26,6,0.23076923076923078,0.14444444444444443,0.14649637518367792,1.0
3,18,26,8,0.3076923076923077,0.2111111111111111,0.14821294093466816,1.0
3,19,26,2,0.07692307692307693,0.1388888888888889,0.911158902381105,1.0
3,20,26,4,0.15384615384615385,0.15555555555555556,0.6070600221902532,1.0
3,21,26,6,0.23076923076923078,0.12777777777777777,0.08869135614676474,1.0
3,22,26,2,0.07692307692307693,0.16111111111111112,0.9507777682945593,1.0
3,23,26,1,0.038461538461538464,0.12222222222222222,0.9745108458531769,1.0
3,24,26,6,0.23076923076923078,0.18333333333333332,0.33149003464161353,1.0
3,25,26,4,0.15384615384615385,0.17777777777777778,0.7233439953234817,1.0
3,26,26,5,0.19230769230769232,0.1388888888888889,0.28049664658282825,1.0
3,27,26,2,0.07692307692307693,0.12777777777777777,0.8822336548912607,1.0
3,28,26,7,0.2692307692307692,0.12222222222222222,0.02202122415298373,1.0
3,29,26,2,0.07692307692307693,0.12222222222222222,0.864888318244284,1.0
3,30,26,6,0.23076923076923078,0.15555555555555556,0.1932554809302597,1.0
3,31,26,5,0.19230769230769232,0.15,0.3449654902606957,1.0
3,32,26,4,0.15384615384615385,0.1388888888888889,0.5052806516355156,1.0
3,33,26,7,0.2692307692307692,0.19444444444444445,0.21489001814721853,1.0
3,34,26,3,0.11538461538461539,0.14444444444444443,0.7678668094474024,1.0
3,35,26,4,0.15384615384615385,0.17777777777777778,0.7233439953234817,1.0
3,36,26,2,0.07692307692307693,0.1388888888888889,0.911158902381105,1.0
3,37,26,6,0.23076923076923078,0.16666666666666666,0.24552053556576692,1.0
3,38,26,2,0.07692307692307693,0.2,0.9838448681529084,1.0
4,1,32,6,0.1875,0.18333333333333332,0.5595616017179993,1.0
4,2,32,7,0.21875,0.17222222222222222,0.2956785696278965,1.0
4,3,32,5,0.15625,0.14444444444444443,0.5095003884616954,1.0
4,4,32,4,0.125,0.18333333333333332,0.8872311041778019,1.0
4,5,32,4,0.125,0.10555555555555556,0.4472830975230523,1.0
4,6,32,6,0.1875,0.17777777777777778,0.5238852990640621,1.0
4,7,32,4,0.125,0.15,0.7537723346397833,1.0
4,8,32,10,0.3125,0.2111111111111111,0.09763918563154562,1.0
4,9,32,5,0.15625,0.1388888888888889,0.4696070929356927,1.0
4,10,32,5,0.15625,0.17777777777777778,0.7194442913893457,1.0
4,11,32,2,0.0625,0.15,0.9745089513179541,1.0
4,12,32,6,0.1875,0.17222222222222222,0.4873682638680757,1.0
4,13,32,8,0.25,0.17777777777777778,0.17621711108895455,1.0
4,14,32,4,0.125,0.15,0.7537723346397833,1.0
4,15,32,12,0.375,0.17777777777777778,0.002667297899424722,1.0
4,16,32,1,0.03125,0.12777777777777777,0.9920722371983884,1.0
4,17,32,4,0.125,0.14444444444444443,0.7233439953234817,1.0
4,18,32,9,0.28125,0.2111111111111111,0.19972026149778638,1.0
4,19,32,5,0.15625,0.1388888888888889,0.4696070929356927,1.0
4,20,32,4,0.125,0.15555555555555556,0.7817395582760902,1.0
4,21,32,3,0.09375,0.12777777777777777,0.821424690548629,1.0
4,22,32,3,0.09375,0.16111111111111112,0.9281791116093211,1.0
4,23,32,1,0.03125,0.12222222222222222,0.9900588371217888,1.0
4,24,32,3,0.09375,0.18333333333333332,0.9634109826435958,1.0
4,25,32,7,0.21875,0.17777777777777778,0.3291277780188002,1.0
4,26,32,3,0.09375,0.1388888888888889,0.8662845495122617,1.0
4,27,32,6,0.1875,0.12777777777777777,0.2004647712607521,1.0
4,28,32,6,0.1875,0.12222222222222222,0.17019343410974153,1.0
4,29,32,5,0.15625,0.12222222222222222,0.34733681447491416,1.0
4,30,32,4,0.125,0.15555555555555556,0.7817395582760902,1.0
4,31,32,6,0.1875,0.15,0.33842550297226615,1.0
4,32,32,3,0.09375,0.1388888888888889,0.8662845495122617,1.0
4,33,32,5,0.15625,0.19444444444444445,0.7990147907163179,1.0
4,34,32,4,0.125,0.14444444444444443,0.7233439953234817,1.0
4,35,32,8,0.25,0.17777777777777778,0.17621711108895455,1.0
4,36,32,4,0.125,0.1388888888888889,0.6904449788832067,1.0
4,37,32,3,0.09375,0.16666666666666666,0.9390313071998334,1.0
4,38,32,7,0.21875,0.2,0.4678584240522282,1.0
5,1,19,6,0.3157894736842105,0.18333333333333332,0.10673574052877122,1.0
5,2,19,3,0.15789473684210525,0.17222222222222222,0.6730149865005385,1.0
5,3,19,3,0.15789473684210525,0.14444444444444443,0.5401376481751146,1.0
5,4,19,5,0.2631578947368421,0.18333333333333332,0.252055517866848,1.0
5,5,19,0,0.0,0.10555555555555556,0.9999999999999998,1.0
5,6,19,1,0.05263157894736842,0.17777777777777778,0.980583239599026,1.0
5,7,19,3,0.15789473684210525,0.15,0.5687126581686135,1.0
5,8,19,2,0.10526315789473684,0.2111111111111111,0.9427951757207146,1.0
5,9,19,1,0.05263157894736842,0.1388888888888889,0.9505460496252335,1.0
5,10,19,2,0.10526315789473684,0.17777777777777778,0.8897725448006238,1.0
5,11,19,6,0.3157894736842105,0.15,0.04382449368058435,1.0
5,12,19,2,0.10526315789473684,0.17222222222222222,0.8776846708269815,1.0
5,13,19,4,0.21052631578947367,0.17777777777777778,0.4472830975230523,1.0
5,14,19,0,0.0,0.15,1,1.0
5,15,19,2,0.10526315789473684,0.17777777777777778,0.8897725448006238,1.0
5,16,19,4,0.21052631578947367,0.12777777777777777,0.20924787972566172,1.0
5,17,19,6,0.3157894736842105,0.14444444444444443,0.03658823215705078,1.0
5,18,19,5,0.2631578947368421,0.2111111111111111,0.37004699768231325,1.0
5,19,19,4,0.21052631578947367,0.1388888888888889,0.2590568877138903,1.0
5,20,19,3,0.15789473684210525,0.15555555555555556,0.5963463737152679,1.0
5,21,19,2,0.10526315789473684,0.12777777777777777,0.7345191074489005,1.0
5,22,19,3,0.15789473684210525,0.16111111111111112,0.622973192744028,1.0
5,23,19,2,0.10526315789473684,0.12222222222222222,0.709748792027838,1.0
5,24,19,1,0.05263157894736842,0.18333333333333332,0.9830759318126645,1.0
5,25,19,3,0.15789473684210525,0.17777777777777778,0.6963665612223476,1.0
5,26,19,6,0.3157894736842105,0.1388888888888889,0.030204688849056353,1.0
5,27,19,6,0.3157894736842105,0.12777777777777777,0.019816105565495658,1.0
5,28,19,3,0.15789473684210525,0.12222222222222222,0.41830231483959285,1.0
5,29,19,3,0.15789473684210525,0.12222222222222222,0.41830231483959285,1.0
5,30,19,3,0.15789473684210525,0.15555555555555556,0.5963463737152679,1.0
5,31,19,5,0.2631578947368421,0.15,0.13263315783304164,1.0
5,32,19,2,0.10526315789473684,0.1388888888888889,0.7790816231433779,1.0
5,33,19,2,0.10526315789473684,0.19444444444444445,0.9200589722971143,1.0
5,34,19,3,0.15789473684210525,0.14444444444444443,0.5401376481751146,1.0
5,35,19,2,0.10526315789473684,0.17777777777777778,0.8897725448006238,1.0
5,36,19,0,0.0,0.1388888888888889,1,1.0
5,37,19,3,0.15789473684210525,0.16666666666666666,0.6485419924736319,1.0
5,38,19,3,0.15789473684210525,0.2,0.778407981986594,1.0
6,1,31,8,0.25806451612903225,0.18333333333333332,0.17540993907179958,1.0
6,2,31,5,0.16129032258064516,0.17222222222222222,0.6574007089993885,1.0
6,3,31,4,0.12903225806451613,0.14444444444444443,0.6966135444657582,1.0
6,4,31,4,0.12903225806451613,0.18333333333333332,0.8698265626165519,1.0
6,5,31,1,0.03225806451612903,0.10555555555555556,0.9777454053865756,1.0
6,6,31,7,0.22580645161290322,0.17777777777777778,0.2956785696278965,1.0
6,7,31,2,0.06451612903225806,0.15,0.9699348636728851,1.0
6,8,31,5,0.16129032258064516,0.2111111111111111,0.8385905866990522,1.0
6,9,31,7,0.22580645161290322,0.1388888888888889,0.10834816931651939,1.0
6,10,31,8,0.25806451612903225,0.17777777777777778,0.1521321396093292,1.0
6,11,31,7,0.22580645161290322,0.15,0.15294254929228943,1.0
6,12,31,2,0.06451612903225806,0.17222222222222222,0.9860091521634186,1.0
6,13,31,4,0.12903225806451613,0.17777777777777778,0.8514902627696995,1.0
6,14,31,5,0.16129032258064516,0.15,0.5155754909293596,1.0
6,15,31,5,0.16129032258064516,0.17777777777777778,0.6888881988385204,1.0
6,16,31,6,0.1935483870967742,0.12777777777777777,0.17870724768346322,1.0
6,17,31,4,0.12903225806451613,0.14444444444444443,0.6966135444657582,1.0
6,18,31,11,0.3548387096774194,0.2111111111111111,0.03187229249249426,1.0
6,19,31,3,0.0967741935483871,0.1388888888888889,0.849799589765788,1.0
6,20,31,2,0.06451612903225806,0.15555555555555556,0.9750746755817483,1.0
6,21,31,6,0.1935483870967742,0.12777777777777777,0.17870724768346322,1.0
6,22,31,6,0.1935483870967742,0.16111111111111112,0.3789818043386716,1.0
6,23,31,1,0.03225806451612903,0.12222222222222222,0.9883367459145397,1.0
6,24,31,7,0.22580645161290322,0.18333333333333332,0.3280585855468457,1.0
6,25,31,8,0.25806451612903225,0.17777777777777778,0.1521321396093292,1.0
6,26,31,3,0.0967741935483871,0.1388888888888889,0.849799589765788,1.0
6,27,31,3,0.0967741935483871,0.12777777777777777,0.8023002307636145,1.0
6,28,31,6,0.1935483870967742,0.12222222222222222,0.15094418894221923,1.0
6,29,31,4,0.12903225806451613,0.12222222222222222,0.5487759015221155,1.0
6,30,31,3,0.0967741935483871,0.15555555555555556,0.9031173088576605,1.0
6,31,31,4,0.12903225806451613,0.15,0.7280984233416539,1.0
6,32,31,6,0.1935483870967742,0.1388888888888889,0.24017081328204629,1.0
6,33,31,8,0.25806451612903225,0.19444444444444445,0.22677173010145504,1.0
6,34,31,2,0.06451612903225806,0.14444444444444443,0.9638278828564397,1.0
6,35,31,7,0.22580645161290322,0.17777777777777778,0.2956785696278965,1.0
6,36,31,4,0.12903225806451613,0.1388888888888889,0.6628402431397675,1.0
6,37,31,5,0.16129032258064516,0.16666666666666666,0.6241790537088487,1.0
6,38,31,3,0.0967741935483871,0.2,0.9738332151196025,1.0
7,1,27,6,0.2222222222222222,0.18333333333333332,0.36963511046020264,1.0
7,2,27,3,0.1111111111111111,0.17222222222222222,0.8874906226508744,1.0
7,3,27,4,0.14814814814814814,0.14444444444444443,0.5743294371733114,1.0
7,4,27,8,0.2962962962962963,0.18333333333333332,0.08850289812792515,1.0
7,5,27,0,0.0,0.10555555555555556,1,1.0
7,6,27,4,0.14814814814814814,0.17777777777777778,0.7537723346397833,1.0
7,7,27,3,0.1111111111111111,0.15,0.8150336893380647,1.0
7,8,27,6,0.2222222222222222,0.2111111111111111,0.5266001716037406,1.0
7,9,27,7,0.25925925925925924,0.1388888888888889,0.05504164450013303,1.0
7,10,27,7,0.25925925925925924,0.17777777777777778,0.17475937236623754,1.0
7,11,27,1,0.037037037037037035,0.15,0.9915531860939955,1.0
7,12,27,5,0.18518518518518517,0.17222222222222222,0.5155754909293596,1.0
7,13,27,9,0.3333333333333333,0.17777777777777778,0.02670456417448309,1.0
7,14,27,2,0.07407407407407407,0.15,0.9430671440666154,1.0
7,15,27,3,0.1111111111111111,0.17777777777777778,0.9013235489968494,1.0
7,16,27,3,0.1111111111111111,0.12777777777777777,0.7099629250110602,1.0
7,17,27,4,0.14814814814814814,0.14444444444444443,0.5743294371733114,1.0
7,18,27,7,0.25925925925925924,0.2111111111111111,0.33092880147600245,1.0
7,19,27,4,0.14814814814814814,0.1388888888888889,0.5390426761098324,1.0
7,20,27,8,0.2962962962962963,0.15555555555555556,0.034649562084803874,1.0
7,21,27,3,0.1111111111111111,0.12777777777777777,0.7099629250110602,1.0
7,22,27,6,0.2222222222222222,0.16111111111111112,0.24874624937320522,1.0
7,23,27,1,0.037037037037037035,0.12222222222222222,0.9781521535884373,1.0
7,24,27,7,0.25925925925925924,0.18333333333333332,0.19798226927655235,1.0
7,25,27,3,0.1111111111111111,0.17777777777777778,0.9013235489968494,1.0
7,26,27,4,0.14814814814814814,0.1388888888888889,0.5390426761098324,1.0
7,27,27,2,0.07407407407407407,0.12777777777777777,0.8960153132816768,1.0
7,28,27,2,0.07407407407407407,0.12222222222222222,0.8798368447364057,1.0
7,29,27,3,0.1111111111111111,0.12222222222222222,0.6780317370927619,1.0
7,30,27,5,0.18518518518518517,0.15555555555555556,0.4136520198174149,1.0
7,31,27,4,0.14814814814814814,0.15,0.6082613141304573,1.0
7,32,27,4,0.14814814814814814,0.1388888888888889,0.5390426761098324,1.0
7,33,27,4,0.14814814814814814,0.19444444444444445,0.8204158185411744,1.0
7,34,27,6,0.2222222222222222,0.14444444444444443,0.16911979762769033,1.0
7,35,27,1,0.037037037037037035,0.17777777777777778,0.9968459351529315,1.0
7,36,27,3,0.1111111111111111,0.1388888888888889,0.7669363413114696,1.0
7,37,27,3,0.1111111111111111,0.16666666666666666,0.8720655711048207,1.0
7,38,27,7,0.25925925925925924,0.2,0.27493808311370543,1.0
8,1,38,8,0.21052631578947367,0.18333333333333332,0.3903070096140561,1.0
8,2,38,10,0.2631578947368421,0.17222222222222222,0.07990791542248767,1.0
8,3,38,5,0.13157894736842105,0.14444444444444443,0.6860361028189352,1.0
8,4,38,9,0.23684210526315788,0.18333333333333332,0.2304997750824552,1.0
8,5,38,0,0.0,0.10555555555555556,1,1.0
8,6,38,8,0.21052631578947367,0.17777777777777778,0.35156586184881966,1.0
8,7,38,5,0.13157894736842105,0.15,0.722271541731479,1.0
8,8,38,6,0.15789473684210525,0.2111111111111111,0.872351493784475,1.0
8,9,38,3,0.07894736842105263,0.1388888888888889,0.9367328724898857,1.0
8,10,38,5,0.13157894736842105,0.17777777777777778,0.8608126633779906,1.0
8,11,38,8,0.21052631578947367,0.15,0.17695788727712622,1.0
8,12,38,5,0.13157894736842105,0.17222222222222222,0.8385905866990522,1.0
8,13,38,8,0.21052631578947367,0.17777777777777778,0.35156586184881966,1.0
8,14,38,8,0.21052631578947367,0.15,0.17695788727712622,1.0
8,15,38,7,0.18421052631578946,0.17777777777777778,0.5365235995667231,1.0
8,16,38,7,0.18421052631578946,0.12777777777777777,0.18185602613388116,1.0
8,17,38,6,0.15789473684210525,0.14444444444444443,0.4831176449086879,1.0
8,18,38,11,0.2894736842105263,0.2111111111111111,0.1345570658541938,1.0
8,19,38,4,0.10526315789473684,0.1388888888888889,0.8249112917733467,1.0
8,20,38,4,0.10526315789473684,0.15555555555555556,0.8918645166930033,1.0
8,21,38,4,0.10526315789473684,0.12777777777777777,0.7646009638131148,1.0
8,22,38,3,0.07894736842105263,0.16111111111111112,0.9718778677065155,1.0
8,23,38,5,0.13157894736842105,0.12222222222222222,0.5153145423263132,1.0
8,24,38,6,0.15789473684210525,0.18333333333333332,0.7503028766502965,1.0
8,25,38,8,0.21052631578947367,0.17777777777777778,0.35156586184881966,1.0
8,26,38,4,0.10526315789473684,0.1388888888888889,0.8249112917733467,1.0
8,27,38,4,0.10526315789473684,0.12777777777777777,0.7646009638131148,1.0
8,28,38,4,0.10526315789473684,0.12222222222222222,0.7292533179990915,1.0
8,29,38,7,0.18421052631578946,0.12222222222222222,0.1503716662472404,1.0
8,30,38,5,0.13157894736842105,0.15555555555555556,0.7556340941829267,1.0
8,31,38,5,0.13157894736842105,0.15,0.722271541731479,1.0
8,32,38,7,0.18421052631578946,0.1388888888888889,0.2525649421729216,1.0
8,33,38,9,0.23684210526315788,0.19444444444444445,0.29729088931917413,1.0
8,34,38,6,0.15789473684210525,0.14444444444444443,0.4831176449086879,1.0
8,35,38,4,0.10526315789473684,0.17777777777777778,0.9467131278511981,1.0
8,36,38,6,0.15789473684210525,0.1388888888888889,0.43878520754052847,1.0
8,37,38,6,0.15789473684210525,0.16666666666666666,0.6479911676199369,1.0
8,38,38,8,0.21052631578947367,0.2,0.507418564208829,1.0
9,1,25,2,0.08,0.18333333333333332,0.9678630455706225,1.0
9,2,25,7,0.28,0.17222222222222222,0.10834816931651939,1.0
9,3,25,1,0.04,0.14444444444444443,0.9851931503968511,1.0
9,4,25,4,0.16,0.18333333333333332,0.7165832934361744,1.0
9,5,25,2,0.08,0.10555555555555556,0.7790816231433779,1.0
9,6,25,2,0.08,0.17777777777777778,0.9626140534220919,1.0
9,7,25,6,0.24,0.15,0.14562624355121595,1.0
9,8,25,1,0.04,0.2111111111111111,0.9983814721211149,1.0
9,9,25,4,0.16,0.1388888888888889,0.4706984970120251,1.0
9,10,25,3,0.12,0.17777777777777778,0.8662845495122617,1.0
9,11,25,3,0.12,0.15,0.7669363413114696,1.0
9,12,25,2,0.08,0.17222222222222222,0.9565934594277279,1.0
9,13,25,3,0.12,0.17777777777777778,0.8662845495122617,1.0
9,14,25,3,0.12,0.15,0.7669363413114696,1.0
9,15,25,5,0.2,0.17777777777777778,0.4696070929356927,1.0
9,16,25,4,0.16,0.12777777777777777,0.3999042958340334,1.0
9,17,25,5,0.2,0.14444444444444443,0.28049664658282825,1.0
9,18,25,6,0.24,0.2111111111111111,0.43878520754052847,1.0
9,19,25,5,0.2,0.1388888888888889,0.25068889390362575,1.0
9,20,25,2,0.08,0.15555555555555556,0.9328771233421792,1.0
9,21,25,3,0.12,0.12777777777777777,0.6539064937822923,1.0
9,22,25,3,0.12,0.16111111111111112,0.8119177060240237,1.0
9,23,25,5,0.2,0.12222222222222222,0.1684468259860043,1.0
9,24,25,4,0.16,0.18333333333333332,0.7165832934361744,1.0
9,25,25,7,0.28,0.17777777777777778,0.12515776821145236,1.0
9,26,25,6,0.24,0.1388888888888889,0.10694928653947151,1.0
9,27,25,1,0.04,0.12777777777777777,0.9749948171344459,1.0
9,28,25,1,0.04,0.12222222222222222,0.9702945947912964,1.0
9,29,25,2,0.08,0.12222222222222222,0.8483694241585582,1.0
9,30,25,6,0.24,0.15555555555555556,0.16726320660441574,1.0
9,31,25,5,0.2,0.15,0.31114901090819463,1.0
9,32,25,3,0.12,0.1388888888888889,0.7143454954957068,1.0
9,33,25,2,0.08,0.19444444444444445,0.9763924743834077,1.0
9,34,25,4,0.16,0.14444444444444443,0.5052806516355156,1.0
9,35,25,9,0.36,0.17777777777777778,0.015317946424714825,1.0
9,36,25,5,0.2,0.1388888888888889,0.25068889390362575,1.0
9,37,25,5,0.2,0.16666666666666666,0.40601220407738664,1.0
9,38,25,9,0.36,0.2,0.034744472883531614,1.0
10,1,32,4,0.125,0.18333333333333332,0.8872311041778019,1.0
10,2,32,4,0.125,0.17222222222222222,0.8514902627696995,1.0
10,3,32,6,0.1875,0.14444444444444443,0.302055251726482,1.0
10,4,32,5,0.15625,0.18333333333333332,0.7479947716878008,1.0
10,5,32,1,0.03125,0.10555555555555556,0.980583239599026,1.0
10,6,32,7,0.21875,0.17777777777777778,0.3291277780188002,1.0
10,7,32,5,0.15625,0.15,0.5483810442547474,1.0
10,8,32,6,0.1875,0.2111111111111111,0.7185913726327845,1.0
10,9,32,5,0.15625,0.1388888888888889,0.4696070929356927,1.0
10,10,32,5,0.15625,0.17777777777777778,0.7194442913893457,1.0
10,11,32,5,0.15625,0.15,0.5483810442547474,1.0
10,12,32,7,0.21875,0.17222222222222222,0.2956785696278965,1.0
10,13,32,9,0.28125,0.17777777777777778,0.079877225170453,1.0
10,14,32,8,0.25,0.15,0.07502532402818884,1.0
10,15,32,6,0.1875,0.17777777777777778,0.5238852990640621,1.0
10,16,32,4,0.125,0.12777777777777777,0.6174304528418099,1.0
10,17,32,4,0.125,0.14444444444444443,0.7233439953234817,1.0
10,18,32,9,0.28125,0.2111111111111111,0.19972026149778638,1.0
10,19,32,4,0.125,0.1388888888888889,0.6904449788832067,1.0
10,20,32,5,0.15625,0.15555555555555556,0.5859689928219436,1.0
10,21,32,6,0.1875,0.12777777777777777,0.2004647712607521,1.0
10,22,32,5,0.15625,0.16111111111111112,0.6220319917213915,1.0
10,23,32,5,0.15625,0.12222222222222222,0.34733681447491416,1.0
10,24,32,5,0.15625,0.18333333333333332,0.7479947716878008,1.0
10,25,32,3,0.09375,0.17777777777777778,0.9564855391467051,1.0
10,26,32,5,0.15625,0.1388888888888889,0.4696070929356927,1.0
10,27,32,4,0.125,0.12777777777777777,0.6174304528418099,1.0
10,28,32,3,0.09375,0.12222222222222222,0.7948167464999133,1.0
10,29,32,4,0.125,0.12222222222222222,0.57755291395743,1.0
10,30,32,4,0.125,0.15555555555555556,0.7817395582760902,1.0
10,31,32,5,0.15625,0.15,0.5483810442547474,1.0
10,32,32,4,0.125,0.1388888888888889,0.6904449788832067,1.0
10,33,32,4,0.125,0.19444444444444445,0.9155817227773485,1.0
10,34,32,5,0.15625,0.14444444444444443,0.5095003884616954,1.0
10,35,32,7,0.21875,0.17777777777777778,0.3291277780188002,1.0
10,36,32,4,0.125,0.1388888888888889,0.6904449788832067,1.0
10,37,32,3,0.09375,0.16666666666666666,0.9390313071998334,1.0
10,38,32,7,0.21875,0.2,0.4678584240522282,1.0
11,1,27,4,0.14814814814814814,0.18333333333333332,0.7776995585895777,1.0
11,2,27,4,0.14814814814814814,0.17222222222222222,0.7280984233416539,1.0
11,3,27,5,0.18518518518518517,0.14444444444444443,0.3449654902606957,1.0
11,4,27,5,0.18518518518518517,0.18333333333333332,0.5802999610037731,1.0
11,5,27,2,0.07407407407407407,0.10555555555555556,0.8174160980885026,1.0
11,6,27,2,0.07407407407407407,0.17777777777777778,0.9745089513179541,1.0
11,7,27,7,0.25925925925925924,0.15,0.08119695131118763,1.0
11,8,27,3,0.1111111111111111,0.2111111111111111,0.9574775365141824,1.0
11,9,27,3,0.1111111111111111,0.1388888888888889,0.7669363413114696,1.0
11,10,27,6,0.2222222222222222,0.17777777777777778,0.33842550297226615,1.0
11,11,27,6,0.2222222222222222,0.15,0.19424061086097683,1.0
11,12,27,3,0.1111111111111111,0.17222222222222222,0.8874906226508744,1.0
11,13,27,5,0.18518518518518517,0.17777777777777778,0.5483810442547474,1.0
11,14,27,4,0.14814814814814814,0.15,0.6082613141304573,1.0
11,15,27,8,0.2962962962962963,0.17777777777777778,0.07502532402818884,1.0
11,16,27,3,0.1111111111111111,0.12777777777777777,0.7099629250110602,1.0
11,17,27,4,0.14814814814814814,0.14444444444444443,0.5743294371733114,1.0
11,18,27,3,0.1111111111111111,0.2111111111111111,0.9574775365141824,1.0
11,19,27,4,0.14814814814814814,0.1388888888888889,0.5390426761098324,1.0
11,20,27,4,0.14814814814814814,0.15555555555555556,0.6406961965159642,1.0
11,21,27,2,0.07407407407407407,0.12777777777777777,0.8960153132816768,1.0
11,22,27,2,0.07407407407407407,0.16111111111111112,0.9584458597627209,1.0
11,23,27,1,0.037037037037037035,0.12222222222222222,0.9781521535884373,1.0
11,24,27,5,0.18518518518518517,0.18333333333333332,0.5802999610037731,1.0
11,25,27,5,0.18518518518518517,0.17777777777777778,0.5483810442547474,1.0
11,26,27,4,0.14814814814814814,0.1388888888888889,0.5390426761098324,1.0
11,27,27,4,0.14814814814814814,0.12777777777777777,0.4651571509707748,1.0
11,28,27,3,0.1111111111111111,0.12222222222222222,0.6780317370927619,1.0
11,29,27,3,0.1111111111111111,0.12222222222222222,0.6780317370927619,1.0
11,30,27,5,0.18518518518518517,0.15555555555555556,0.4136520198174149,1.0
11,31,27,6,0.2222222222222222,0.15,0.19424061086097683,1.0
11,32,27,5,0.18518518518518517,0.1388888888888889,0.31114901090819463,1.0
11,33,27,9,0.3333333333333333,0.19444444444444445,0.04833189599413335,1.0
11,34,27,5,0.18518518518518517,0.14444444444444443,0.3449654902606957,1.0
11,35,27,5,0.18518518518518517,0.17777777777777778,0.5483810442547474,1.0
11,36,27,4,0.14814814814814814,0.1388888888888889,0.5390426761098324,1.0
11,37,27,5,0.18518518518518517,0.16666666666666666,0.4820533316639203,1.0
11,38,27,4,0.14814814814814814,0.2,0.8392943724034585,1.0
12,1,31,4,0.12903225806451613,0.18333333333333332,0.8698265626165519,1.0
12,2,31,8,0.25806451612903225,0.17222222222222222,0.13060017510654406,1.0
12,3,31,5,0.16129032258064516,0.14444444444444443,0.47708708584681825,1.0
12,4,31,8,0.25806451612903225,0.18333333333333332,0.17540993907179958,1.0
12,5,31,5,0.16129032258064516,0.10555555555555556,0.20875863712444273,1.0
12,6,31,7,0.22580645161290322,0.17777777777777778,0.2956785696278965,1.0
12,7,31,4,0.12903225806451613,0.15,0.7280984233416539,1.0
12,8,31,4,0.12903225806451613,0.2111111111111111,0.9359755697920471,1.0
12,9,31,5,0.16129032258064516,0.1388888888888889,0.43790477923033677,1.0
12,10,31,7,0.22580645161290322,0.17777777777777778,0.2956785696278965,1.0
12,11,31,3,0.0967741935483871,0.15,0.8874906226508744,1.0
12,12,31,10,0.3225806451612903,0.17222222222222222,0.018859658240947118,1.0
12,13,31,6,0.1935483870967742,0.17777777777777778,0.4873682638680757,1.0
12,14,31,3,0.0967741935483871,0.15,0.8874906226508744,1.0
12,15,31,6,0.1935483870967742,0.17777777777777778,0.4873682638680757,1.0
12,16,31,7,0.22580645161290322,0.12777777777777777,0.07228218917536118,1.0
12,17,31,0,0.0,0.14444444444444443,1,1.0
12,18,31,4,0.12903225806451613,0.2111111111111111,0.9359755697920471,1.0
12,19,31,5,0.16129032258064516,0.1388888888888889,0.43790477923033677,1.0
12,20,31,5,0.16129032258064516,0.15555555555555556,0.5530795378256468,1.0
12,21,31,5,0.16129032258064516,0.12777777777777777,0.3588111928510205,1.0
12,22,31,6,0.1935483870967742,0.16111111111111112,0.3789818043386716,1.0
12,23,31,2,0.06451612903225806,0.12222222222222222,0.9261934702404463,1.0
12,24,31,3,0.0967741935483871,0.18333333333333332,0.9562691190374276,1.0
12,25,31,3,0.0967741935483871,0.17777777777777778,0.9484107048173479,1.0
12,26,31,6,0.1935483870967742,0.1388888888888889,0.24017081328204629,1.0
12,27,31,3,0.0967741935483871,0.12777777777777777,0.8023002307636145,1.0
12,28,31,2,0.06451612903225806,0.12222222222222222,0.9261934702404463,1.0
12,29,31,5,0.16129032258064516,0.12222222222222222,0.3196581612928559,1.0
12,30,31,5,0.16129032258064516,0.15555555555555556,0.5530795378256468,1.0
12,31,31,5,0.16129032258064516,0.15,0.5155754909293596,1.0
12,32,31,4,0.12903225806451613,0.1388888888888889,0.6628402431397675,1.0
12,33,31,6,0.1935483870967742,0.19444444444444445,0.59104508907134,1.0
12,34,31,3,0.0967741935483871,0.14444444444444443,0.869780378283183,1.0
12,35,31,6,0.1935483870967742,0.17777777777777778,0.4873682638680757,1.0
12,36,31,4,0.12903225806451613,0.1388888888888889,0.6628402431397675,1.0
12,37,31,5,0.16129032258064516,0.16666666666666666,0.6241790537088487,1.0
12,38,31,7,0.22580645161290322,0.2,0.4286131148425997,1.0
13,1,32,9,0.28125,0.18333333333333332,0.09549990937345325,1.0
13,2,32,6,0.1875,0.17222222222222222,0.4873682638680757,1.0
13,3,32,2,0.0625,0.14444444444444443,0.9690878104052798,1.0
13,4,32,11,0.34375,0.18333333333333332,0.01292048370095429,1.0
13,5,32,3,0.09375,0.10555555555555556,0.6963665612223476,1.0
13,6,32,6,0.1875,0.17777777777777778,0.5238852990640621,1.0
13,7,32,10,0.3125,0.15,0.007871857769961865,1.0
13,8,32,8,0.25,0.2111111111111111,0.35156586184881966,1.0
13,9,32,4,0.125,0.1388888888888889,0.6904449788832067,1.0
13,10,32,2,0.0625,0.17777777777777778,0.9906510603980307,1.0
13,11,32,4,0.125,0.15,0.7537723346397833,1.0
13,12,32,4,0.125,0.17222222222222222,0.8514902627696995,1.0
13,13,32,4,0.125,0.17777777777777778,0.8703539729668923,1.0
13,14,32,6,0.1875,0.15,0.33842550297226615,1.0
13,15,32,2,0.0625,0.17777777777777778,0.9906510603980307,1.0
13,16,32,3,0.09375,0.12777777777777777,0.821424690548629,1.0
13,17,32,8,0.25,0.14444444444444443,0.060708061849313065,1.0
13,18,32,9,0.28125,0.2111111111111111,0.19972026149778638,1.0
13,19,32,4,0.125,0.1388888888888889,0.6904449788832067,1.0
13,20,32,3,0.09375,0.15555555555555556,0.9156736278833406,1.0
13,21,32,2,0.0625,0.12777777777777777,0.9457640354365947,1.0
13,22,32,5,0.15625,0.16111111111111112,0.6220319917213915,1.0
13,23,32,4,0.125,0.12222222222222222,0.57755291395743,1.0
13,24,32,6,0.1875,0.18333333333333332,0.5595616017179993,1.0
13,25,32,3,0.09375,0.17777777777777778,0.9564855391467051,1.0
13,26,32,7,0.21875,0.1388888888888889,0.12515776821145236,1.0
13,27,32,2,0.0625,0.12777777777777777,0.9457640354365947,1.0
13,28,32,3,0.09375,0.12222222222222222,0.7948167464999133,1.0
13,29,32,5,0.15625,0.12222222222222222,0.34733681447491416,1.0
13,30,32,1,0.03125,0.15555555555555556,0.9975056088464362,1.0
13,31,32,5,0.15625,0.15,0.5483810442547474,1.0
13,32,32,7,0.21875,0.1388888888888889,0.12515776821145236,1.0
13,33,32,7,0.21875,0.19444444444444445,0.4329737047547806,1.0
13,34,32,5,0.15625,0.14444444444444443,0.5095003884616954,1.0
13,35,32,7,0.21875,0.17777777777777778,0.3291277780188002,1.0
13,36,32,3,0.09375,0.1388888888888889,0.8662845495122617,1.0
13,37,32,6,0.1875,0.16666666666666666,0.4502670327248151,1.0
13,38,32,6,0.1875,0.2,0.6594560361935944,1.0
14,1,28,4,0.14285714285714285,0.18333333333333332,0.8043635565205578,1.0
14,2,28,6,0.21428571428571427,0.17222222222222222,0.3430568752064386,1.0
14,3,28,2,0.07142857142857142,0.14444444444444443,0.9427619789509746,1.0
14,4,28,5,0.17857142857142858,0.18333333333333332,0.617715571003697,1.0
14,5,28,5,0.17857142857142858,0.10555555555555556,0.1501728059108927,1.0
14,6,28,2,0.07142857142857142,0.17777777777777778,0.9790347454283093,1.0
14,7,28,3,0.10714285714285714,0.15,0.8359541884767168,1.0
14,8,28,7,0.25,0.2111111111111111,0.3718535324831111,1.0
14,9,28,4,0.14285714285714285,0.1388888888888889,0.571811699864316,1.0
14,10,28,4,0.14285714285714285,0.17777777777777778,0.7817395582760902,1.0
14,11,28,5,0.17857142857142858,0.15,0.4136520198174149,1.0
14,12,28,6,0.21428571428571427,0.17222222222222222,0.3430568752064386,1.0
14,13,28,4,0.14285714285714285,0.17777777777777778,0.7817395582760902,1.0
14,14,28,7,0.25,0.15,0.09671274771998221,1.0
14,15,28,3,0.10714285714285714,0.17777777777777778,0.9156736278833406,1.0
14,16,28,4,0.14285714285714285,0.12777777777777777,0.49715790574728275,1.0
14,17,28,5,0.17857142857142858,0.14444444444444443,0.37794592707166,1.0
14,18,28,7,0.25,0.2111111111111111,0.3718535324831111,1.0
14,19,28,2,0.07142857142857142,0.1388888888888889,0.9328771233421792,1.0
14,20,28,6,0.21428571428571427,0.15555555555555556,0.24982406486630465,1.0
14,21,28,3,0.10714285714285714,0.12777777777777777,0.7354995273227135,1.0
14,22,28,5,0.17857142857142858,0.16111111111111112,0.48453010387449547,1.0
14,23,28,5,0.17857142857142858,0.12222222222222222,0.24000972508699922,1.0
14,24,28,8,0.2857142857142857,0.18333333333333332,0.10710723570873763,1.0
14,25,28,3,0.10714285714285714,0.17777777777777778,0.9156736278833406,1.0
14,26,28,2,0.07142857142857142,0.1388888888888889,0.9328771233421792,1.0
14,27,28,5,0.17857142857142858,0.12777777777777777,0.27315262231172766,1.0
14,28,28,4,0.14285714285714285,0.12222222222222222,0.45820046514979484,1.0
14,29,28,5,0.17857142857142858,0.12222222222222222,0.24000972508699922,1.0
14,30,28,5,0.17857142857142858,0.15555555555555556,0.44926679263287356,1.0
14,31,28,2,0.07142857142857142,0.15,0.9513066021889152,1.0
14,32,28,6,0.21428571428571427,0.1388888888888889,0.16726320660441574,1.0
14,33,28,5,0.17857142857142858,0.19444444444444445,0.6772842990624187,1.0
14,34,28,3,0.10714285714285714,0.14444444444444443,0.8142588560366332,1.0
14,35,28,4,0.14285714285714285,0.17777777777777778,0.7817395582760902,1.0
14,36,28,3,0.10714285714285714,0.1388888888888889,0.7903512982851278,1.0
14,37,28,5,0.17857142857142858,0.16666666666666666,0.5192049148225485,1.0
14,38,28,4,0.14285714285714285,0.2,0.8616895196322464,1.0
15,1,32,5,0.15625,0.18333333333333332,0.7479947716878008,1.0
15,2,32,2,0.0625,0.17222222222222222,0.9885157153198233,1.0
15,3,32,7,0.21875,0.14444444444444443,0.14890239687118786,1.0
15,4,32,7,0.21875,0.18333333333333332,0.36334193712134616,1.0
15,5,32,2,0.0625,0.10555555555555556,0.8897725448006238,1.0
15,6,32,7,0.21875,0.17777777777777778,0.3291277780188002,1.0
15,7,32,5,0.15625,0.15,0.5483810442547474,1.0
15,8,32,7,0.21875,0.2111111111111111,0.5365235995667231,1.0
15,9,32,3,0.09375,0.1388888888888889,0.8662845495122617,1.0
15,10,32,2,0.0625,0.17777777777777778,0.9906510603980307,1.0
15,11,32,5,0.15625,0.15,0.5483810442547474,1.0
15,12,32,5,0.15625,0.17222222222222222,0.6888881988385204,1.0
15,13,32,4,0.125,0.17777777777777778,0.8703539729668923,1.0
15,14,32,2,0.0625,0.15,0.9745089513179541,1.0
15,15,32,4,0.125,0.17777777777777778,0.8703539729668923,1.0
15,16,32,4,0.125,0.12777777777777777,0.6174304528418099,1.0
15,17,32,8,0.25,0.14444444444444443,0.060708061849313065,1.0
15,18,32,6,0.1875,0.2111111111111111,0.7185913726327845,1.0
15,19,32,7,0.21875,0.1388888888888889,0.12515776821145236,1.0
15,20,32,3,0.09375,0.15555555555555556,0.9156736278833406,1.0
15,21,32,2,0.0625,0.12777777777777777,0.9457640354365947,1.0
15,22,32,7,0.21875,0.16111111111111112,0.23214769801967897,1.0
15,23,32,4,0.125,0.12222222222222222,0.57755291395743,1.0
15,24,32,10,0.3125,0.18333333333333332,0.038216733962452294,1.0
15,25,32,6,0.1875,0.17777777777777778,0.5238852990640621,1.0
15,26,32,6,0.1875,0.1388888888888889,0.2667122852214141,1.0
15,27,32,3,0.09375,0.12777777777777777,0.821424690548629,1.0
15,28,32,3,0.09375,0.12222222222222222,0.7948167464999133,1.0
15,29,32,5,0.15625,0.12222222222222222,0.34733681447491416,1.0
15,30,32,9,0.28125,0.15555555555555556,0.034284291210358496,1.0
15,31,32,6,0.1875,0.15,0.33842550297226615,1.0
15,32,32,2,0.0625,0.1388888888888889,0.9626140534220919,1.0
15,33,32,8,0.25,0.19444444444444445,0.2583424611288671,1.0
15,34,32,2,0.0625,0.14444444444444443,0.9690878104052798,1.0
15,35,32,6,0.1875,0.17777777777777778,0.5238852990640621,1.0
15,36,32,6,0.1875,0.1388888888888889,0.2667122852214141,1.0
15,37,32,6,0.1875,0.16666666666666666,0.4502670327248151,1.0
15,38,32,6,0.1875,0.2,0.6594560361935944,1.0
16,1,23,5,0.21739130434782608,0.18333333333333332,0.41757123346688585,1.0
16,2,23,2,0.08695652173913043,0.17222222222222222,0.9379928263810968,1.0
16,3,23,3,0.13043478260869565,0.14444444444444443,0.6827622834510284,1.0
16,4,23,2,0.08695652173913043,0.18333333333333332,0.9526476870498344,1.0
16,5,23,3,0.13043478260869565,0.10555555555555556,0.4496604801066824,1.0
16,6,23,2,0.08695652173913043,0.17777777777777778,0.9457640354365947,1.0
16,7,23,2,0.08695652173913043,0.15,0.8960153132816768,1.0
16,8,23,9,0.391304347826087,0.2111111111111111,0.02790494353857502,1.0
16,9,23,3,0.13043478260869565,0.1388888888888889,0.6539064937822923,1.0
16,10,23,2,0.08695652173913043,0.17777777777777778,0.9457640354365947,1.0
16,11,23,2,0.08695652173913043,0.15,0.8960153132816768,1.0
16,12,23,3,0.13043478260869565,0.17222222222222222,0.8023002307636145,1.0
16,13,23,3,0.13043478260869565,0.17777777777777778,0.821424690548629,1.0
16,14,23,3,0.13043478260869565,0.15,0.7099629250110602,1.0
16,15,23,5,0.21739130434782608,0.17777777777777778,0.3881346042566258,1.0
16,16,23,5,0.21739130434782608,0.12777777777777777,0.14798207369420166,1.0
16,17,23,4,0.17391304347826086,0.14444444444444443,0.43267877298864743,1.0
16,18,23,2,0.08695652173913043,0.2111111111111111,0.9766159029454511,1.0
16,19,23,1,0.043478260869565216,0.1388888888888889,0.9749948171344459,1.0
16,20,23,5,0.21739130434782608,0.15555555555555556,0.27315262231172766,1.0
16,21,23,4,0.17391304347826086,0.12777777777777777,0.33428251717131674,1.0
16,22,23,6,0.2608695652173913,0.16111111111111112,0.13874945225039456,1.0
16,23,23,3,0.13043478260869565,0.12222222222222222,0.5578430493438548,1.0
16,24,23,9,0.391304347826087,0.18333333333333332,0.010163445351801312,1.0
16,25,23,3,0.13043478260869565,0.17777777777777778,0.821424690548629,1.0
16,26,23,2,0.08695652173913043,0.1388888888888889,0.8668897032420123,1.0
16,27,23,5,0.21739130434782608,0.12777777777777777,0.14798207369420166,1.0
16,28,23,3,0.13043478260869565,0.12222222222222222,0.5578430493438548,1.0
16,29,23,4,0.17391304347826086,0.12222222222222222,0.30188244004486203,1.0
16,30,23,3,0.13043478260869565,0.15555555555555556,0.7354995273227135,1.0
16,31,23,6,0.2608695652173913,0.15,0.10399758780951832,1.0
16,32,23,5,0.21739130434782608,0.1388888888888889,0.1944613416111772,1.0
16,33,23,3,0.13043478260869565,0.19444444444444445,0.8701714206776772,1.0
16,34,23,5,0.21739130434782608,0.14444444444444443,0.21964467148365635,1.0
16,35,23,1,0.043478260869565216,0.17777777777777778,0.9920722371983884,1.0
16,36,23,3,0.13043478260869565,0.1388888888888889,0.6539064937822923,1.0
16,37,23,5,0.21739130434782608,0.16666666666666666,0.32976216943689846,1.0
16,38,23,2,0.08695652173913043,0.2,0.968824663178917,1.0
17,1,26,3,0.11538461538461539,0.18333333333333332,0.898576349210021,1.0
17,2,26,5,0.19230769230769232,0.17222222222222222,0.47708708584681825,1.0
17,3,26,2,0.07692307692307693,0.14444444444444443,0.9230999101255797,1.0
17,4,26,5,0.19230769230769232,0.18333333333333332,0.5412879516438528,1.0
17,5,26,2,0.07692307692307693,0.10555555555555556,0.7989936210573996,1.0
17,6,26,3,0.11538461538461539,0.17777777777777778,0.884928969623842,1.0
17,7,26,5,0.19230769230769232,0.15,0.3449654902606957,1.0
17,8,26,6,0.23076923076923078,0.2111111111111111,0.4831176449086879,1.0
17,9,26,8,0.3076923076923077,0.1388888888888889,0.013045124504336885,1.0
17,10,26,5,0.19230769230769232,0.17777777777777778,0.5095003884616954,1.0
17,11,26,2,0.07692307692307693,0.15,0.9335831844570932,1.0
17,12,26,5,0.19230769230769232,0.17222222222222222,0.47708708584681825,1.0
17,13,26,4,0.15384615384615385,0.17777777777777778,0.7233439953234817,1.0
17,14,26,1,0.038461538461538464,0.15,0.9897574067596482,1.0
17,15,26,5,0.19230769230769232,0.17777777777777778,0.5095003884616954,1.0
17,16,26,0,0.0,0.12777777777777777,1,1.0
17,17,26,3,0.11538461538461539,0.14444444444444443,0.7678668094474024,1.0
17,18,26,8,0.3076923076923077,0.2111111111111111,0.14821294093466816,1.0
17,19,26,7,0.2692307692307692,0.1388888888888889,0.045125799501125614,1.0
17,20,26,4,0.15384615384615385,0.15555555555555556,0.6070600221902532,1.0
17,21,26,4,0.15384615384615385,0.12777777777777777,0.43267877298864743,1.0
17,22,26,2,0.07692307692307693,0.16111111111111112,0.9507777682945593,1.0
17,23,26,1,0.038461538461538464,0.12222222222222222,0.9745108458531769,1.0
17,24,26,7,0.2692307692307692,0.18333333333333332,0.16959872860838976,1.0
17,25,26,7,0.2692307692307692,0.17777777777777778,0.14890239687118786,1.0
17,26,26,2,0.07692307692307693,0.1388888888888889,0.911158902381105,1.0
17,27,26,4,0.15384615384615385,0.12777777777777777,0.43267877298864743,1.0
17,28,26,4,0.15384615384615385,0.12222222222222222,0.3956293640312577,1.0
17,29,26,6,0.23076923076923078,0.12222222222222222,0.0729819454208539,1.0
17,30,26,5,0.19230769230769232,0.15555555555555556,0.37794592707166,1.0
17,31,26,3,0.11538461538461539,0.15,0.792058980981664,1.0
17,32,26,3,0.11538461538461539,0.1388888888888889,0.7416148229557323,1.0
17,33,26,4,0.15384615384615385,0.19444444444444445,0.7938230772172524,1.0
17,34,26,4,0.15384615384615385,0.14444444444444443,0.5403495931862571,1.0
17,35,26,7,0.2692307692307692,0.17777777777777778,0.14890239687118786,1.0
17,36,26,6,0.23076923076923078,0.1388888888888889,0.12549633265097523,1.0
17,37,26,1,0.038461538461538464,0.16666666666666666,0.9941657875574902,1.0
17,38,26,3,0.11538461538461539,0.2,0.9315895246190697,1.0
18,1,39,10,0.2564102564102564,0.18333333333333332,0.13671618674231398,1.0
18,2,39,5,0.1282051282051282,0.17222222222222222,0.8571074496815232,1.0
18,3,39,7,0.1794871794871795,0.14444444444444443,0.3180677724535218,1.0
18,4,39,8,0.20512820512820512,0.18333333333333332,0.42428692136361956,1.0
18,5,39,4,0.10256410256410256,0.10555555555555556,0.6258957404041388,1.0
18,6,39,5,0.1282051282051282,0.17777777777777778,0.8777507831332709,1.0
18,7,39,6,0.15384615384615385,0.15,0.5569154542995874,1.0
18,8,39,11,0.28205128205128205,0.2111111111111111,0.15729167407874764,1.0
18,9,39,7,0.1794871794871795,0.1388888888888889,0.27748173824323524,1.0
18,10,39,8,0.20512820512820512,0.17777777777777778,0.3841288438414082,1.0
18,11,39,8,0.20512820512820512,0.15,0.19864393153048915,1.0
18,12,39,6,0.15384615384615385,0.17222222222222222,0.7126759184182503,1.0
18,13,39,9,0.23076923076923078,0.17777777777777778,0.22538430662753847,1.0
18,14,39,7,0.1794871794871795,0.15,0.35986611677658353,1.0
18,15,39,5,0.1282051282051282,0.17777777777777778,0.8777507831332709,1.0
18,16,39,4,0.10256410256410256,0.12777777777777777,0.7847213843378376,1.0
18,17,39,7,0.1794871794871795,0.14444444444444443,0.3180677724535218,1.0
18,18,39,8,0.20512820512820512,0.2111111111111111,0.618695255071646,1.0
18,19,39,3,0.07692307692307693,0.1388888888888889,0.9446076316952756,1.0
18,20,39,5,0.1282051282051282,0.15555555555555556,0.7786589543254747,1.0
18,21,39,5,0.1282051282051282,0.12777777777777777,0.5885472842217908,1.0
18,22,39,6,0.15384615384615385,0.16111111111111112,0.6392373669886242,1.0
18,23,39,3,0.07692307692307693,0.12222222222222222,0.9003409022806284,1.0
18,24,39,5,0.1282051282051282,0.18333333333333332,0.8959232928900219,1.0
18,25,39,7,0.1794871794871795,0.17777777777777778,0.5698599523816357,1.0
18,26,39,6,0.15384615384615385,0.1388888888888889,0.4681131110491273,1.0
18,27,39,7,0.1794871794871795,0.12777777777777777,0.2019356200932747,1.0
18,28,39,6,0.15384615384615385,0.12222222222222222,0.3309053441407636,1.0
18,29,39,3,0.07692307692307693,0.12222222222222222,0.9003409022806284,1.0
18,30,39,6,0.15384615384615385,0.15555555555555556,0.5990650452135993,1.0
18,31,39,5,0.1282051282051282,0.15,0.7465886134126397,1.0
18,32,39,4,0.10256410256410256,0.1388888888888889,0.8422357620252047,1.0
18,33,39,12,0.3076923076923077,0.19444444444444445,0.04033887331940285,1.0
18,34,39,4,0.10256410256410256,0.14444444444444443,0.8660124543356725,1.0
18,35,39,4,0.10256410256410256,0.17777777777777778,0.9545945386761039,1.0
18,36,39,4,0.10256410256410256,0.1388888888888889,0.8422357620252047,1.0
18,37,39,5,0.1282051282051282,0.16666666666666666,0.8338120414132534,1.0
18,38,39,9,0.23076923076923078,0.2,0.3671789332329234,1.0
19,1,25,7,0.28,0.18333333333333332,0.14333030755732584,1.0
19,2,25,5,0.2,0.17222222222222222,0.43790477923033677,1.0
19,3,25,5,0.2,0.14444444444444443,0.28049664658282825,1.0
19,4,25,2,0.08,0.18333333333333332,0.9678630455706225,1.0
19,5,25,4,0.16,0.10555555555555556,0.2590568877138903,1.0
19,6,25,6,0.24,0.17777777777777778,0.2667122852214141,1.0
19,7,25,3,0.12,0.15,0.7669363413114696,1.0
19,8,25,4,0.16,0.2111111111111111,0.8249112917733467,1.0
19,9,25,2,0.08,0.1388888888888889,0.8981170501176143,1.0
19,10,25,4,0.16,0.17777777777777778,0.6904449788832067,1.0
19,11,25,5,0.2,0.15,0.31114901090819463,1.0
19,12,25,2,0.08,0.17222222222222222,0.9565934594277279,1.0
19,13,25,4,0.16,0.17777777777777778,0.6904449788832067,1.0
19,14,25,3,0.12,0.15,0.7669363413114696,1.0
19,15,25,6,0.24,0.17777777777777778,0.2667122852214141,1.0
19,16,25,4,0.16,0.12777777777777777,0.3999042958340334,1.0
19,17,25,2,0.08,0.14444444444444443,0.911158902381105,1.0
19,18,25,5,0.2,0.2111111111111111,0.64701332245158,1.0
19,19,25,4,0.16,0.1388888888888889,0.4706984970120251,1.0
19,20,25,5,0.2,0.15555555555555556,0.34242853358292913,1.0
19,21,25,0,0.0,0.12777777777777777,1,1.0
19,22,25,6,0.24,0.16111111111111112,0.19031127594369385,1.0
19,23,25,5,0.2,0.12222222222222222,0.1684468259860043,1.0
19,24,25,5,0.2,0.18333333333333332,0.5009421983741913,1.0
19,25,25,10,0.4,0.17777777777777778,0.003986007048731465,1.0
19,26,25,5,0.2,0.1388888888888889,0.25068889390362575,1.0
19,27,25,0,0.0,0.12777777777777777,1,1.0
19,28,25,2,0.08,0.12222222222222222,0.8483694241585582,1.0
19,29,25,2,0.08,0.12222222222222222,0.8483694241585582,1.0
19,30,25,5,0.2,0.15555555555555556,0.34242853358292913,1.0
19,31,25,3,0.12,0.15,0.7669363413114696,1.0
19,32,25,4,0.16,0.1388888888888889,0.4706984970120251,1.0
19,33,25,3,0.12,0.19444444444444445,0.9070340024207753,1.0
19,34,25,3,0.12,0.14444444444444443,0.7416148229557323,1.0
19,35,25,2,0.08,0.17777777777777778,0.9626140534220919,1.0
19,36,25,3,0.12,0.1388888888888889,0.7143454954957068,1.0
19,37,25,5,0.2,0.16666666666666666,0.40601220407738664,1.0
19,38,25,5,0.2,0.2,0.5912050378286099,1.0
20,1,28,6,0.21428571428571427,0.18333333333333332,0.40818815500412414,1.0
20,2,28,5,0.17857142857142858,0.17222222222222222,0.5530795378256468,1.0
20,3,28,3,0.10714285714285714,0.14444444444444443,0.8142588560366332,1.0
20,4,28,5,0.17857142857142858,0.18333333333333332,0.617715571003697,1.0
20,5,28,2,0.07142857142857142,0.10555555555555556,0.8344214615018283,1.0
20,6,28,3,0.10714285714285714,0.17777777777777778,0.9156736278833406,1.0
20,7,28,3,0.10714285714285714,0.15,0.8359541884767168,1.0
20,8,28,4,0.14285714285714285,0.2111111111111111,0.8918645166930033,1.0
20,9,28,4,0.14285714285714285,0.1388888888888889,0.571811699864316,1.0
20,10,28,7,0.25,0.17777777777777778,0.20257191743654301,1.0
20,11,28,5,0.17857142857142858,0.15,0.4136520198174149,1.0
20,12,28,3,0.10714285714285714,0.17222222222222222,0.9031173088576605,1.0
20,13,28,7,0.25,0.17777777777777778,0.20257191743654301,1.0
20,14,28,4,0.14285714285714285,0.15,0.6406961965159642,1.0
20,15,28,5,0.17857142857142858,0.17777777777777778,0.5859689928219436,1.0
20,16,28,4,0.14285714285714285,0.12777777777777777,0.49715790574728275,1.0
20,17,28,6,0.21428571428571427,0.14444444444444443,0.1932554809302597,1.0
20,18,28,4,0.14285714285714285,0.2111111111111111,0.8918645166930033,1.0
20,19,28,2,0.07142857142857142,0.1388888888888889,0.9328771233421792,1.0
20,20,28,3,0.10714285714285714,0.15555555555555556,0.855556559434345,1.0
20,21,28,6,0.21428571428571427,0.12777777777777777,0.12069529507797672,1.0
20,22,28,4,0.14285714285714285,0.16111111111111112,0.7026924560893302,1.0
20,23,28,5,0.17857142857142858,0.12222222222222222,0.24000972508699922,1.0
20,24,28,3,0.10714285714285714,0.18333333333333332,0.9268046350196186,1.0
20,25,28,3,0.10714285714285714,0.17777777777777778,0.9156736278833406,1.0
20,26,28,5,0.17857142857142858,0.1388888888888889,0.34242853358292913,1.0
20,27,28,6,0.21428571428571427,0.12777777777777777,0.12069529507797672,1.0
20,28,28,3,0.10714285714285714,0.12222222222222222,0.7044114897259183,1.0
20,29,28,2,0.07142857142857142,0.12222222222222222,0.8933311028141359,1.0
20,30,28,5,0.17857142857142858,0.15555555555555556,0.44926679263287356,1.0
20,31,28,6,0.21428571428571427,0.15,0.22083911899033898,1.0
20,32,28,5,0.17857142857142858,0.1388888888888889,0.34242853358292913,1.0
20,33,28,3,0.10714285714285714,0.19444444444444445,0.9452980692863883,1.0
20,34,28,4,0.14285714285714285,0.14444444444444443,0.6070600221902532,1.0
20,35,28,6,0.21428571428571427,0.17777777777777778,0.3754764808456452,1.0
20,36,28,6,0.21428571428571427,0.1388888888888889,0.16726320660441574,1.0
20,37,28,6,0.21428571428571427,0.16666666666666666,0.3111560491342297,1.0
20,38,28,5,0.17857142857142858,0.2,0.7049234890307302,1.0
21,1,24,4,0.16666666666666666,0.18333333333333332,0.6820807182262572,1.0
21,2,24,8,0.3333333333333333,0.17222222222222222,0.03112600185421161,1.0
21,3,24,3,0.125,0.14444444444444443,0.7132547223973059,1.0
21,4,24,5,0.20833333333333334,0.18333333333333332,0.4595798591953732,1.0
21,5,24,4,0.16666666666666666,0.10555555555555556,0.2337485268982498,1.0
21,6,24,5,0.20833333333333334,0.17777777777777778,0.429028131392837,1.0
21,7,24,5,0.20833333333333334,0.15,0.27804445743679884,1.0
21,8,24,4,0.16666666666666666,0.2111111111111111,0.7964476166818638,1.0
21,9,24,3,0.125,0.1388888888888889,0.6851078556776652,1.0
21,10,24,4,0.16666666666666666,0.17777777777777778,0.6551109171316044,1.0
21,11,24,1,0.041666666666666664,0.15,0.9850008536487578,1.0
21,12,24,7,0.2916666666666667,0.17222222222222222,0.08922885454289334,1.0
21,13,24,2,0.08333333333333333,0.17777777777777778,0.9549076931093055,1.0
21,14,24,2,0.08333333333333333,0.15,0.9102358779902591,1.0
21,15,24,6,0.25,0.17777777777777778,0.2327392011390233,1.0
21,16,24,2,0.08333333333333333,0.12777777777777777,0.8498510464852344,1.0
21,17,24,3,0.125,0.14444444444444443,0.7132547223973059,1.0
21,18,24,5,0.20833333333333334,0.2111111111111111,0.6053676994693696,1.0
21,19,24,3,0.125,0.1388888888888889,0.6851078556776652,1.0
21,20,24,5,0.20833333333333334,0.15555555555555556,0.3073954681872265,1.0
21,21,24,2,0.08333333333333333,0.12777777777777777,0.8498510464852344,1.0
21,22,24,2,0.08333333333333333,0.16111111111111112,0.9314435302480378,1.0
21,23,24,3,0.125,0.12222222222222222,0.589983690001963,1.0
21,24,24,5,0.20833333333333334,0.18333333333333332,0.4595798591953732,1.0
21,25,24,2,0.08333333333333333,0.17777777777777778,0.9549076931093055,1.0
21,26,24,3,0.125,0.1388888888888889,0.6851078556776652,1.0
21,27,24,2,0.08333333333333333,0.12777777777777777,0.8498510464852344,1.0
21,28,24,0,0.0,0.12222222222222222,0.9999999999999999,1.0
21,29,24,3,0.125,0.12222222222222222,0.589983690001963,1.0
21,30,24,7,0.2916666666666667,0.15555555555555556,0.053691756357411025,1.0
21,31,24,2,0.08333333333333333,0.15,0.9102358779902591,1.0
21,32,24,3,0.125,0.1388888888888889,0.6851078556776652,1.0
21,33,24,6,0.25,0.19444444444444445,0.3107897963488889,1.0
21,34,24,3,0.125,0.14444444444444443,0.7132547223973059,1.0
21,35,24,8,0.3333333333333333,0.17777777777777778,0.03775518638916188,1.0
21,36,24,4,0.16666666666666666,0.1388888888888889,0.43549696051468106,1.0
21,37,24,5,0.20833333333333334,0.16666666666666666,0.36774111389384656,1.0
21,38,24,3,0.125,0.2,0.9021932594120728,1.0
22,1,28,4,0.14285714285714285,0.18333333333333332,0.8043635565205578,1.0
22,2,28,5,0.17857142857142858,0.17222222222222222,0.5530795378256468,1.0
22,3,28,3,0.10714285714285714,0.14444444444444443,0.8142588560366332,1.0
22,4,28,7,0.25,0.18333333333333332,0.22827394713249066,1.0
22,5,28,4,0.14285714285714285,0.10555555555555556,0.33843169527982747,1.0
22,6,28,3,0.10714285714285714,0.17777777777777778,0.9156736278833406,1.0
22,7,28,3,0.10714285714285714,0.15,0.8359541884767168,1.0
22,8,28,5,0.17857142857142858,0.2111111111111111,0.7556340941829267,1.0
22,9,28,7,0.25,0.1388888888888889,0.06629071235614988,1.0
22,10,28,8,0.2857142857142857,0.17777777777777778,0.09132173715532096,1.0
22,11,28,2,0.07142857142857142,0.15,0.9513066021889152,1.0
22,12,28,8,0.2857142857142857,0.17222222222222222,0.07706237566908038,1.0
22,13,28,5,0.17857142857142858,0.17777777777777778,0.5859689928219436,1.0
22,14,28,2,0.07142857142857142,0.15,0.9513066021889152,1.0
22,15,28,5,0.17857142857142858,0.17777777777777778,0.5859689928219436,1.0
22,16,28,6,0.21428571428571427,0.12777777777777777,0.12069529507797672,1.0
22,17,28,5,0.17857142857142858,0.14444444444444443,0.37794592707166,1.0
22,18,28,5,0.17857142857142858,0.2111111111111111,0.7556340941829267,1.0
22,19,28,3,0.10714285714285714,0.1388888888888889,0.7903512982851278,1.0
22,20,28,2,0.07142857142857142,0.15555555555555556,0.9586719900931127,1.0
22,21,28,5,0.17857142857142858,0.12777777777777777,0.27315262231172766,1.0
22,22,28,6,0.21428571428571427,0.16111111111111112,0.280002898673088,1.0
22,23,28,2,0.07142857142857142,0.12222222222222222,0.8933311028141359,1.0
22,24,28,4,0.14285714285714285,0.18333333333333332,0.8043635565205578,1.0
22,25,28,6,0.21428571428571427,0.17777777777777778,0.3754764808456452,1.0
22,26,28,5,0.17857142857142858,0.1388888888888889,0.34242853358292913,1.0
22,27,28,2,0.07142857142857142,0.12777777777777777,0.9083626814323664,1.0
22,28,28,7,0.25,0.12222222222222222,0.03345582449421924,1.0
22,29,28,3,0.10714285714285714,0.12222222222222222,0.7044114897259183,1.0
22,30,28,2,0.07142857142857142,0.15555555555555556,0.9586719900931127,1.0
22,31,28,3,0.10714285714285714,0.15,0.8359541884767168,1.0
22,32,28,4,0.14285714285714285,0.1388888888888889,0.571811699864316,1.0
22,33,28,5,0.17857142857142858,0.19444444444444445,0.6772842990624187,1.0
22,34,28,3,0.10714285714285714,0.14444444444444443,0.8142588560366332,1.0
22,35,28,8,0.2857142857142857,0.17777777777777778,0.09132173715532096,1.0
22,36,28,2,0.07142857142857142,0.1388888888888889,0.9328771233421792,1.0
22,37,28,4,0.14285714285714285,0.16666666666666666,0.7309213085919117,1.0
22,38,28,5,0.17857142857142858,0.2,0.7049234890307302,1.0
23,1,22,2,0.09090909090909091,0.18333333333333332,0.9427711434308385,1.0
23,2,22,4,0.18181818181818182,0.17222222222222222,0.5487759015221155,1.0
23,3,22,2,0.09090909090909091,0.14444444444444443,0.864888318244284,1.0
23,4,22,1,0.045454545454545456,0.18333333333333332,0.9915365775496311,1.0
23,5,22,1,0.045454545454545456,0.10555555555555556,0.9271771162793859,1.0
23,6,22,8,0.36363636363636365,0.17777777777777778,0.02165790534123426,1.0
23,7,22,2,0.09090909090909091,0.15,0.8798368447364057,1.0
23,8,22,5,0.22727272727272727,0.2111111111111111,0.5153145423263132,1.0
23,9,22,4,0.18181818181818182,0.1388888888888889,0.3641750864039715,1.0
23,10,22,3,0.13636363636363635,0.17777777777777778,0.7948167464999133,1.0
23,11,22,4,0.18181818181818182,0.15,0.42703035942653833,1.0
23,12,22,2,0.09090909090909091,0.17222222222222222,0.9261934702404463,1.0
23,13,22,4,0.18181818181818182,0.17777777777777778,0.57755291395743,1.0
23,14,22,4,0.18181818181818182,0.15,0.42703035942653833,1.0
23,15,22,1,0.045454545454545456,0.17777777777777778,0.9900588371217888,1.0
23,16,22,5,0.22727272727272727,0.12777777777777777,0.1269453329700107,1.0
23,17,22,4,0.18181818181818182,0.14444444444444443,0.3956293640312577,1.0
23,18,22,5,0.22727272727272727,0.2111111111111111,0.5153145423263132,1.0
23,19,22,6,0.2727272727272727,0.1388888888888889,0.061221778974422325,1.0
23,20,22,4,0.18181818181818182,0.15555555555555556,0.45820046514979484,1.0
23,21,22,2,0.09090909090909091,0.12777777777777777,0.8101470785100048,1.0
23,22,22,5,0.22727272727272727,0.16111111111111112,0.2658481021996988,1.0
23,23,22,2,0.09090909090909091,0.12222222222222222,0.7882075977129487,1.0
23,24,22,4,0.18181818181818182,0.18333333333333332,0.6054448924595057,1.0
23,25,22,4,0.18181818181818182,0.17777777777777778,0.57755291395743,1.0
23,26,22,2,0.09090909090909091,0.1388888888888889,0.8483694241585582,1.0
23,27,22,3,0.13636363636363635,0.12777777777777777,0.5578430493438548,1.0
23,28,22,4,0.18181818181818182,0.12222222222222222,0.2714585953361922,1.0
23,29,22,1,0.045454545454545456,0.12222222222222222,0.9532760722812788,1.0
23,30,22,3,0.13636363636363635,0.15555555555555556,0.7044114897259183,1.0
23,31,22,3,0.13636363636363635,0.15,0.6780317370927619,1.0
23,32,22,1,0.045454545454545456,0.1388888888888889,0.9702945947912964,1.0
23,33,22,5,0.22727272727272727,0.19444444444444445,0.43172784894181204,1.0
23,34,22,5,0.22727272727272727,0.14444444444444443,0.19117655945389725,1.0
23,35,22,7,0.3181818181818182,0.17777777777777778,0.06753079321628921,1.0
23,36,22,3,0.13636363636363635,0.1388888888888889,0.6207757723107801,1.0
23,37,22,4,0.18181818181818182,0.16666666666666666,0.5192123221376951,1.0
23,38,22,3,0.13636363636363635,0.2,0.8624825413311398,1.0
24,1,34,5,0.14705882352941177,0.18333333333333332,0.8004099933780519,1.0
24,2,34,7,0.20588235294117646,0.17222222222222222,0.3611728421895806,1.0
24,3,34,4,0.11764705882352941,0.14444444444444443,0.7719435209409852,1.0
24,4,34,8,0.23529411764705882,0.18333333333333332,0.26023036646536346,1.0
24,5,34,8,0.23529411764705882,0.10555555555555556,0.01171499059911184,1.0
24,6,34,9,0.2647058823529412,0.17777777777777778,0.11289528998805923,1.0
24,7,34,5,0.14705882352941177,0.15,0.6111856123267224,1.0
24,8,34,9,0.2647058823529412,0.2111111111111111,0.263113496415435,1.0
24,9,34,5,0.14705882352941177,0.1388888888888889,0.5317480690973319,1.0
24,10,34,6,0.17647058823529413,0.17777777777777778,0.5941717757940851,1.0
24,11,34,4,0.11764705882352941,0.15,0.7999014180912921,1.0
24,12,34,10,0.29411764705882354,0.17222222222222222,0.037656566855967175,1.0
24,13,34,4,0.11764705882352941,0.17777777777777778,0.9022597876846591,1.0
24,14,34,4,0.11764705882352941,0.15,0.7999014180912921,1.0
24,15,34,8,0.23529411764705882,0.17777777777777778,0.2294777927609475,1.0
24,16,34,2,0.058823529411764705,0.12777777777777777,0.9587323433865371,1.0
24,17,34,3,0.08823529411764706,0.14444444444444443,0.9108311390425085,1.0
24,18,34,5,0.14705882352941177,0.2111111111111111,0.8979612608818337,1.0
24,19,34,3,0.08823529411764706,0.1388888888888889,0.8948056446461788,1.0
24,20,34,4,0.11764705882352941,0.15555555555555556,0.825186869190466,1.0
24,21,34,5,0.14705882352941177,0.12777777777777777,0.44696643181266993,1.0
24,22,34,5,0.14705882352941177,0.16111111111111112,0.683122558409579,1.0
24,23,34,5,0.14705882352941177,0.12222222222222222,0.40351266034498934,1.0
24,24,34,3,0.08823529411764706,0.18333333333333332,0.9746309207247708,1.0
24,25,34,8,0.23529411764705882,0.17777777777777778,0.2294777927609475,1.0
24,26,34,4,0.11764705882352941,0.1388888888888889,0.7412279900146869,1.0
24,27,34,3,0.08823529411764706,0.12777777777777777,0.8552931856625883,1.0
24,28,34,4,0.11764705882352941,0.12222222222222222,0.6323691900747744,1.0
24,29,34,7,0.20588235294117646,0.12222222222222222,0.09081030362296777,1.0
24,30,34,5,0.14705882352941177,0.15555555555555556,0.6481887114962456,1.0
24,31,34,5,0.14705882352941177,0.15,0.6111856123267224,1.0
24,32,34,2,0.058823529411764705,0.1388888888888889,0.9724291331284003,1.0
24,33,34,10,0.29411764705882354,0.19444444444444445,0.08556541024415543,1.0
24,34,34,3,0.08823529411764706,0.14444444444444443,0.9108311390425085,1.0
24,35,34,4,0.11764705882352941,0.17777777777777778,0.9022597876846591,1.0
24,36,34,7,0.20588235294117646,0.1388888888888889,0.16282148921401102,1.0
24,37,34,5,0.14705882352941177,0.16666666666666666,0.7158632075166971,1.0
24,38,34,6,0.17647058823529413,0.2,0.7252463709679088,1.0
25,1,32,7,0.21875,0.18333333333333332,0.36334193712134616,1.0
25,2,32,4,0.125,0.17222222222222222,0.8514902627696995,1.0
25,3,32,8,0.25,0.14444444444444443,0.060708061849313065,1.0
25,4,32,6,0.1875,0.18333333333333332,0.5595616017179993,1.0
25,5,32,6,0.1875,0.10555555555555556,0.09385348075569883,1.0
25,6,32,6,0.1875,0.17777777777777778,0.5238852990640621,1.0
25,7,32,3,0.09375,0.15,0.9013235489968494,1.0
25,8,32,6,0.1875,0.2111111111111111,0.7185913726327845,1.0
25,9,32,4,0.125,0.1388888888888889,0.6904449788832067,1.0
25,10,32,6,0.1875,0.17777777777777778,0.5238852990640621,1.0
25,11,32,4,0.125,0.15,0.7537723346397833,1.0
25,12,32,2,0.0625,0.17222222222222222,0.9885157153198233,1.0
25,13,32,3,0.09375,0.17777777777777778,0.9564855391467051,1.0
25,14,32,10,0.3125,0.15,0.007871857769961865,1.0
25,15,32,7,0.21875,0.17777777777777778,0.3291277780188002,1.0
25,16,32,2,0.0625,0.12777777777777777,0.9457640354365947,1.0
25,17,32,0,0.0,0.14444444444444443,1,1.0
25,18,32,9,0.28125,0.2111111111111111,0.19972026149778638,1.0
25,19,32,5,0.15625,0.1388888888888889,0.4696070929356927,1.0
25,20,32,3,0.09375,0.15555555555555556,0.9156736278833406,1.0
25,21,32,6,0.1875,0.12777777777777777,0.2004647712607521,1.0
25,22,32,5,0.15625,0.16111111111111112,0.6220319917213915,1.0
25,23,32,7,0.21875,0.12222222222222222,0.06753079321628921,1.0
25,24,32,6,0.1875,0.18333333333333332,0.5595616017179993,1.0
25,25,32,5,0.15625,0.17777777777777778,0.7194442913893457,1.0
25,26,32,1,0.03125,0.1388888888888889,0.9949828383380296,1.0
25,27,32,4,0.125,0.12777777777777777,0.6174304528418099,1.0
25,28,32,3,0.09375,0.12222222222222222,0.7948167464999133,1.0
25,29,32,4,0.125,0.12222222222222222,0.57755291395743,1.0
25,30,32,6,0.1875,0.15555555555555556,0.3754764808456452,1.0
25,31,32,4,0.125,0.15,0.7537723346397833,1.0
25,32,32,3,0.09375,0.1388888888888889,0.8662845495122617,1.0
25,33,32,12,0.375,0.19444444444444445,0.006687766741546893,1.0
25,34,32,3,0.09375,0.14444444444444443,0.884928969623842,1.0
25,35,32,6,0.1875,0.17777777777777778,0.5238852990640621,1.0
25,36,32,4,0.125,0.1388888888888889,0.6904449788832067,1.0
25,37,32,6,0.1875,0.16666666666666666,0.4502670327248151,1.0
25,38,32,6,0.1875,0.2,0.6594560361935944,1.0
26,1,25,2,0.08,0.18333333333333332,0.9678630455706225,1.0
26,2,25,3,0.12,0.17222222222222222,0.849799589765788,1.0
26,3,25,4,0.16,0.14444444444444443,0.5052806516355156,1.0
26,4,25,6,0.24,0.18333333333333332,0.2941305024801005,1.0
26,5,25,2,0.08,0.10555555555555556,0.7790816231433779,1.0
26,6,25,7,0.28,0.17777777777777778,0.12515776821145236,1.0
26,7,25,7,0.28,0.15,0.05504164450013303,1.0
26,8,25,6,0.24,0.2111111111111111,0.43878520754052847,1.0
26,9,25,1,0.04,0.1388888888888889,0.9823456793193219,1.0
26,10,25,3,0.12,0.17777777777777778,0.8662845495122617,1.0
26,11,25,3,0.12,0.15,0.7669363413114696,1.0
26,12,25,4,0.16,0.17222222222222222,0.6628402431397675,1.0
26,13,25,3,0.12,0.17777777777777778,0.8662845495122617,1.0
26,14,25,6,0.24,0.15,0.14562624355121595,1.0
26,15,25,5,0.2,0.17777777777777778,0.4696070929356927,1.0
26,16,25,3,0.12,0.12777777777777777,0.6539064937822923,1.0
26,17,25,4,0.16,0.14444444444444443,0.5052806516355156,1.0
26,18,25,1,0.04,0.2111111111111111,0.9983814721211149,1.0
26,19,25,5,0.2,0.1388888888888889,0.25068889390362575,1.0
26,20,25,3,0.12,0.15555555555555556,0.7903512982851278,1.0
26,21,25,5,0.2,0.12777777777777777,0.1944613416111772,1.0
26,22,25,4,0.16,0.16111111111111112,0.6034424312146964,1.0
26,23,25,4,0.16,0.12222222222222222,0.3641750864039715,1.0
26,24,25,5,0.2,0.18333333333333332,0.5009421983741913,1.0
26,25,25,2,0.08,0.17777777777777778,0.9626140534220919,1.0
26,26,25,2,0.08,0.1388888888888889,0.8981170501176143,1.0
26,27,25,5,0.2,0.12777777777777777,0.1944613416111772,1.0
26,28,25,2,0.08,0.12222222222222222,0.8483694241585582,1.0
26,29,25,3,0.12,0.12222222222222222,0.6207757723107801,1.0
26,30,25,2,0.08,0.15555555555555556,0.9328771233421792,1.0
26,31,25,3,0.12,0.15,0.7669363413114696,1.0
26,32,25,4,0.16,0.1388888888888889,0.4706984970120251,1.0
26,33,25,4,0.16,0.19444444444444445,0.7643698283838156,1.0
26,34,25,4,0.16,0.14444444444444443,0.5052806516355156,1.0
26,35,25,4,0.16,0.17777777777777778,0.6904449788832067,1.0
26,36,25,7,0.28,0.1388888888888889,0.03648869469429788,1.0
26,37,25,5,0.2,0.16666666666666666,0.40601220407738664,1.0
26,38,25,7,0.28,0.2,0.20550560369132354,1.0
27,1,23,3,0.13043478260869565,0.18333333333333332,0.8390674354313808,1.0
27,2,23,2,0.08695652173913043,0.17222222222222222,0.9379928263810968,1.0
27,3,23,4,0.17391304347826086,0.14444444444444443,0.43267877298864743,1.0
27,4,23,3,0.13043478260869565,0.18333333333333332,0.8390674354313808,1.0
27,5,23,3,0.13043478260869565,0.10555555555555556,0.4496604801066824,1.0
27,6,23,5,0.21739130434782608,0.17777777777777778,0.3881346042566258,1.0
27,7,23,5,0.21739130434782608,0.15,0.24592809959141498,1.0
27,8,23,7,0.30434782608695654,0.2111111111111111,0.18185602613388116,1.0
27,9,23,2,0.08695652173913043,0.1388888888888889,0.8668897032420123,1.0
27,10,23,7,0.30434782608695654,0.17777777777777778,0.08442464551521174,1.0
27,11,23,2,0.08695652173913043,0.15,0.8960153132816768,1.0
27,12,23,4,0.17391304347826086,0.17222222222222222,0.5887684717686618,1.0
27,13,23,6,0.2608695652173913,0.17777777777777778,0.2004647712607521,1.0
27,14,23,4,0.17391304347826086,0.15,0.4651571509707748,1.0
27,15,23,2,0.08695652173913043,0.17777777777777778,0.9457640354365947,1.0
27,16,23,2,0.08695652173913043,0.12777777777777777,0.8309823117805069,1.0
27,17,23,1,0.043478260869565216,0.14444444444444443,0.9787052636241732,1.0
27,18,23,5,0.21739130434782608,0.2111111111111111,0.5613520003824807,1.0
27,19,23,2,0.08695652173913043,0.1388888888888889,0.8668897032420123,1.0
27,20,23,6,0.2608695652173913,0.15555555555555556,0.12069529507797672,1.0
27,21,23,4,0.17391304347826086,0.12777777777777777,0.33428251717131674,1.0
27,22,23,6,0.2608695652173913,0.16111111111111112,0.13874945225039456,1.0
27,23,23,4,0.17391304347826086,0.12222222222222222,0.30188244004486203,1.0
27,24,23,3,0.13043478260869565,0.18333333333333332,0.8390674354313808,1.0
27,25,23,3,0.13043478260869565,0.17777777777777778,0.821424690548629,1.0
27,26,23,5,0.21739130434782608,0.1388888888888889,0.1944613416111772,1.0
27,27,23,2,0.08695652173913043,0.12777777777777777,0.8309823117805069,1.0
27,28,23,5,0.21739130434782608,0.12222222222222222,0.1269453329700107,1.0
27,29,23,3,0.13043478260869565,0.12222222222222222,0.5578430493438548,1.0
27,30,23,3,0.13043478260869565,0.15555555555555556,0.7354995273227135,1.0
27,31,23,2,0.08695652173913043,0.15,0.8960153132816768,1.0
27,32,23,2,0.08695652173913043,0.1388888888888889,0.8668897032420123,1.0
27,33,23,6,0.2608695652173913,0.19444444444444445,0.27172272879780407,1.0
27,34,23,2,0.08695652173913043,0.14444444444444443,0.8822336548912607,1.0
27,35,23,1,0.043478260869565216,0.17777777777777778,0.9920722371983884,1.0
27,36,23,3,0.13043478260869565,0.1388888888888889,0.6539064937822923,1.0
27,37,23,6,0.2608695652173913,0.16666666666666666,0.15810884926254018,1.0
27,38,23,3,0.13043478260869565,0.2,0.8837748225984737,1.0
28,1,22,5,0.22727272727272727,0.18333333333333332,0.3753360698173822,1.0
28,2,22,4,0.18181818181818182,0.17222222222222222,0.5487759015221155,1.0
28,3,22,5,0.22727272727272727,0.14444444444444443,0.19117655945389725,1.0
28,4,22,5,0.22727272727272727,0.18333333333333332,0.3753360698173822,1.0
28,5,22,2,0.09090909090909091,0.10555555555555556,0.709748792027838,1.0
28,6,22,4,0.18181818181818182,0.17777777777777778,0.57755291395743,1.0
28,7,22,1,0.045454545454545456,0.15,0.9781521535884373,1.0
28,8,22,3,0.13636363636363635,0.2111111111111111,0.8888226905309682,1.0
28,9,22,0,0.0,0.1388888888888889,1,1.0
28,10,22,4,0.18181818181818182,0.17777777777777778,0.57755291395743,1.0
28,11,22,1,0.045454545454545456,0.15,0.9781521535884373,1.0
28,12,22,7,0.3181818181818182,0.17222222222222222,0.05749609899362094,1.0
28,13,22,3,0.13636363636363635,0.17777777777777778,0.7948167464999133,1.0
28,14,22,2,0.09090909090909091,0.15,0.8798368447364057,1.0
28,15,22,2,0.09090909090909091,0.17777777777777778,0.9349519184898151,1.0
28,16,22,2,0.09090909090909091,0.12777777777777777,0.8101470785100048,1.0
28,17,22,3,0.13636363636363635,0.14444444444444443,0.6501426951298482,1.0
28,18,22,3,0.13636363636363635,0.2111111111111111,0.8888226905309682,1.0
28,19,22,1,0.045454545454545456,0.1388888888888889,0.9702945947912964,1.0
28,20,22,3,0.13636363636363635,0.15555555555555556,0.7044114897259183,1.0
28,21,22,4,0.18181818181818182,0.12777777777777777,0.30188244004486203,1.0
28,22,22,6,0.2727272727272727,0.16111111111111112,0.11598551494604165,1.0
28,23,22,5,0.22727272727272727,0.12222222222222222,0.1083650563800731,1.0
28,24,22,3,0.13636363636363635,0.18333333333333332,0.8137539319039543,1.0
28,25,22,4,0.18181818181818182,0.17777777777777778,0.57755291395743,1.0
28,26,22,2,0.09090909090909091,0.1388888888888889,0.8483694241585582,1.0
28,27,22,5,0.22727272727272727,0.12777777777777777,0.1269453329700107,1.0
28,28,22,4,0.18181818181818182,0.12222222222222222,0.2714585953361922,1.0
28,29,22,3,0.13636363636363635,0.12222222222222222,0.5244568829135515,1.0
28,30,22,3,0.13636363636363635,0.15555555555555556,0.7044114897259183,1.0
28,31,22,2,0.09090909090909091,0.15,0.8798368447364057,1.0
28,32,22,4,0.18181818181818182,0.1388888888888889,0.3641750864039715,1.0
28,33,22,4,0.18181818181818182,0.19444444444444445,0.6582583953822535,1.0
28,34,22,4,0.18181818181818182,0.14444444444444443,0.3956293640312577,1.0
28,35,22,4,0.18181818181818182,0.17777777777777778,0.57755291395743,1.0
28,36,22,4,0.18181818181818182,0.1388888888888889,0.3641750864039715,1.0
28,37,22,6,0.2727272727272727,0.16666666666666666,0.13285746185539374,1.0
28,38,22,5,0.22727272727272727,0.2,0.4598488822930394,1.0
29,1,22,7,0.3181818181818182,0.18333333333333332,0.07862945709666241,1.0
29,2,22,4,0.18181818181818182,0.17222222222222222,0.5487759015221155,1.0
29,3,22,4,0.18181818181818182,0.14444444444444443,0.3956293640312577,1.0
29,4,22,5,0.22727272727272727,0.18333333333333332,0.3753360698173822,1.0
29,5,22,3,0.13636363636363635,0.10555555555555556,0.41830231483959285,1.0
29,6,22,8,0.36363636363636365,0.17777777777777778,0.02165790534123426,1.0
29,7,22,2,0.09090909090909091,0.15,0.8798368447364057,1.0
29,8,22,5,0.22727272727272727,0.2111111111111111,0.5153145423263132,1.0
29,9,22,2,0.09090909090909091,0.1388888888888889,0.8483694241585582,1.0
29,10,22,3,0.13636363636363635,0.17777777777777778,0.7948167464999133,1.0
29,11,22,2,0.09090909090909091,0.15,0.8798368447364057,1.0
29,12,22,3,0.13636363636363635,0.17222222222222222,0.7744482621990557,1.0
29,13,22,4,0.18181818181818182,0.17777777777777778,0.57755291395743,1.0
29,14,22,0,0.0,0.15,0.9999999999999999,1.0
29,15,22,7,0.3181818181818182,0.17777777777777778,0.06753079321628921,1.0
29,16,22,4,0.18181818181818182,0.12777777777777777,0.30188244004486203,1.0
29,17,22,3,0.13636363636363635,0.14444444444444443,0.6501426951298482,1.0
29,18,22,5,0.22727272727272727,0.2111111111111111,0.5153145423263132,1.0
29,19,22,5,0.22727272727272727,0.1388888888888889,0.1684468259860043,1.0
29,20,22,0,0.0,0.15555555555555556,1,1.0
29,21,22,2,0.09090909090909091,0.12777777777777777,0.8101470785100048,1.0
29,22,22,3,0.13636363636363635,0.16111111111111112,0.7292693335533151,1.0
29,23,22,3,0.13636363636363635,0.12222222222222222,0.5244568829135515,1.0
29,24,22,1,0.045454545454545456,0.18333333333333332,0.9915365775496311,1.0
29,25,22,6,0.2727272727272727,0.17777777777777778,0.17019343410974153,1.0
29,26,22,3,0.13636363636363635,0.1388888888888889,0.6207757723107801,1.0
29,27,22,2,0.09090909090909091,0.12777777777777777,0.8101470785100048,1.0
29,28,22,4,0.18181818181818182,0.12222222222222222,0.2714585953361922,1.0
29,29,22,3,0.13636363636363635,0.12222222222222222,0.5244568829135515,1.0
29,30,22,3,0.13636363636363635,0.15555555555555556,0.7044114897259183,1.0
29,31,22,2,0.09090909090909091,0.15,0.8798368447364057,1.0
29,32,22,0,0.0,0.1388888888888889,1,1.0
29,33,22,6,0.2727272727272727,0.19444444444444445,0.23422152876405217,1.0
29,34,22,4,0.18181818181818182,0.14444444444444443,0.3956293640312577,1.0
29,35,22,2,0.09090909090909091,0.17777777777777778,0.9349519184898151,1.0
29,36,22,4,0.18181818181818182,0.1388888888888889,0.3641750864039715,1.0
29,37,22,5,0.22727272727272727,0.16666666666666666,0.2924462302685597,1.0
29,38,22,3,0.13636363636363635,0.2,0.8624825413311398,1.0
30,1,28,8,0.2857142857142857,0.18333333333333332,0.10710723570873763,1.0
30,2,28,4,0.14285714285714285,0.17222222222222222,0.7572682375943214,1.0
30,3,28,1,0.03571428571428571,0.14444444444444443,0.9914979781599694,1.0
30,4,28,4,0.14285714285714285,0.18333333333333332,0.8043635565205578,1.0
30,5,28,4,0.14285714285714285,0.10555555555555556,0.33843169527982747,1.0
30,6,28,6,0.21428571428571427,0.17777777777777778,0.3754764808456452,1.0
30,7,28,2,0.07142857142857142,0.15,0.9513066021889152,1.0
30,8,28,9,0.32142857142857145,0.2111111111111111,0.09896608433325108,1.0
30,9,28,3,0.10714285714285714,0.1388888888888889,0.7903512982851278,1.0
30,10,28,5,0.17857142857142858,0.17777777777777778,0.5859689928219436,1.0
30,11,28,5,0.17857142857142858,0.15,0.4136520198174149,1.0
30,12,28,5,0.17857142857142858,0.17222222222222222,0.5530795378256468,1.0
30,13,28,7,0.25,0.17777777777777778,0.20257191743654301,1.0
30,14,28,7,0.25,0.15,0.09671274771998221,1.0
30,15,28,7,0.25,0.17777777777777778,0.20257191743654301,1.0
30,16,28,3,0.10714285714285714,0.12777777777777777,0.7354995273227135,1.0
30,17,28,5,0.17857142857142858,0.14444444444444443,0.37794592707166,1.0
30,18,28,7,0.25,0.2111111111111111,0.3718535324831111,1.0
30,19,28,4,0.14285714285714285,0.1388888888888889,0.571811699864316,1.0
30,20,28,4,0.14285714285714285,0.15555555555555556,0.672601097163146,1.0
30,21,28,3,0.10714285714285714,0.12777777777777777,0.7354995273227135,1.0
30,22,28,4,0.14285714285714285,0.16111111111111112,0.7026924560893302,1.0
30,23,28,3,0.10714285714285714,0.12222222222222222,0.7044114897259183,1.0
30,24,28,4,0.14285714285714285,0.18333333333333332,0.8043635565205578,1.0
30,25,28,5,0.17857142857142858,0.17777777777777778,0.5859689928219436,1.0
30,26,28,3,0.10714285714285714,0.1388888888888889,0.7903512982851278,1.0
30,27,28,5,0.17857142857142858,0.12777777777777777,0.27315262231172766,1.0
30,28,28,2,0.07142857142857142,0.12222222222222222,0.8933311028141359,1.0
30,29,28,3,0.10714285714285714,0.12222222222222222,0.7044114897259183,1.0
30,30,28,4,0.14285714285714285,0.15555555555555556,0.672601097163146,1.0
30,31,28,5,0.17857142857142858,0.15,0.4136520198174149,1.0
30,32,28,5,0.17857142857142858,0.1388888888888889,0.34242853358292913,1.0
30,33,28,1,0.03571428571428571,0.19444444444444445,0.9986767470635082,1.0
30,34,28,7,0.25,0.14444444444444443,0.08062229218493598,1.0
30,35,28,2,0.07142857142857142,0.17777777777777778,0.9790347454283093,1.0
30,36,28,2,0.07142857142857142,0.1388888888888889,0.9328771233421792,1.0
30,37,28,3,0.10714285714285714,0.16666666666666666,0.8890028826063694,1.0
30,38,28,7,0.25,0.2,0.3120845103007962,1.0
31,1,27,2,0.07407407407407407,0.18333333333333332,0.9784330160457203,1.0
31,2,27,6,0.2222222222222222,0.17222222222222222,0.30773810348363584,1.0
31,3,27,6,0.2222222222222222,0.14444444444444443,0.16911979762769033,1.0
31,4,27,6,0.2222222222222222,0.18333333333333332,0.36963511046020264,1.0
31,5,27,1,0.037037037037037035,0.10555555555555556,0.9619616871017713,1.0
31,6,27,5,0.18518518518518517,0.17777777777777778,0.5483810442547474,1.0
31,7,27,4,0.14814814814814814,0.15,0.6082613141304573,1.0
31,8,27,6,0.2222222222222222,0.2111111111111111,0.5266001716037406,1.0
31,9,27,3,0.1111111111111111,0.1388888888888889,0.7669363413114696,1.0
31,10,27,5,0.18518518518518517,0.17777777777777778,0.5483810442547474,1.0
31,11,27,4,0.14814814814814814,0.15,0.6082613141304573,1.0
31,12,27,3,0.1111111111111111,0.17222222222222222,0.8874906226508744,1.0
31,13,27,8,0.2962962962962963,0.17777777777777778,0.07502532402818884,1.0
31,14,27,3,0.1111111111111111,0.15,0.8150336893380647,1.0
31,15,27,3,0.1111111111111111,0.17777777777777778,0.9013235489968494,1.0
31,16,27,2,0.07407407407407407,0.12777777777777777,0.8960153132816768,1.0
31,17,27,5,0.18518518518518517,0.14444444444444443,0.3449654902606957,1.0
31,18,27,4,0.14814814814814814,0.2111111111111111,0.8724030277629918,1.0
31,19,27,4,0.14814814814814814,0.1388888888888889,0.5390426761098324,1.0
31,20,27,7,0.25925925925925924,0.15555555555555556,0.09671274771998221,1.0
31,21,27,1,0.037037037037037035,0.12777777777777777,0.9818856463296539,1.0
31,22,27,5,0.18518518518518517,0.16111111111111112,0.4480073886599585,1.0
31,23,27,2,0.07407407407407407,0.12222222222222222,0.8798368447364057,1.0
31,24,27,8,0.2962962962962963,0.18333333333333332,0.08850289812792515,1.0
31,25,27,4,0.14814814814814814,0.17777777777777778,0.7537723346397833,1.0
31,26,27,5,0.18518518518518517,0.1388888888888889,0.31114901090819463,1.0
31,27,27,5,0.18518518518518517,0.12777777777777777,0.24592809959141498,1.0
31,28,27,2,0.07407407407407407,0.12222222222222222,0.8798368447364057,1.0
31,29,27,2,0.07407407407407407,0.12222222222222222,0.8798368447364057,1.0
31,30,27,5,0.18518518518518517,0.15555555555555556,0.4136520198174149,1.0
31,31,27,5,0.18518518518518517,0.15,0.3792211446697227,1.0
31,32,27,4,0.14814814814814814,0.1388888888888889,0.5390426761098324,1.0
31,33,27,2,0.07407407407407407,0.19444444444444445,0.9846592371430462,1.0
31,34,27,4,0.14814814814814814,0.14444444444444443,0.5743294371733114,1.0
31,35,27,4,0.14814814814814814,0.17777777777777778,0.7537723346397833,1.0
31,36,27,3,0.1111111111111111,0.1388888888888889,0.7669363413114696,1.0
31,37,27,5,0.18518518518518517,0.16666666666666666,0.4820533316639203,1.0
31,38,27,9,0.3333333333333333,0.2,0.05768540630223765,1.0
32,1,25,5,0.2,0.18333333333333332,0.5009421983741913,1.0
32,2,25,2,0.08,0.17222222222222222,0.9565934594277279,1.0
32,3,25,5,0.2,0.14444444444444443,0.28049664658282825,1.0
32,4,25,2,0.08,0.18333333333333332,0.9678630455706225,1.0
32,5,25,2,0.08,0.10555555555555556,0.7790816231433779,1.0
32,6,25,4,0.16,0.17777777777777778,0.6904449788832067,1.0
32,7,25,3,0.12,0.15,0.7669363413114696,1.0
32,8,25,8,0.32,0.2111111111111111,0.12212494062510482,1.0
32,9,25,2,0.08,0.1388888888888889,0.8981170501176143,1.0
32,10,25,4,0.16,0.17777777777777778,0.6904449788832067,1.0
32,11,25,6,0.24,0.15,0.14562624355121595,1.0
32,12,25,6,0.24,0.17222222222222222,0.24017081328204629,1.0
32,13,25,2,0.08,0.17777777777777778,0.9626140534220919,1.0
32,14,25,2,0.08,0.15,0.9226967072666759,1.0
32,15,25,3,0.12,0.17777777777777778,0.8662845495122617,1.0
32,16,25,3,0.12,0.12777777777777777,0.6539064937822923,1.0
32,17,25,1,0.04,0.14444444444444443,0.9851931503968511,1.0
32,18,25,4,0.16,0.2111111111111111,0.8249112917733467,1.0
32,19,25,2,0.08,0.1388888888888889,0.8981170501176143,1.0
32,20,25,3,0.12,0.15555555555555556,0.7903512982851278,1.0
32,21,25,2,0.08,0.12777777777777777,0.8668897032420123,1.0
32,22,25,4,0.16,0.16111111111111112,0.6034424312146964,1.0
32,23,25,6,0.24,0.12222222222222222,0.061221778974422325,1.0
32,24,25,4,0.16,0.18333333333333332,0.7165832934361744,1.0
32,25,25,6,0.24,0.17777777777777778,0.2667122852214141,1.0
32,26,25,5,0.2,0.1388888888888889,0.25068889390362575,1.0
32,27,25,2,0.08,0.12777777777777777,0.8668897032420123,1.0
32,28,25,2,0.08,0.12222222222222222,0.8483694241585582,1.0
32,29,25,4,0.16,0.12222222222222222,0.3641750864039715,1.0
32,30,25,3,0.12,0.15555555555555556,0.7903512982851278,1.0
32,31,25,6,0.24,0.15,0.14562624355121595,1.0
32,32,25,4,0.16,0.1388888888888889,0.4706984970120251,1.0
32,33,25,5,0.2,0.19444444444444445,0.5618787426539376,1.0
32,34,25,6,0.24,0.14444444444444443,0.12549633265097523,1.0
32,35,25,8,0.32,0.17777777777777778,0.048313887548901674,1.0
32,36,25,6,0.24,0.1388888888888889,0.10694928653947151,1.0
32,37,25,4,0.16,0.16666666666666666,0.6338163123127443,1.0
32,38,25,4,0.16,0.2,0.7860154272032167,1.0
33,1,34,5,0.14705882352941177,0.18333333333333332,0.8004099933780519,1.0
33,2,34,6,0.17647058823529413,0.17222222222222222,0.5573984658382438,1.0
33,3,34,5,0.14705882352941177,0.14444444444444443,0.5722925699200456,1.0
33,4,34,3,0.08823529411764706,0.18333333333333332,0.9746309207247708,1.0
33,5,34,5,0.14705882352941177,0.10555555555555556,0.27472444865029194,1.0
33,6,34,4,0.11764705882352941,0.17777777777777778,0.9022597876846591,1.0
33,7,34,5,0.14705882352941177,0.15,0.6111856123267224,1.0
33,8,34,8,0.23529411764705882,0.2111111111111111,0.4294434752136318,1.0
33,9,34,6,0.17647058823529413,0.1388888888888889,0.32226814817997673,1.0
33,10,34,8,0.23529411764705882,0.17777777777777778,0.2294777927609475,1.0
33,11,34,9,0.2647058823529412,0.15,0.0400936523819335,1.0
33,12,34,4,0.11764705882352941,0.17222222222222222,0.8862918114586235,1.0
33,13,34,7,0.20588235294117646,0.17777777777777778,0.3980474560295979,1.0
33,14,34,3,0.08823529411764706,0.15,0.9246973541614106,1.0
33,15,34,6,0.17647058823529413,0.17777777777777778,0.5941717757940851,1.0
33,16,34,2,0.058823529411764705,0.12777777777777777,0.9587323433865371,1.0
33,17,34,6,0.17647058823529413,0.14444444444444443,0.3614611656419334,1.0
33,18,34,6,0.17647058823529413,0.2111111111111111,0.7795412531679008,1.0
33,19,34,3,0.08823529411764706,0.1388888888888889,0.8948056446461788,1.0
33,20,34,5,0.14705882352941177,0.15555555555555556,0.6481887114962456,1.0
33,21,34,5,0.14705882352941177,0.12777777777777777,0.44696643181266993,1.0
33,22,34,7,0.20588235294117646,0.16111111111111112,0.28942094384647127,1.0
33,23,34,2,0.058823529411764705,0.12222222222222222,0.9497376340192373,1.0
33,24,34,11,0.3235294117647059,0.18333333333333332,0.021647899331713818,1.0
33,25,34,5,0.14705882352941177,0.17777777777777778,0.7745159778763723,1.0
33,26,34,2,0.058823529411764705,0.1388888888888889,0.9724291331284003,1.0
33,27,34,4,0.11764705882352941,0.12777777777777777,0.6714013497089015,1.0
33,28,34,2,0.058823529411764705,0.12222222222222222,0.9497376340192373,1.0
33,29,34,4,0.11764705882352941,0.12222222222222222,0.6323691900747744,1.0
33,30,34,5,0.14705882352941177,0.15555555555555556,0.6481887114962456,1.0
33,31,34,7,0.20588235294117646,0.15,0.22250410373135954,1.0
33,32,34,8,0.23529411764705882,0.1388888888888889,0.0681500354529688,1.0
33,33,34,5,0.14705882352941177,0.19444444444444445,0.8455444558391823,1.0
33,34,34,5,0.14705882352941177,0.14444444444444443,0.5722925699200456,1.0
33,35,34,5,0.14705882352941177,0.17777777777777778,0.7745159778763723,1.0
33,36,34,3,0.08823529411764706,0.1388888888888889,0.8948056446461788,1.0
33,37,34,9,0.2647058823529412,0.16666666666666666,0.07793511159918041,1.0
33,38,34,9,0.2647058823529412,0.2,0.20621581378373352,1.0
34,1,26,5,0.19230769230769232,0.18333333333333332,0.5412879516438528,1.0
34,2,26,5,0.19230769230769232,0.17222222222222222,0.47708708584681825,1.0
34,3,26,6,0.23076923076923078,0.14444444444444443,0.14649637518367792,1.0
34,4,26,4,0.15384615384615385,0.18333333333333332,0.7484551737620512,1.0
34,5,26,4,0.15384615384615385,0.10555555555555556,0.285033211131703,1.0
34,6,26,3,0.11538461538461539,0.17777777777777778,0.884928969623842,1.0
34,7,26,5,0.19230769230769232,0.15,0.3449654902606957,1.0
34,8,26,4,0.15384615384615385,0.2111111111111111,0.8501613261286941,1.0
34,9,26,4,0.15384615384615385,0.1388888888888889,0.5052806516355156,1.0
34,10,26,5,0.19230769230769232,0.17777777777777778,0.5095003884616954,1.0
34,11,26,5,0.19230769230769232,0.15,0.3449654902606957,1.0
34,12,26,2,0.07692307692307693,0.17222222222222222,0.9638278828564397,1.0
34,13,26,3,0.11538461538461539,0.17777777777777778,0.884928969623842,1.0
34,14,26,4,0.15384615384615385,0.15,0.5743294371733114,1.0
34,15,26,6,0.23076923076923078,0.17777777777777778,0.302055251726482,1.0
34,16,26,5,0.19230769230769232,0.12777777777777777,0.21964467148365635,1.0
34,17,26,4,0.15384615384615385,0.14444444444444443,0.5403495931862571,1.0
34,18,26,4,0.15384615384615385,0.2111111111111111,0.8501613261286941,1.0
34,19,26,5,0.19230769230769232,0.1388888888888889,0.28049664658282825,1.0
34,20,26,3,0.11538461538461539,0.15555555555555556,0.8142588560366332,1.0
34,21,26,2,0.07692307692307693,0.12777777777777777,0.8822336548912607,1.0
34,22,26,5,0.19230769230769232,0.16111111111111112,0.41110717768093014,1.0
34,23,26,3,0.11538461538461539,0.12222222222222222,0.6501426951298482,1.0
34,24,26,5,0.19230769230769232,0.18333333333333332,0.5412879516438528,1.0
34,25,26,4,0.15384615384615385,0.17777777777777778,0.7233439953234817,1.0
34,26,26,2,0.07692307692307693,0.1388888888888889,0.911158902381105,1.0
34,27,26,2,0.07692307692307693,0.12777777777777777,0.8822336548912607,1.0
34,28,26,5,0.19230769230769232,0.12222222222222222,0.19117655945389725,1.0
34,29,26,3,0.11538461538461539,0.12222222222222222,0.6501426951298482,1.0
34,30,26,5,0.19230769230769232,0.15555555555555556,0.37794592707166,1.0
34,31,26,5,0.19230769230769232,0.15,0.3449654902606957,1.0
34,32,26,4,0.15384615384615385,0.1388888888888889,0.5052806516355156,1.0
34,33,26,4,0.15384615384615385,0.19444444444444445,0.7938230772172524,1.0
34,34,26,3,0.11538461538461539,0.14444444444444443,0.7678668094474024,1.0
34,35,26,5,0.19230769230769232,0.17777777777777778,0.5095003884616954,1.0
34,36,26,6,0.23076923076923078,0.1388888888888889,0.12549633265097523,1.0
34,37,26,2,0.07692307692307693,0.16666666666666666,0.9577603019162296,1.0
34,38,26,5,0.19230769230769232,0.2,0.6314239569253026,1.0
35,1,32,5,0.15625,0.18333333333333332,0.7479947716878008,1.0
35,2,32,8,0.25,0.17222222222222222,0.1521321396093292,1.0
35,3,32,3,0.09375,0.14444444444444443,0.884928969623842,1.0
35,4,32,7,0.21875,0.18333333333333332,0.36334193712134616,1.0
35,5,32,6,0.1875,0.10555555555555556,0.09385348075569883,1.0
35,6,32,3,0.09375,0.17777777777777778,0.9564855391467051,1.0
35,7,32,4,0.125,0.15,0.7537723346397833,1.0
35,8,32,6,0.1875,0.2111111111111111,0.7185913726327845,1.0
35,9,32,5,0.15625,0.1388888888888889,0.4696070929356927,1.0
35,10,32,5,0.15625,0.17777777777777778,0.7194442913893457,1.0
35,11,32,5,0.15625,0.15,0.5483810442547474,1.0
35,12,32,7,0.21875,0.17222222222222222,0.2956785696278965,1.0
35,13,32,4,0.125,0.17777777777777778,0.8703539729668923,1.0
35,14,32,8,0.25,0.15,0.07502532402818884,1.0
35,15,32,4,0.125,0.17777777777777778,0.8703539729668923,1.0
35,16,32,4,0.125,0.12777777777777777,0.6174304528418099,1.0
35,17,32,1,0.03125,0.14444444444444443,0.9960186394553399,1.0
35,18,32,3,0.09375,0.2111111111111111,0.9853048636145308,1.0
35,19,32,6,0.1875,0.1388888888888889,0.2667122852214141,1.0
35,20,32,8,0.25,0.15555555555555556,0.09132173715532096,1.0
35,21,32,6,0.1875,0.12777777777777777,0.2004647712607521,1.0
35,22,32,5,0.15625,0.16111111111111112,0.6220319917213915,1.0
35,23,32,5,0.15625,0.12222222222222222,0.34733681447491416,1.0
35,24,32,7,0.21875,0.18333333333333332,0.36334193712134616,1.0
35,25,32,6,0.1875,0.17777777777777778,0.5238852990640621,1.0
35,26,32,6,0.1875,0.1388888888888889,0.2667122852214141,1.0
35,27,32,7,0.21875,0.12777777777777777,0.08442464551521174,1.0
35,28,32,4,0.125,0.12222222222222222,0.57755291395743,1.0
35,29,32,3,0.09375,0.12222222222222222,0.7948167464999133,1.0
35,30,32,4,0.125,0.15555555555555556,0.7817395582760902,1.0
35,31,32,2,0.0625,0.15,0.9745089513179541,1.0
35,32,32,3,0.09375,0.1388888888888889,0.8662845495122617,1.0
35,33,32,3,0.09375,0.19444444444444445,0.9743676324805407,1.0
35,34,32,3,0.09375,0.14444444444444443,0.884928969623842,1.0
35,35,32,8,0.25,0.17777777777777778,0.17621711108895455,1.0
35,36,32,2,0.0625,0.1388888888888889,0.9626140534220919,1.0
35,37,32,8,0.25,0.16666666666666666,0.1299055956064542,1.0
35,38,32,8,0.25,0.2,0.28845129623678323,1.0
36,1,26,4,0.15384615384615385,0.18333333333333332,0.7484551737620512,1.0
36,2,26,5,0.19230769230769232,0.17222222222222222,0.47708708584681825,1.0
36,3,26,5,0.19230769230769232,0.14444444444444443,0.31240147310643546,1.0
36,4,26,3,0.11538461538461539,0.18333333333333332,0.898576349210021,1.0
36,5,26,3,0.11538461538461539,0.10555555555555556,0.5401376481751146,1.0
36,6,26,10,0.38461538461538464,0.17777777777777778,0.005667520633554804,1.0
36,7,26,3,0.11538461538461539,0.15,0.792058980981664,1.0
36,8,26,2,0.07692307692307693,0.2111111111111111,0.9884614625408512,1.0
36,9,26,4,0.15384615384615385,0.1388888888888889,0.5052806516355156,1.0
36,10,26,6,0.23076923076923078,0.17777777777777778,0.302055251726482,1.0
36,11,26,4,0.15384615384615385,0.15,0.5743294371733114,1.0
36,12,26,5,0.19230769230769232,0.17222222222222222,0.47708708584681825,1.0
36,13,26,4,0.15384615384615385,0.17777777777777778,0.7233439953234817,1.0
36,14,26,3,0.11538461538461539,0.15,0.792058980981664,1.0
36,15,26,6,0.23076923076923078,0.17777777777777778,0.302055251726482,1.0
36,16,26,5,0.19230769230769232,0.12777777777777777,0.21964467148365635,1.0
36,17,26,3,0.11538461538461539,0.14444444444444443,0.7678668094474024,1.0
36,18,26,6,0.23076923076923078,0.2111111111111111,0.4831176449086879,1.0
36,19,26,4,0.15384615384615385,0.1388888888888889,0.5052806516355156,1.0
36,20,26,6,0.23076923076923078,0.15555555555555556,0.1932554809302597,1.0
36,21,26,3,0.11538461538461539,0.12777777777777777,0.6827622834510284,1.0
36,22,26,4,0.15384615384615385,0.16111111111111112,0.638412477311745,1.0
36,23,26,4,0.15384615384615385,0.12222222222222222,0.3956293640312577,1.0
36,24,26,2,0.07692307692307693,0.18333333333333332,0.973636936934006,1.0
36,25,26,8,0.3076923076923077,0.17777777777777778,0.060708061849313065,1.0
36,26,26,2,0.07692307692307693,0.1388888888888889,0.911158902381105,1.0
36,27,26,3,0.11538461538461539,0.12777777777777777,0.6827622834510284,1.0
36,28,26,2,0.07692307692307693,0.12222222222222222,0.864888318244284,1.0
36,29,26,2,0.07692307692307693,0.12222222222222222,0.864888318244284,1.0
36,30,26,3,0.11538461538461539,0.15555555555555556,0.8142588560366332,1.0
36,31,26,3,0.11538461538461539,0.15,0.792058980981664,1.0
36,32,26,2,0.07692307692307693,0.1388888888888889,0.911158902381105,1.0
36,33,26,6,0.23076923076923078,0.19444444444444445,0.39178623064083984,1.0
36,34,26,4,0.15384615384615385,0.14444444444444443,0.5403495931862571,1.0
36,35,26,6,0.23076923076923078,0.17777777777777778,0.302055251726482,1.0
36,36,26,4,0.15384615384615385,0.1388888888888889,0.5052806516355156,1.0
36,37,26,3,0.11538461538461539,0.16666666666666666,0.8530222975911742,1.0
36,38,26,4,0.15384615384615385,0.2,0.8141229672537462,1.0
37,1,30,2,0.06666666666666667,0.18333333333333332,0.9883814943155259,1.0
37,2,30,4,0.13333333333333333,0.17222222222222222,0.8087438053229584,1.0
37,3,30,1,0.03333333333333333,0.14444444444444443,0.9941657875574902,1.0
37,4,30,3,0.1,0.18333333333333332,0.9479037103515362,1.0
37,5,30,6,0.2,0.10555555555555556,0.07098792799316465,1.0
37,6,30,3,0.1,0.17777777777777778,0.9390313071998334,1.0
37,7,30,3,0.1,0.15,0.8720655711048207,1.0
37,8,30,9,0.3,0.2111111111111111,0.14456097854294597,1.0
37,9,30,4,0.13333333333333333,0.1388888888888889,0.6338163123127443,1.0
37,10,30,8,0.26666666666666666,0.17777777777777778,0.1299055956064542,1.0
37,11,30,6,0.2,0.15,0.2777776736401493,1.0
37,12,30,9,0.3,0.17222222222222222,0.04394910366620211,1.0
37,13,30,6,0.2,0.17777777777777778,0.4502670327248151,1.0
37,14,30,5,0.16666666666666666,0.15,0.4820533316639203,1.0
37,15,30,5,0.16666666666666666,0.17777777777777778,0.6563849835207066,1.0
37,16,30,4,0.13333333333333333,0.12777777777777777,0.5590965648115469,1.0
37,17,30,4,0.13333333333333333,0.14444444444444443,0.6682875498052497,1.0
37,18,30,6,0.2,0.2111111111111111,0.6479911676199369,1.0
37,19,30,6,0.2,0.1388888888888889,0.21465675315968627,1.0
37,20,30,9,0.3,0.15555555555555556,0.022012139487478218,1.0
37,21,30,5,0.16666666666666666,0.12777777777777777,0.32976216943689846,1.0
37,22,30,5,0.16666666666666666,0.16111111111111112,0.555419561125203,1.0
37,23,30,4,0.13333333333333333,0.12222222222222222,0.5192123221376951,1.0
37,24,30,5,0.16666666666666666,0.18333333333333332,0.6869743994810042,1.0
37,25,30,5,0.16666666666666666,0.17777777777777778,0.6563849835207066,1.0
37,26,30,4,0.13333333333333333,0.1388888888888889,0.6338163123127443,1.0
37,27,30,2,0.06666666666666667,0.12777777777777777,0.9292384653735173,1.0
37,28,30,4,0.13333333333333333,0.12222222222222222,0.5192123221376951,1.0
37,29,30,2,0.06666666666666667,0.12222222222222222,0.9164034568184212,1.0
37,30,30,6,0.2,0.15555555555555556,0.3111560491342297,1.0
37,31,30,0,0.0,0.15,1,1.0
37,32,30,4,0.13333333333333333,0.1388888888888889,0.6338163123127443,1.0
37,33,30,6,0.2,0.19444444444444445,0.5530569660662312,1.0
37,34,30,5,0.16666666666666666,0.14444444444444443,0.4442245061039628,1.0
37,35,30,6,0.2,0.17777777777777778,0.4502670327248151,1.0
37,36,30,5,0.16666666666666666,0.1388888888888889,0.40601220407738664,1.0
37,37,30,3,0.1,0.16666666666666666,0.9172334801068794,1.0
37,38,30,6,0.2,0.2,0.5858053479671871,1.0
38,1,35,9,0.2571428571428571,0.18333333333333332,0.1550976380392223,1.0
38,2,35,7,0.2,0.17222222222222222,0.39477312021161187,1.0
38,3,35,4,0.11428571428571428,0.14444444444444443,0.7938230772172524,1.0
38,4,35,8,0.22857142857142856,0.18333333333333332,0.2913808045175534,1.0
38,5,35,2,0.05714285714285714,0.10555555555555556,0.9200589722971143,1.0
38,6,35,7,0.2,0.17777777777777778,0.4329737047547806,1.0
38,7,35,5,0.14285714285714285,0.15,0.6409148146047022,1.0
38,8,35,6,0.17142857142857143,0.2111111111111111,0.8063074192950228,1.0
38,9,35,7,0.2,0.1388888888888889,0.1835713968876641,1.0
38,10,35,5,0.14285714285714285,0.17777777777777778,0.7990147907163179,1.0
38,11,35,3,0.08571428571428572,0.15,0.9344737481258075,1.0
38,12,35,5,0.14285714285714285,0.17222222222222222,0.7722192141726275,1.0
38,13,35,5,0.14285714285714285,0.17777777777777778,0.7990147907163179,1.0
38,14,35,11,0.3142857142857143,0.15,0.004580529310592876,1.0
38,15,35,7,0.2,0.17777777777777778,0.4329737047547806,1.0
38,16,35,6,0.17142857142857143,0.12777777777777777,0.27172272879780407,1.0
38,17,35,5,0.14285714285714285,0.14444444444444443,0.6023769597999132,1.0
38,18,35,6,0.17142857142857143,0.2111111111111111,0.8063074192950228,1.0
38,19,35,6,0.17142857142857143,0.1388888888888889,0.35096402775769664,1.0
38,20,35,5,0.14285714285714285,0.15555555555555556,0.6772842990624187,1.0
38,21,35,4,0.11428571428571428,0.12777777777777777,0.696592012168311,1.0
38,22,35,5,0.14285714285714285,0.16111111111111112,0.7113408119208507,1.0
38,23,35,3,0.08571428571428572,0.12222222222222222,0.8475306282634119,1.0
38,24,35,4,0.11428571428571428,0.18333333333333332,0.9282921897402007,1.0
38,25,35,6,0.17142857142857143,0.17777777777777778,0.6275231008367,1.0
38,26,35,7,0.2,0.1388888888888889,0.1835713968876641,1.0
38,27,35,4,0.11428571428571428,0.12777777777777777,0.696592012168311,1.0
38,28,35,6,0.17142857142857143,0.12222222222222222,0.23422152876405217,1.0
38,29,35,2,0.05714285714285714,0.12222222222222222,0.955931998004439,1.0
38,30,35,6,0.17142857142857143,0.15555555555555556,0.47361518609920616,1.0
38,31,35,2,0.05714285714285714,0.15,0.9846592371430462,1.0
38,32,35,5,0.14285714285714285,0.1388888888888889,0.5618787426539376,1.0
38,33,35,8,0.22857142857142856,0.19444444444444445,0.3607464133067812,1.0
38,34,35,10,0.2857142857142857,0.14444444444444443,0.011955855044431507,1.0
38,35,35,3,0.08571428571428572,0.17777777777777778,0.9743676324805407,1.0
38,36,35,4,0.11428571428571428,0.1388888888888889,0.7643698283838156,1.0
38,37,35,4,0.11428571428571428,0.16666666666666666,0.8843925798700947,1.0
38,38,35,8,0.22857142857142856,0.2,0.39648653628545527,1.0
