number,frequency,expected,deviation,appearance_rate,ew_rate,current_gap,mean_completed_gap,median_completed_gap,gap_sd,current_gap_percentile,longest_completed_gap,longest_observed_absence,gap_complete_intervals,trend_20_vs_previous40,short_long_ratio,block10_rate_volatility,frequency_p_two_sided,frequency_holm_p,last_100_count,last_50_count,last_30_count,last_20_count,last_10_count
1,34,28.57894736842105,5.421052631578949,0.1878453038674033,0.24680813869572382,0,4.454545454545454,2.0,4.835357465398171,0.2727272727272727,17,17,33,0.07500000000000001,1.3308823529411766,0.12004900959975619,0.2626620334096632,1.0,18,11,7,5,5
2,31,28.57894736842105,2.4210526315789487,0.1712707182320442,0.1862024903743043,4,4.833333333333333,3.0,5.356808966059045,0.6666666666666666,25,25,30,0.19999999999999998,1.7516129032258063,0.11785113019775792,0.6103665124047117,1.0,18,8,6,6,2
3,26,28.57894736842105,-2.5789473684210513,0.143646408839779,0.11943843157601089,3,6.0,4.0,5.024937810560445,0.36,16,16,25,0.075,1.0442307692307693,0.11991282236408357,0.6835008511124254,1.0,13,5,3,3,1
4,33,28.57894736842105,4.421052631578949,0.18232044198895028,0.24723840247776607,0,4.40625,1.5,6.52468946239169,0.125,32,32,32,0.325,2.193939393939394,0.14775000967674123,0.35923294282455914,1.0,17,8,8,8,5
5,19,28.57894736842105,-9.578947368421051,0.10497237569060773,0.05549077922020362,13,7.944444444444445,6.5,6.101805154525246,0.8888888888888888,27,27,18,-0.024999999999999994,0.47631578947368425,0.08023657829651029,0.05242448646763251,1.0,8,3,1,1,0
6,32,28.57894736842105,3.4210526315789487,0.17679558011049723,0.24331497027299237,0,4.67741935483871,3.0,5.15355603296852,0.22580645161290322,20,20,31,-0.04999999999999999,1.13125,0.1178511301977579,0.47568122758127834,1.0,22,12,6,4,4
7,27,28.57894736842105,-1.5789473684210513,0.14917127071823205,0.17429527947902979,4,5.615384615384615,5.0,5.492372333168414,0.5,22,22,26,0.15,1.6759259259259258,0.0923548145182799,0.8385127544683713,1.0,15,7,5,5,3
8,38,28.57894736842105,9.421052631578949,0.20994475138121546,0.23062416003392805,1,3.7567567567567566,2.0,4.536306656089079,0.4594594594594595,20,20,37,-0.04999999999999999,0.9526315789473685,0.13234931004459768,0.0656538659210806,1.0,23,9,7,4,2
9,25,28.57894736842105,-3.5789473684210513,0.13812154696132597,0.20292693591699576,5,5.875,3.0,7.583233794537044,0.6666666666666666,26,26,24,-0.024999999999999994,1.448,0.12897281468629185,0.5406895286548018,1.0,16,13,7,4,3
10,32,28.57894736842105,3.4210526315789487,0.17679558011049723,0.20406821546118586,3,4.516129032258065,3.0,4.610646865259693,0.5161290322580645,17,17,31,0.1,1.4140625,0.10032626514091005,0.47568122758127834,1.0,19,10,6,5,2
11,27,28.57894736842105,-1.5789473684210513,0.14917127071823205,0.06310121918295435,19,4.730769230769231,3.0,6.003716797502642,0.9615384615384616,25,25,26,-0.05,0.3351851851851852,0.13826657968874306,0.8385127544683713,1.0,9,4,1,1,0
12,31,28.57894736842105,2.4210526315789487,0.1712707182320442,0.1893323479663428,1,4.933333333333334,3.0,6.263927011803011,0.4,24,24,30,0.1,1.4596774193548387,0.1227410260553666,0.6103665124047117,1.0,20,7,6,5,2
13,32,28.57894736842105,3.4210526315789487,0.17679558011049723,0.24502104208268125,2,4.419354838709677,3.0,4.551733688375504,0.41935483870967744,21,21,31,0.175,1.696875,0.13527990831890463,0.47568122758127834,1.0,19,10,8,6,4
14,28,28.57894736842105,-0.5789473684210513,0.15469613259668508,0.17365059751230527,1,5.62962962962963,2.0,6.92902561774713,0.3333333333333333,27,27,27,0.05000000000000002,1.292857142857143,0.14234267774809048,1,1.0,14,9,8,4,1
15,32,28.57894736842105,3.4210526315789487,0.17679558011049723,0.17910390228517223,6,4.580645161290323,4.0,4.660287498630581,0.7741935483870968,17,17,31,-0.1,0.8484375,0.10602749674192764,0.47568122758127834,1.0,20,10,6,3,1
16,23,28.57894736842105,-5.578947368421051,0.1270718232044199,0.10951863957605404,23,5.2727272727272725,5.0,5.624621199366552,1.0,19,23,22,-0.225,0.0,0.1227410260553666,0.3073881079476078,1.0,18,5,4,0,0
17,26,28.57894736842105,-2.5789473684210513,0.143646408839779,0.12933311208957926,5,5.72,5.0,4.730398150966435,0.52,17,17,25,-0.07499999999999998,0.6961538461538462,0.09217771979249535,0.6835008511124254,1.0,13,8,3,2,2
18,39,28.57894736842105,10.421052631578949,0.2154696132596685,0.19525523065710104,1,3.710526315789474,2.0,4.764212845773088,0.4473684210526316,20,20,38,0.1,0.9282051282051282,0.13826657968874304,0.04083411101070792,1.0,18,8,5,4,4
19,25,28.57894736842105,-3.5789473684210513,0.13812154696132597,0.11801493019823067,7,6.083333333333333,5.5,5.460663016494439,0.7083333333333334,20,20,24,-0.024999999999999994,0.724,0.1334558260861618,0.5406895286548018,1.0,12,6,5,2,1
20,28,28.57894736842105,-0.5789473684210513,0.15469613259668508,0.11201880736098169,6,4.851851851851852,2.0,6.193692223692049,0.6666666666666666,27,27,27,-0.024999999999999994,0.6464285714285715,0.14234267774809048,1,1.0,16,6,2,2,1
21,24,28.57894736842105,-4.578947368421051,0.13259668508287292,0.0800799697732855,8,6.478260869565218,5.0,5.868789291415698,0.7391304347826086,23,23,23,-0.075,0.3770833333333334,0.0970142500145332,0.4144416910823256,1.0,9,5,2,1,1
22,29,28.57894736842105,0.4210526315789487,0.16022099447513813,0.1987926801593004,0,5.214285714285714,4.0,5.927694841805382,0.21428571428571427,20,20,28,0.1,1.5603448275862069,0.11490262999202834,0.9188189794944117,1.0,16,11,7,5,2
23,22,28.57894736842105,-6.578947368421051,0.12154696132596685,0.16437447024532498,2,6.9523809523809526,5.0,6.430211431019905,0.3333333333333333,20,20,21,-0.024999999999999994,1.2340909090909091,0.08782037520219094,0.2203474990615621,1.0,16,9,6,3,1
24,34,28.57894736842105,5.421052631578949,0.1878453038674033,0.2172156547033949,5,4.303030303030303,3.0,3.8688245023912664,0.6666666666666666,16,16,33,0.15,1.5970588235294119,0.10786096109392208,0.2626620334096632,1.0,17,11,9,6,2
25,32,28.57894736842105,3.4210526315789487,0.17679558011049723,0.1435764291104294,4,4.580645161290323,3.0,5.998745388542435,0.6774193548387096,30,30,31,-0.024999999999999994,0.8484375,0.10602749674192764,0.47568122758127834,1.0,14,9,5,3,1
26,25,28.57894736842105,-3.5789473684210513,0.13812154696132597,0.09844533864958142,11,5.916666666666667,5.0,4.7723539599280125,0.875,17,17,24,0.0,0.724,0.07775443160352294,0.5406895286548018,1.0,12,5,2,2,0
27,23,28.57894736842105,-5.578947368421051,0.1270718232044199,0.0910734560347061,14,6.181818181818182,5.0,5.076897849562444,0.9545454545454546,20,20,22,-0.09999999999999999,0.3934782608695652,0.08947924869885988,0.3073881079476078,1.0,11,6,2,1,0
28,22,28.57894736842105,-6.578947368421051,0.12154696132596685,0.08525632176986649,2,7.190476190476191,5.0,7.794992287482058,0.38095238095238093,25,25,21,0.05,0.8227272727272729,0.10602749674192764,0.2203474990615621,1.0,11,4,2,2,1
29,22,28.57894736842105,-6.578947368421051,0.12154696132596685,0.1338368089042643,3,7.190476190476191,4.0,6.384505052226426,0.38095238095238093,19,19,21,-0.04999999999999999,0.8227272727272729,0.08782037520219095,0.2203474990615621,1.0,13,6,4,2,2
30,28,28.57894736842105,-0.5789473684210513,0.15469613259668508,0.1362777697146806,7,5.333333333333333,5.0,4.898979485566356,0.7777777777777778,20,20,27,-0.175,0.32321428571428573,0.12472191289246473,1,1.0,13,8,5,1,1
31,27,28.57894736842105,-1.5789473684210513,0.14917127071823205,0.19206819197678926,1,5.730769230769231,3.5,7.2914069550818095,0.34615384615384615,34,34,26,0.025000000000000022,1.3407407407407408,0.14652845537742532,0.8385127544683713,1.0,20,10,5,4,1
32,25,28.57894736842105,-3.5789473684210513,0.13812154696132597,0.11172636282314748,11,5.958333333333333,4.0,5.886455836820708,0.8333333333333334,21,21,24,-0.12499999999999999,0.362,0.11447521637192347,0.5406895286548018,1.0,15,7,2,1,0
33,35,28.57894736842105,6.421052631578949,0.19337016574585636,0.14757081319874266,0,4.264705882352941,3.0,4.216194058047598,0.14705882352941177,17,17,34,0.024999999999999994,0.7757142857142857,0.16047315659302058,0.18584184826499556,1.0,17,5,4,3,1
34,26,28.57894736842105,-2.5789473684210513,0.143646408839779,0.09541462353158452,18,5.36,4.0,5.29842743965918,0.96,21,21,25,-0.075,0.3480769230769231,0.09217771979249535,0.6835008511124254,1.0,13,5,3,1,0
35,32,28.57894736842105,3.4210526315789487,0.17679558011049723,0.19018956500799122,8,4.483870967741935,3.0,5.954667456384867,0.8387096774193549,24,24,31,-0.15,0.8484375,0.14371358589653876,0.47568122758127834,1.0,22,12,4,3,1
36,26,28.57894736842105,-2.5789473684210513,0.143646408839779,0.15233734884217803,5,6.0,3.0,7.399324293474371,0.64,33,33,25,-0.22500000000000003,0.3480769230769231,0.11490262999202833,0.6835008511124254,1.0,16,10,4,1,1
37,30,28.57894736842105,1.4210526315789487,0.16574585635359115,0.11727642050764896,9,4.827586206896552,3.0,4.496577790126631,0.8275862068965517,15,15,29,-0.024999999999999994,0.6033333333333334,0.1084652289093281,0.7597917648871642,1.0,14,6,3,2,1
38,36,28.57894736842105,7.421052631578949,0.19889502762430938,0.2197301426275413,0,3.914285714285714,3.0,5.321274883573918,0.22857142857142856,27,27,35,0.0,1.2569444444444444,0.1304842664494447,0.15251915246587006,1.0,23,12,7,5,1
