draw_id,date,numbers,sum,median,minimum,maximum,range,odd_count,low_count,adjacent_pairs,largest_spacing,close_spacings_le2,mean,even_count,high_count,bands,spacing,last_digits,repeated_from_previous_1,repeated_from_previous_2,repeated_from_previous_3,repeated_from_previous_5
2161,2025-01-01,"[1, 14, 18, 21, 24, 36]",114.0,19.5,1.0,36.0,35.0,2.0,3.0,0.0,13.0,0.0,19.0,4,3,"[1, 2, 2, 1]","[13, 4, 3, 3, 12]","[0, 2, 0, 0, 2, 0, 1, 0, 1, 0]",,,,
2162,2025-01-04,"[1, 2, 12, 15, 21, 33]",84.0,13.5,1.0,33.0,32.0,4.0,4.0,1.0,12.0,1.0,14.0,2,2,"[2, 2, 1, 1]","[1, 10, 3, 6, 12]","[0, 2, 2, 1, 0, 1, 0, 0, 0, 0]",2,,,
2163,2025-01-08,"[3, 24, 30, 32, 35, 37]",161.0,31.0,3.0,37.0,34.0,3.0,1.0,0.0,21.0,2.0,26.833333333333332,3,5,"[1, 0, 2, 3]","[21, 6, 2, 3, 2]","[1, 0, 1, 1, 1, 1, 0, 1, 0, 0]",0,1,,
2164,2025-01-11,"[8, 19, 21, 25, 26, 34]",133.0,23.0,8.0,34.0,26.0,3.0,2.0,1.0,11.0,2.0,22.166666666666668,3,4,"[1, 1, 3, 1]","[11, 2, 4, 1, 8]","[0, 1, 0, 0, 1, 1, 1, 0, 1, 1]",0,1,1,
2165,2025-01-15,"[2, 3, 6, 7, 19, 31]",68.0,6.5,2.0,31.0,29.0,4.0,5.0,2.0,12.0,2.0,11.333333333333334,2,1,"[4, 1, 0, 1]","[1, 3, 1, 12, 12]","[0, 1, 1, 1, 0, 0, 1, 1, 0, 1]",1,2,3,
2166,2025-01-18,"[18, 24, 25, 29, 30, 34]",160.0,27.0,18.0,34.0,16.0,2.0,1.0,2.0,6.0,2.0,26.666666666666668,4,5,"[0, 1, 4, 1]","[6, 1, 4, 1, 4]","[1, 0, 0, 0, 2, 1, 0, 0, 1, 1]",0,2,4,5
2167,2025-01-22,"[2, 5, 10, 15, 22, 28]",82.0,12.5,2.0,28.0,26.0,2.0,4.0,0.0,7.0,0.0,13.666666666666666,4,2,"[3, 1, 2, 0]","[3, 5, 5, 7, 6]","[1, 0, 2, 0, 0, 2, 0, 0, 1, 0]",0,1,1,2
2168,2025-01-25,"[4, 12, 17, 22, 25, 34]",114.0,19.5,4.0,34.0,30.0,2.0,3.0,0.0,9.0,0.0,19.0,4,3,"[1, 2, 2, 1]","[8, 5, 5, 3, 9]","[0, 0, 2, 0, 2, 1, 0, 1, 0, 0]",1,3,3,3
2169,2025-01-29,"[10, 18, 25, 27, 35, 38]",153.0,26.0,10.0,38.0,28.0,3.0,2.0,0.0,8.0,1.0,25.5,3,4,"[1, 1, 2, 2]","[8, 7, 2, 8, 3]","[1, 0, 0, 0, 0, 2, 0, 1, 2, 0]",1,2,3,3
2170,2025-02-01,"[3, 4, 10, 14, 21, 22]",74.0,12.0,3.0,22.0,19.0,2.0,4.0,2.0,7.0,2.0,12.333333333333334,4,2,"[3, 1, 2, 0]","[1, 6, 4, 7, 1]","[1, 1, 1, 1, 2, 0, 0, 0, 0, 0]",1,3,3,4
2171,2025-02-05,"[8, 9, 13, 15, 18, 33]",96.0,14.0,8.0,33.0,25.0,4.0,5.0,1.0,15.0,2.0,16.0,2,1,"[2, 3, 0, 1]","[1, 4, 2, 3, 15]","[0, 0, 0, 2, 0, 1, 0, 0, 2, 1]",0,1,1,2
2172,2025-02-08,"[2, 23, 25, 29, 32, 38]",149.0,27.0,2.0,38.0,36.0,3.0,1.0,0.0,21.0,1.0,24.833333333333332,3,5,"[1, 0, 3, 2]","[21, 2, 4, 3, 6]","[0, 0, 2, 1, 0, 1, 0, 0, 1, 1]",0,0,2,3
2173,2025-02-12,"[1, 11, 19, 30, 33, 34]",128.0,24.5,1.0,34.0,33.0,4.0,3.0,1.0,11.0,1.0,21.333333333333332,2,3,"[1, 2, 1, 2]","[10, 8, 11, 3, 1]","[1, 2, 0, 1, 1, 0, 0, 0, 0, 1]",0,1,1,2
2174,2025-02-15,"[1, 7, 11, 25, 32, 38]",114.0,18.0,1.0,38.0,37.0,4.0,3.0,0.0,14.0,0.0,19.0,2,3,"[2, 1, 1, 2]","[6, 4, 14, 7, 6]","[0, 2, 1, 0, 0, 1, 0, 1, 1, 0]",2,5,5,5
2175,2025-02-19,"[1, 7, 18, 32, 33, 36]",127.0,25.0,1.0,36.0,35.0,3.0,3.0,1.0,14.0,1.0,21.166666666666668,3,3,"[2, 1, 0, 3]","[6, 11, 14, 1, 3]","[0, 1, 1, 1, 0, 0, 1, 1, 1, 0]",3,4,4,5
2176,2025-02-22,"[2, 9, 10, 24, 31, 38]",114.0,17.0,2.0,38.0,36.0,2.0,3.0,1.0,14.0,1.0,19.0,4,3,"[3, 0, 1, 2]","[7, 1, 14, 7, 7]","[1, 1, 1, 0, 1, 0, 0, 0, 1, 1]",0,1,1,3
2177,2025-02-26,"[3, 7, 13, 20, 26, 38]",107.0,16.5,3.0,38.0,35.0,3.0,3.0,0.0,12.0,0.0,17.833333333333332,3,3,"[2, 2, 1, 1]","[4, 6, 7, 6, 12]","[1, 0, 0, 2, 0, 0, 1, 1, 1, 0]",1,2,2,2
2178,2025-03-01,"[2, 14, 17, 21, 36, 37]",127.0,19.0,2.0,37.0,35.0,3.0,3.0,1.0,15.0,1.0,21.166666666666668,3,3,"[1, 2, 1, 2]","[12, 3, 4, 15, 1]","[0, 1, 1, 0, 1, 0, 1, 2, 0, 0]",0,1,2,2
2179,2025-03-05,"[5, 10, 11, 12, 18, 20]",76.0,11.5,5.0,20.0,15.0,2.0,5.0,2.0,6.0,3.0,12.666666666666666,4,1,"[2, 4, 0, 0]","[5, 1, 1, 6, 2]","[2, 1, 1, 0, 0, 1, 0, 0, 1, 0]",0,1,2,4
2180,2025-03-08,"[9, 11, 16, 21, 30, 33]",120.0,18.5,9.0,33.0,24.0,4.0,3.0,0.0,9.0,1.0,20.0,2,3,"[1, 2, 2, 1]","[2, 5, 5, 9, 3]","[1, 2, 0, 1, 0, 0, 1, 0, 0, 1]",1,2,2,4
2181,2025-03-12,"[17, 21, 24, 31, 34, 37]",164.0,27.5,17.0,37.0,20.0,4.0,1.0,0.0,7.0,0.0,27.333333333333332,2,5,"[0, 1, 2, 3]","[4, 3, 7, 3, 3]","[0, 2, 0, 0, 2, 0, 0, 2, 0, 0]",1,1,3,5
2182,2025-03-15,"[2, 9, 17, 19, 30, 36]",113.0,18.0,2.0,36.0,34.0,3.0,4.0,0.0,11.0,1.0,18.833333333333332,3,2,"[2, 2, 1, 1]","[7, 8, 2, 11, 6]","[1, 0, 1, 0, 0, 0, 1, 1, 0, 2]",1,3,3,5
2183,2025-03-19,"[6, 11, 19, 25, 34, 36]",131.0,22.0,6.0,36.0,30.0,3.0,3.0,0.0,9.0,1.0,21.833333333333332,3,3,"[1, 2, 1, 2]","[5, 8, 6, 9, 2]","[0, 1, 0, 0, 1, 1, 2, 0, 0, 1]",2,3,4,4
2184,2025-03-22,"[3, 10, 13, 15, 18, 33]",92.0,14.0,3.0,33.0,30.0,4.0,5.0,0.0,15.0,1.0,15.333333333333334,2,1,"[2, 3, 0, 1]","[7, 3, 2, 3, 15]","[1, 0, 0, 3, 0, 1, 0, 0, 1, 0]",0,0,0,3
2185,2025-03-26,"[7, 11, 17, 22, 24, 26]",107.0,19.5,7.0,26.0,19.0,3.0,3.0,0.0,6.0,2.0,17.833333333333332,3,3,"[1, 2, 3, 0]","[4, 6, 5, 2, 2]","[0, 1, 1, 0, 1, 0, 1, 2, 0, 0]",0,1,2,3
2186,2025-03-29,"[4, 9, 10, 19, 29, 38]",109.0,14.5,4.0,38.0,34.0,3.0,4.0,1.0,10.0,1.0,18.166666666666668,3,2,"[3, 1, 1, 1]","[5, 1, 9, 10, 9]","[1, 0, 0, 0, 1, 0, 0, 0, 1, 3]",0,1,2,3
2187,2025-04-02,"[2, 6, 9, 15, 19, 26]",77.0,12.0,2.0,26.0,24.0,3.0,5.0,0.0,7.0,0.0,12.833333333333334,3,1,"[3, 2, 1, 0]","[4, 3, 6, 4, 7]","[0, 0, 1, 0, 0, 1, 2, 0, 0, 2]",2,3,4,6
2188,2025-04-05,"[16, 19, 24, 25, 35, 37]",156.0,24.5,16.0,37.0,21.0,4.0,2.0,1.0,10.0,2.0,26.0,2,4,"[0, 2, 2, 2]","[3, 5, 1, 10, 2]","[0, 0, 0, 0, 1, 2, 1, 1, 0, 1]",1,1,2,3
2189,2025-04-09,"[1, 5, 11, 20, 25, 30]",92.0,15.5,1.0,30.0,29.0,4.0,3.0,0.0,9.0,0.0,15.333333333333334,2,3,"[2, 2, 2, 0]","[4, 6, 9, 5, 5]","[2, 2, 0, 0, 0, 2, 0, 0, 0, 0]",1,1,1,2
2190,2025-04-12,"[6, 19, 27, 30, 31, 38]",151.0,28.5,6.0,38.0,32.0,3.0,2.0,1.0,13.0,1.0,25.166666666666668,3,4,"[1, 1, 2, 2]","[13, 8, 3, 1, 7]","[1, 1, 0, 0, 0, 0, 1, 1, 1, 1]",1,2,3,4
2191,2025-04-16,"[11, 14, 20, 22, 28, 37]",132.0,21.0,11.0,37.0,26.0,2.0,2.0,0.0,9.0,1.0,22.0,4,4,"[0, 3, 2, 1]","[3, 6, 2, 6, 9]","[1, 1, 1, 0, 1, 0, 0, 1, 1, 0]",0,2,3,3
2192,2025-04-19,"[8, 10, 14, 28, 34, 35]",129.0,21.0,8.0,35.0,27.0,1.0,3.0,1.0,14.0,2.0,21.5,5,3,"[2, 1, 1, 2]","[2, 4, 14, 6, 1]","[1, 0, 0, 0, 2, 1, 0, 0, 2, 0]",2,2,2,3
2193,2025-04-23,"[20, 21, 22, 23, 27, 28]",141.0,22.5,20.0,28.0,8.0,3.0,0.0,4.0,4.0,4.0,23.5,3,6,"[0, 1, 5, 0]","[1, 1, 1, 4, 1]","[1, 1, 1, 1, 0, 0, 0, 1, 1, 0]",1,3,4,4
2194,2025-04-26,"[6, 10, 18, 23, 25, 35]",117.0,20.5,6.0,35.0,29.0,3.0,3.0,0.0,10.0,1.0,19.5,3,3,"[2, 1, 2, 1]","[4, 8, 5, 2, 10]","[1, 0, 0, 1, 0, 2, 1, 0, 1, 0]",1,3,3,5
2195,2025-04-30,"[7, 14, 21, 33, 35, 37]",147.0,27.0,7.0,37.0,30.0,5.0,2.0,0.0,12.0,2.0,24.5,1,4,"[1, 1, 1, 3]","[7, 7, 12, 2, 2]","[0, 1, 0, 1, 1, 1, 0, 2, 0, 0]",1,2,3,4
2196,2025-05-03,"[9, 14, 20, 24, 26, 37]",130.0,22.0,9.0,37.0,28.0,2.0,2.0,0.0,11.0,1.0,21.666666666666668,4,4,"[1, 2, 2, 1]","[5, 6, 4, 2, 11]","[1, 0, 0, 0, 2, 0, 1, 1, 0, 1]",2,2,3,3
2197,2025-05-07,"[11, 14, 22, 32, 35, 36]",150.0,27.0,11.0,36.0,25.0,2.0,2.0,1.0,10.0,1.0,25.0,4,4,"[0, 2, 1, 3]","[3, 8, 10, 3, 1]","[0, 1, 2, 0, 1, 1, 1, 0, 0, 0]",1,2,2,3
2198,2025-05-10,"[5, 11, 12, 20, 28, 32]",108.0,16.0,5.0,32.0,27.0,2.0,3.0,1.0,8.0,1.0,18.0,4,3,"[1, 3, 1, 1]","[6, 1, 8, 8, 4]","[1, 1, 2, 0, 0, 1, 0, 0, 1, 0]",2,3,3,4
2199,2025-05-14,"[3, 4, 11, 15, 20, 26]",79.0,13.0,3.0,26.0,23.0,3.0,4.0,1.0,7.0,1.0,13.166666666666666,3,2,"[2, 3, 1, 0]","[1, 7, 4, 5, 6]","[1, 1, 0, 1, 1, 1, 1, 0, 0, 0]",2,2,3,3
2200,2025-05-17,"[4, 7, 11, 17, 30, 31]",100.0,14.0,4.0,31.0,27.0,4.0,4.0,1.0,13.0,1.0,16.666666666666668,2,2,"[2, 2, 1, 1]","[3, 4, 6, 13, 1]","[1, 2, 0, 0, 1, 0, 0, 2, 0, 0]",2,2,2,3
2201,2025-05-21,"[1, 2, 4, 12, 15, 24]",58.0,8.0,1.0,24.0,23.0,2.0,5.0,1.0,9.0,2.0,9.666666666666666,4,1,"[3, 2, 1, 0]","[1, 2, 8, 3, 9]","[0, 1, 2, 0, 2, 1, 0, 0, 0, 0]",1,2,3,4
2202,2025-05-24,"[5, 12, 21, 28, 31, 37]",134.0,24.5,5.0,37.0,32.0,4.0,2.0,0.0,9.0,0.0,22.333333333333332,2,4,"[1, 1, 2, 2]","[7, 9, 7, 3, 6]","[0, 2, 1, 0, 0, 1, 0, 1, 1, 0]",1,2,2,4
2203,2025-05-28,"[10, 12, 26, 27, 29, 32]",136.0,26.5,10.0,32.0,22.0,2.0,2.0,1.0,14.0,3.0,22.666666666666668,4,4,"[1, 1, 3, 1]","[2, 14, 1, 2, 3]","[1, 0, 2, 0, 0, 0, 1, 1, 0, 1]",1,1,1,3
2204,2025-05-31,"[3, 5, 6, 8, 18, 34]",74.0,7.0,3.0,34.0,31.0,2.0,5.0,1.0,16.0,3.0,12.333333333333334,4,1,"[4, 1, 0, 1]","[2, 1, 2, 10, 16]","[0, 0, 0, 1, 1, 1, 1, 0, 2, 0]",0,1,1,2
2205,2025-06-04,"[1, 4, 11, 17, 18, 28]",79.0,14.0,1.0,28.0,27.0,3.0,5.0,1.0,10.0,1.0,13.166666666666666,3,1,"[2, 3, 1, 0]","[3, 7, 6, 1, 10]","[0, 2, 0, 0, 1, 0, 0, 1, 2, 0]",1,1,2,6
2206,2025-06-07,"[13, 19, 25, 30, 33, 34]",154.0,27.5,13.0,34.0,21.0,4.0,2.0,1.0,6.0,1.0,25.666666666666668,2,4,"[0, 2, 2, 2]","[6, 6, 5, 3, 1]","[1, 0, 0, 2, 1, 1, 0, 0, 0, 1]",0,1,1,1
2207,2025-06-11,"[5, 8, 22, 23, 24, 32]",114.0,22.5,5.0,32.0,27.0,2.0,2.0,2.0,14.0,2.0,19.0,4,4,"[2, 0, 3, 1]","[3, 14, 1, 1, 8]","[0, 0, 2, 1, 1, 1, 0, 0, 1, 0]",0,0,2,3
2208,2025-06-14,"[2, 3, 11, 16, 26, 31]",89.0,13.5,2.0,31.0,29.0,3.0,4.0,1.0,10.0,1.0,14.833333333333334,3,2,"[2, 2, 1, 1]","[1, 8, 5, 10, 5]","[0, 2, 1, 1, 0, 0, 2, 0, 0, 0]",0,0,1,3
2209,2025-06-18,"[8, 15, 19, 22, 24, 27]",115.0,20.5,8.0,27.0,19.0,3.0,3.0,0.0,7.0,1.0,19.166666666666668,3,3,"[1, 2, 3, 0]","[7, 4, 3, 2, 3]","[0, 0, 1, 0, 1, 1, 0, 1, 1, 1]",0,3,4,4
2210,2025-06-21,"[6, 24, 25, 29, 33, 36]",153.0,27.0,6.0,36.0,30.0,3.0,1.0,1.0,18.0,1.0,25.5,3,5,"[1, 0, 3, 2]","[18, 1, 4, 4, 3]","[0, 0, 0, 1, 1, 1, 2, 0, 0, 1]",1,1,1,3
2211,2025-06-25,"[6, 8, 15, 18, 25, 33]",105.0,16.5,6.0,33.0,27.0,3.0,4.0,0.0,8.0,1.0,17.5,3,2,"[2, 2, 1, 1]","[2, 7, 3, 7, 8]","[0, 0, 0, 1, 0, 2, 1, 0, 2, 0]",3,5,5,5
2212,2025-06-28,"[3, 11, 14, 18, 21, 24]",91.0,16.0,3.0,24.0,21.0,3.0,4.0,0.0,8.0,0.0,15.166666666666666,3,2,"[1, 3, 2, 0]","[8, 3, 4, 3, 3]","[0, 2, 0, 1, 2, 0, 0, 0, 1, 0]",1,2,2,4
2213,2025-07-02,"[3, 4, 14, 27, 30, 33]",111.0,20.5,3.0,33.0,30.0,3.0,3.0,1.0,13.0,1.0,18.5,3,3,"[2, 1, 2, 1]","[1, 10, 13, 3, 3]","[1, 0, 0, 2, 2, 0, 0, 1, 0, 0]",2,3,3,4
2214,2025-07-05,"[5, 8, 13, 15, 29, 33]",103.0,14.0,5.0,33.0,28.0,5.0,4.0,0.0,14.0,1.0,17.166666666666668,1,2,"[2, 2, 1, 1]","[3, 5, 2, 14, 4]","[0, 0, 0, 2, 0, 2, 0, 0, 1, 1]",1,1,3,4
2215,2025-07-09,"[1, 4, 17, 19, 29, 37]",107.0,18.0,1.0,37.0,36.0,5.0,4.0,0.0,13.0,1.0,17.833333333333332,1,2,"[2, 2, 1, 1]","[3, 13, 2, 10, 8]","[0, 1, 0, 0, 1, 0, 0, 2, 0, 2]",1,2,2,2
2216,2025-07-12,"[3, 8, 15, 18, 22, 25]",91.0,16.5,3.0,25.0,22.0,3.0,4.0,0.0,7.0,0.0,15.166666666666666,3,2,"[2, 2, 2, 0]","[5, 7, 3, 4, 3]","[0, 0, 1, 1, 0, 2, 0, 0, 2, 0]",0,2,3,5
2217,2025-07-16,"[4, 18, 25, 28, 30, 33]",138.0,26.5,4.0,33.0,29.0,2.0,2.0,0.0,14.0,1.0,23.0,4,4,"[1, 1, 3, 1]","[14, 7, 3, 2, 3]","[1, 0, 0, 1, 1, 1, 0, 0, 2, 0]",2,3,4,5
2218,2025-07-19,"[1, 3, 13, 27, 37, 38]",119.0,20.0,1.0,38.0,37.0,5.0,3.0,1.0,14.0,2.0,19.833333333333332,1,3,"[2, 1, 1, 2]","[2, 10, 14, 10, 1]","[0, 1, 0, 2, 0, 0, 0, 2, 1, 0]",0,1,3,5
2219,2025-07-23,"[7, 18, 24, 26, 28, 33]",136.0,25.0,7.0,33.0,26.0,2.0,2.0,0.0,11.0,2.0,22.666666666666668,4,4,"[1, 1, 3, 1]","[11, 6, 2, 2, 5]","[0, 0, 0, 1, 1, 0, 1, 1, 2, 0]",0,3,3,3
2220,2025-07-26,"[4, 6, 12, 27, 33, 36]",118.0,19.5,4.0,36.0,32.0,2.0,3.0,0.0,15.0,1.0,19.666666666666668,4,3,"[2, 1, 1, 2]","[2, 6, 15, 6, 3]","[0, 0, 1, 1, 1, 0, 2, 1, 0, 0]",1,2,3,3
2221,2025-07-30,"[9, 10, 13, 21, 22, 30]",105.0,17.0,9.0,30.0,21.0,3.0,3.0,2.0,8.0,2.0,17.5,3,3,"[2, 1, 3, 0]","[1, 3, 8, 1, 8]","[2, 1, 1, 1, 0, 0, 0, 0, 0, 1]",0,0,1,3
2222,2025-08-02,"[4, 10, 12, 18, 35, 38]",117.0,15.0,4.0,38.0,34.0,1.0,4.0,0.0,17.0,1.0,19.5,5,2,"[2, 2, 0, 2]","[6, 2, 6, 17, 3]","[1, 0, 1, 0, 1, 1, 0, 0, 2, 0]",1,3,4,5
2223,2025-08-06,"[8, 12, 19, 25, 27, 38]",129.0,22.0,8.0,38.0,30.0,3.0,3.0,0.0,11.0,1.0,21.5,3,3,"[1, 2, 2, 1]","[4, 7, 6, 2, 11]","[0, 0, 1, 0, 0, 1, 0, 1, 2, 1]",2,2,3,3
2224,2025-08-09,"[1, 14, 18, 23, 33, 37]",126.0,20.5,1.0,37.0,36.0,4.0,3.0,0.0,13.0,0.0,21.0,2,3,"[1, 2, 1, 2]","[13, 4, 5, 10, 4]","[0, 1, 0, 2, 1, 0, 0, 1, 1, 0]",0,1,1,2
2225,2025-08-13,"[5, 8, 11, 17, 27, 30]",98.0,14.0,5.0,30.0,25.0,4.0,4.0,0.0,10.0,0.0,16.333333333333332,2,2,"[2, 2, 2, 0]","[3, 3, 6, 10, 3]","[1, 1, 0, 0, 0, 1, 0, 2, 1, 0]",0,2,2,3
2226,2025-08-16,"[2, 7, 13, 18, 26, 27]",93.0,15.5,2.0,27.0,25.0,3.0,4.0,1.0,8.0,1.0,15.5,3,2,"[2, 2, 2, 0]","[5, 6, 5, 8, 1]","[0, 0, 1, 1, 0, 0, 1, 2, 1, 0]",1,2,2,3
2227,2025-08-20,"[7, 8, 13, 20, 22, 38]",108.0,16.5,7.0,38.0,31.0,2.0,3.0,1.0,16.0,2.0,18.0,4,3,"[2, 2, 1, 1]","[1, 5, 7, 2, 16]","[1, 0, 1, 1, 0, 0, 0, 1, 2, 0]",2,3,3,4
2228,2025-08-23,"[4, 16, 17, 26, 32, 34]",129.0,21.5,4.0,34.0,30.0,1.0,3.0,1.0,12.0,2.0,21.5,5,3,"[1, 2, 1, 2]","[12, 1, 9, 6, 2]","[0, 0, 1, 0, 2, 0, 2, 1, 0, 0]",0,1,2,2
2229,2025-08-27,"[21, 24, 25, 28, 29, 34]",161.0,26.5,21.0,34.0,13.0,3.0,0.0,2.0,5.0,2.0,26.833333333333332,3,6,"[0, 0, 5, 1]","[3, 1, 3, 1, 5]","[0, 1, 0, 0, 2, 1, 0, 0, 1, 1]",1,1,1,1
2230,2025-08-30,"[2, 4, 5, 30, 33, 37]",111.0,17.5,2.0,37.0,35.0,3.0,3.0,1.0,25.0,2.0,18.5,3,3,"[3, 0, 1, 2]","[2, 1, 25, 3, 4]","[1, 0, 1, 1, 1, 1, 0, 1, 0, 0]",0,1,1,4
2231,2025-09-03,"[8, 11, 13, 17, 20, 25]",94.0,15.0,8.0,25.0,17.0,4.0,4.0,0.0,5.0,1.0,15.666666666666666,2,2,"[1, 4, 1, 0]","[3, 2, 4, 3, 5]","[1, 1, 0, 1, 0, 1, 0, 1, 1, 0]",0,1,2,5
2232,2025-09-06,"[8, 24, 26, 29, 33, 37]",157.0,27.5,8.0,37.0,29.0,3.0,1.0,0.0,16.0,1.0,26.166666666666668,3,5,"[1, 0, 3, 2]","[16, 2, 3, 4, 4]","[0, 0, 0, 1, 1, 0, 1, 1, 1, 1]",1,3,5,6
2233,2025-09-10,"[11, 12, 21, 34, 36, 37]",151.0,27.5,11.0,37.0,26.0,3.0,2.0,2.0,13.0,3.0,25.166666666666668,3,4,"[0, 2, 1, 3]","[1, 9, 13, 2, 1]","[0, 2, 1, 0, 1, 0, 1, 1, 0, 0]",1,2,2,4
2234,2025-09-13,"[2, 7, 15, 16, 20, 36]",96.0,15.5,2.0,36.0,34.0,2.0,4.0,1.0,16.0,1.0,16.0,4,2,"[2, 3, 0, 1]","[5, 8, 1, 4, 16]","[1, 0, 1, 0, 0, 1, 2, 1, 0, 0]",1,1,2,3
2235,2025-09-17,"[1, 3, 20, 22, 26, 27]",99.0,21.0,1.0,27.0,26.0,3.0,2.0,1.0,17.0,3.0,16.5,3,4,"[2, 1, 3, 0]","[2, 17, 2, 4, 1]","[1, 1, 1, 1, 0, 0, 1, 1, 0, 0]",1,1,2,2
2236,2025-09-20,"[1, 4, 13, 14, 21, 37]",90.0,13.5,1.0,37.0,36.0,4.0,4.0,1.0,16.0,1.0,15.0,2,2,"[2, 2, 1, 1]","[3, 9, 1, 7, 16]","[0, 2, 0, 1, 2, 0, 0, 1, 0, 0]",1,1,3,4
2237,2025-09-24,"[4, 13, 17, 18, 34, 35]",121.0,17.5,4.0,35.0,31.0,3.0,4.0,2.0,16.0,2.0,20.166666666666668,3,2,"[1, 3, 0, 2]","[9, 4, 1, 16, 1]","[0, 0, 0, 1, 2, 1, 0, 1, 1, 0]",2,2,2,3
2238,2025-09-27,"[1, 5, 9, 14, 28, 35]",92.0,11.5,1.0,35.0,34.0,4.0,4.0,0.0,14.0,0.0,15.333333333333334,2,2,"[3, 1, 1, 1]","[4, 4, 5, 14, 7]","[0, 1, 0, 0, 1, 2, 0, 0, 1, 1]",1,3,3,3
2239,2025-10-01,"[1, 7, 17, 23, 37, 38]",123.0,20.0,1.0,38.0,37.0,5.0,3.0,1.0,14.0,1.0,20.5,1,3,"[2, 1, 1, 2]","[6, 10, 6, 14, 1]","[0, 1, 0, 1, 0, 0, 0, 3, 1, 0]",1,2,3,4
2240,2025-10-04,"[10, 13, 18, 24, 30, 38]",133.0,21.0,10.0,38.0,28.0,1.0,3.0,0.0,8.0,0.0,22.166666666666668,5,3,"[1, 2, 2, 1]","[3, 5, 6, 6, 8]","[2, 0, 0, 1, 1, 0, 0, 0, 2, 0]",1,1,3,3
2241,2025-10-08,"[1, 6, 8, 14, 18, 32]",79.0,11.0,1.0,32.0,31.0,1.0,5.0,0.0,14.0,1.0,13.166666666666666,5,1,"[3, 2, 0, 1]","[5, 2, 6, 4, 14]","[0, 1, 1, 0, 1, 0, 1, 0, 2, 0]",1,2,3,3
2242,2025-10-11,"[1, 11, 16, 18, 25, 32]",103.0,17.0,1.0,32.0,31.0,3.0,4.0,0.0,10.0,1.0,17.166666666666668,3,2,"[1, 3, 1, 1]","[10, 5, 2, 7, 7]","[0, 2, 1, 0, 0, 1, 1, 0, 1, 0]",3,3,3,3
2243,2025-10-15,"[14, 20, 23, 31, 33, 37]",158.0,27.0,14.0,37.0,23.0,4.0,1.0,0.0,8.0,1.0,26.333333333333332,2,5,"[0, 2, 1, 3]","[6, 3, 8, 2, 4]","[1, 1, 0, 2, 1, 0, 0, 1, 0, 0]",0,1,1,3
2244,2025-10-18,"[6, 19, 20, 28, 37, 38]",148.0,24.0,6.0,38.0,32.0,2.0,2.0,2.0,13.0,2.0,24.666666666666668,4,4,"[1, 2, 1, 2]","[13, 1, 8, 9, 1]","[1, 0, 0, 0, 0, 0, 1, 1, 2, 1]",2,2,3,4
2245,2025-10-22,"[1, 2, 10, 25, 32, 34]",104.0,17.5,1.0,34.0,33.0,2.0,3.0,1.0,15.0,2.0,17.333333333333332,4,3,"[3, 0, 1, 2]","[1, 8, 15, 7, 2]","[1, 1, 2, 0, 1, 1, 0, 0, 0, 0]",0,0,3,4
2246,2025-10-25,"[11, 14, 16, 23, 31, 35]",130.0,19.5,11.0,35.0,24.0,4.0,3.0,0.0,8.0,1.0,21.666666666666668,2,3,"[0, 3, 1, 2]","[3, 2, 7, 8, 4]","[0, 2, 0, 1, 1, 1, 1, 0, 0, 0]",0,0,3,5
2247,2025-11-01,"[2, 13, 24, 25, 35, 37]",136.0,24.5,2.0,37.0,35.0,4.0,2.0,1.0,11.0,2.0,22.666666666666668,2,4,"[1, 1, 2, 2]","[11, 11, 1, 10, 2]","[0, 0, 1, 1, 1, 2, 0, 1, 0, 0]",1,3,4,4
2248,2025-11-05,"[4, 5, 18, 20, 23, 33]",103.0,19.0,4.0,33.0,29.0,3.0,3.0,1.0,13.0,2.0,17.166666666666668,3,3,"[2, 2, 1, 1]","[1, 13, 2, 3, 10]","[1, 0, 0, 2, 1, 1, 0, 0, 1, 0]",0,1,1,3
2249,2025-11-08,"[2, 15, 18, 22, 27, 35]",119.0,20.0,2.0,35.0,33.0,3.0,3.0,0.0,13.0,0.0,19.833333333333332,3,3,"[1, 2, 2, 1]","[13, 3, 4, 5, 8]","[0, 0, 2, 0, 0, 2, 0, 1, 1, 0]",1,3,3,3
2250,2025-11-12,"[3, 8, 10, 12, 26, 37]",96.0,11.0,3.0,37.0,34.0,2.0,4.0,0.0,14.0,2.0,16.0,4,2,"[3, 1, 1, 1]","[5, 2, 2, 14, 11]","[1, 0, 1, 1, 0, 0, 1, 1, 1, 0]",0,0,1,2
2251,2025-11-15,"[6, 10, 12, 14, 20, 33]",95.0,13.0,6.0,33.0,27.0,1.0,4.0,0.0,13.0,2.0,15.833333333333334,5,2,"[2, 3, 0, 1]","[4, 2, 2, 6, 13]","[2, 0, 1, 1, 1, 0, 1, 0, 0, 0]",2,2,4,5
2252,2025-11-19,"[2, 10, 21, 24, 29, 32]",118.0,22.5,2.0,32.0,30.0,2.0,2.0,0.0,11.0,0.0,19.666666666666668,4,4,"[2, 0, 3, 1]","[8, 11, 3, 5, 3]","[1, 1, 2, 0, 1, 0, 0, 0, 0, 1]",1,1,2,3
2253,2025-11-22,"[7, 12, 15, 23, 29, 38]",124.0,19.0,7.0,38.0,31.0,4.0,3.0,0.0,9.0,0.0,20.666666666666668,2,3,"[1, 2, 2, 1]","[5, 3, 8, 6, 9]","[0, 0, 1, 1, 0, 1, 0, 1, 1, 1]",1,2,2,4
2254,2025-11-26,"[6, 16, 19, 22, 28, 33]",124.0,20.5,6.0,33.0,27.0,2.0,3.0,0.0,10.0,0.0,20.666666666666668,4,3,"[1, 2, 2, 1]","[10, 3, 3, 6, 5]","[0, 0, 1, 1, 0, 0, 2, 0, 1, 1]",0,0,2,3
2255,2025-11-29,"[1, 3, 5, 16, 22, 28]",75.0,10.5,1.0,28.0,27.0,3.0,4.0,0.0,11.0,2.0,12.5,3,2,"[3, 1, 2, 0]","[2, 2, 11, 6, 6]","[0, 1, 1, 1, 0, 1, 1, 0, 1, 0]",3,3,3,4
2256,2025-12-03,"[16, 17, 21, 24, 28, 32]",138.0,22.5,16.0,32.0,16.0,2.0,2.0,1.0,4.0,1.0,23.0,4,4,"[0, 2, 3, 1]","[1, 4, 3, 4, 4]","[0, 1, 1, 0, 1, 0, 1, 1, 1, 0]",2,2,2,5
2257,2025-12-06,"[1, 6, 8, 12, 29, 33]",89.0,10.0,1.0,33.0,32.0,3.0,4.0,0.0,17.0,1.0,14.833333333333334,3,2,"[3, 1, 1, 1]","[5, 2, 4, 17, 4]","[0, 1, 1, 1, 0, 0, 1, 0, 1, 1]",0,1,3,5
2258,2025-12-10,"[2, 6, 9, 13, 15, 18]",63.0,11.0,2.0,18.0,16.0,3.0,6.0,0.0,4.0,1.0,10.5,3,0,"[3, 3, 0, 0]","[4, 3, 4, 2, 3]","[0, 0, 1, 1, 0, 1, 1, 0, 1, 1]",1,1,1,2
2259,2025-12-13,"[9, 11, 18, 26, 33, 38]",135.0,22.0,9.0,38.0,29.0,3.0,3.0,0.0,8.0,1.0,22.5,3,3,"[1, 2, 1, 2]","[2, 7, 8, 7, 5]","[0, 1, 0, 1, 0, 0, 1, 0, 2, 1]",2,3,3,3
2260,2025-12-17,"[5, 7, 10, 15, 33, 34]",104.0,12.5,5.0,34.0,29.0,4.0,4.0,1.0,18.0,2.0,17.333333333333332,2,2,"[3, 1, 0, 2]","[2, 3, 5, 18, 1]","[1, 0, 0, 1, 1, 2, 0, 1, 0, 0]",1,2,2,3
2261,2025-12-20,"[11, 18, 19, 20, 30, 34]",132.0,19.5,11.0,34.0,23.0,2.0,3.0,2.0,10.0,2.0,22.0,4,3,"[0, 4, 1, 1]","[7, 1, 1, 10, 4]","[2, 1, 0, 0, 1, 0, 0, 0, 1, 1]",1,3,3,3
2262,2025-12-24,"[13, 15, 16, 17, 26, 31]",118.0,16.5,13.0,31.0,18.0,4.0,4.0,2.0,9.0,3.0,19.666666666666668,2,2,"[0, 4, 1, 1]","[2, 1, 1, 9, 5]","[0, 1, 0, 1, 0, 1, 2, 1, 0, 0]",0,1,2,3
2263,2025-12-27,"[3, 4, 7, 8, 24, 27]",73.0,7.5,3.0,27.0,24.0,3.0,4.0,2.0,16.0,2.0,12.166666666666666,3,2,"[4, 0, 2, 0]","[1, 3, 1, 16, 3]","[0, 0, 0, 1, 2, 0, 0, 2, 1, 0]",0,0,1,1
2264,2025-12-31,"[3, 8, 10, 20, 28, 31]",100.0,15.0,3.0,31.0,28.0,2.0,3.0,0.0,10.0,1.0,16.666666666666668,4,3,"[3, 1, 1, 1]","[5, 2, 10, 8, 3]","[2, 1, 0, 1, 0, 0, 0, 0, 2, 0]",2,3,4,5
2265,2026-01-03,"[2, 3, 13, 18, 21, 37]",94.0,15.5,2.0,37.0,35.0,4.0,4.0,1.0,16.0,1.0,15.666666666666666,2,2,"[2, 2, 1, 1]","[1, 10, 5, 3, 16]","[0, 1, 1, 2, 0, 0, 0, 1, 1, 0]",1,1,2,3
2266,2026-01-07,"[7, 8, 12, 20, 35, 38]",120.0,16.0,7.0,38.0,31.0,2.0,3.0,1.0,15.0,1.0,20.0,4,3,"[2, 2, 0, 2]","[1, 4, 8, 15, 3]","[1, 0, 1, 0, 0, 1, 0, 1, 2, 0]",0,2,3,3
2267,2026-01-10,"[4, 9, 12, 13, 15, 34]",87.0,12.5,4.0,34.0,30.0,3.0,5.0,1.0,19.0,2.0,14.5,3,1,"[2, 3, 0, 1]","[5, 3, 1, 2, 19]","[0, 0, 1, 1, 2, 1, 0, 0, 0, 1]",1,2,2,4
2268,2026-01-14,"[15, 19, 26, 31, 36, 38]",165.0,28.5,15.0,38.0,23.0,3.0,2.0,0.0,7.0,1.0,27.5,3,4,"[0, 2, 1, 3]","[4, 7, 5, 5, 2]","[0, 1, 0, 0, 0, 1, 2, 0, 1, 1]",1,2,2,3
2269,2026-01-17,"[3, 4, 6, 17, 23, 26]",79.0,11.5,3.0,26.0,23.0,3.0,4.0,1.0,11.0,2.0,13.166666666666666,3,2,"[3, 1, 2, 0]","[1, 2, 11, 6, 3]","[0, 0, 0, 2, 1, 0, 2, 1, 0, 0]",1,2,2,3
2270,2026-01-21,"[6, 20, 28, 32, 35, 36]",157.0,30.0,6.0,36.0,30.0,1.0,1.0,1.0,14.0,1.0,26.166666666666668,5,5,"[1, 1, 1, 3]","[14, 8, 4, 3, 1]","[1, 0, 1, 0, 0, 1, 2, 0, 1, 0]",1,2,2,4
2271,2026-01-24,"[22, 23, 27, 35, 36, 37]",180.0,31.0,22.0,37.0,15.0,4.0,0.0,3.0,8.0,3.0,30.0,2,6,"[0, 0, 3, 3]","[1, 4, 8, 1, 1]","[0, 0, 1, 1, 0, 1, 1, 2, 0, 0]",2,3,3,3
2272,2026-01-28,"[2, 12, 16, 19, 28, 33]",110.0,17.5,2.0,33.0,31.0,2.0,4.0,0.0,10.0,0.0,18.333333333333332,4,2,"[1, 3, 1, 1]","[10, 4, 3, 9, 5]","[0, 0, 2, 1, 0, 0, 1, 0, 1, 1]",0,1,1,3
2273,2026-01-31,"[12, 20, 22, 31, 37, 38]",160.0,26.5,12.0,38.0,26.0,2.0,1.0,1.0,9.0,2.0,26.666666666666668,4,5,"[0, 2, 1, 3]","[8, 2, 9, 6, 1]","[1, 1, 2, 0, 0, 0, 0, 1, 1, 0]",1,3,4,6
2274,2026-02-04,"[5, 10, 13, 16, 30, 38]",112.0,14.5,5.0,38.0,33.0,2.0,4.0,0.0,14.0,0.0,18.666666666666668,4,2,"[2, 2, 1, 1]","[5, 3, 3, 14, 8]","[2, 0, 0, 1, 0, 1, 1, 0, 1, 0]",1,2,2,2
2275,2026-02-07,"[1, 13, 18, 29, 31, 34]",126.0,23.5,1.0,34.0,33.0,4.0,3.0,0.0,12.0,1.0,21.0,2,3,"[1, 2, 1, 2]","[12, 5, 11, 2, 3]","[0, 2, 0, 1, 1, 0, 0, 0, 1, 1]",1,2,2,2
2276,2026-02-11,"[3, 7, 16, 17, 31, 33]",107.0,16.5,3.0,33.0,30.0,5.0,4.0,1.0,14.0,2.0,17.833333333333332,1,2,"[2, 2, 0, 2]","[4, 9, 1, 14, 2]","[0, 1, 0, 2, 0, 0, 1, 2, 0, 0]",1,2,2,3
2277,2026-02-14,"[7, 8, 18, 31, 32, 34]",130.0,24.5,7.0,34.0,27.0,2.0,3.0,2.0,13.0,3.0,21.666666666666668,4,3,"[2, 1, 0, 3]","[1, 10, 13, 1, 2]","[0, 1, 1, 0, 1, 0, 0, 1, 2, 0]",2,4,4,4
2278,2026-02-18,"[8, 13, 25, 30, 34, 38]",148.0,27.5,8.0,38.0,30.0,2.0,2.0,0.0,12.0,0.0,24.666666666666668,4,4,"[1, 1, 2, 2]","[5, 12, 5, 4, 4]","[1, 0, 0, 1, 1, 1, 0, 0, 2, 0]",2,2,3,5
2279,2026-02-21,"[1, 4, 6, 8, 14, 35]",68.0,7.0,1.0,35.0,34.0,2.0,5.0,0.0,21.0,2.0,11.333333333333334,4,1,"[4, 1, 0, 1]","[3, 2, 2, 6, 21]","[0, 1, 0, 0, 2, 1, 1, 0, 1, 0]",1,1,1,2
2280,2026-02-25,"[2, 18, 24, 27, 29, 32]",132.0,25.5,2.0,32.0,30.0,2.0,2.0,0.0,16.0,1.0,22.0,4,4,"[1, 1, 3, 1]","[16, 6, 3, 2, 3]","[0, 0, 2, 0, 1, 0, 0, 1, 1, 1]",0,0,2,3
2281,2026-02-28,"[4, 8, 10, 12, 26, 36]",96.0,11.0,4.0,36.0,32.0,0.0,4.0,0.0,14.0,2.0,16.0,6,2,"[3, 1, 1, 1]","[4, 2, 2, 14, 10]","[1, 0, 1, 0, 1, 0, 2, 0, 1, 0]",0,2,2,2
2282,2026-03-04,"[6, 12, 14, 16, 35, 38]",121.0,15.0,6.0,38.0,32.0,1.0,4.0,0.0,19.0,2.0,20.166666666666668,5,2,"[1, 3, 0, 2]","[6, 2, 2, 19, 3]","[0, 0, 1, 0, 1, 1, 2, 0, 1, 0]",1,1,4,5
2283,2026-03-07,"[2, 4, 8, 16, 26, 29]",85.0,12.0,2.0,29.0,27.0,1.0,4.0,0.0,10.0,1.0,14.166666666666666,5,2,"[3, 1, 2, 0]","[2, 4, 8, 10, 3]","[0, 0, 1, 0, 1, 0, 2, 0, 1, 1]",1,4,6,6
2284,2026-03-11,"[8, 15, 17, 27, 36, 38]",141.0,22.0,8.0,38.0,30.0,3.0,3.0,0.0,10.0,2.0,23.5,3,3,"[1, 2, 1, 2]","[7, 2, 10, 9, 2]","[0, 0, 0, 0, 0, 1, 1, 2, 2, 0]",1,2,3,4
2285,2026-03-14,"[7, 15, 19, 20, 30, 33]",124.0,19.5,7.0,33.0,26.0,4.0,3.0,1.0,10.0,1.0,20.666666666666668,2,3,"[1, 3, 1, 1]","[8, 4, 1, 10, 3]","[2, 0, 0, 1, 0, 1, 0, 1, 0, 1]",1,1,1,1
2286,2026-03-18,"[1, 8, 12, 13, 30, 38]",102.0,12.5,1.0,38.0,37.0,2.0,4.0,1.0,17.0,1.0,17.0,4,2,"[2, 2, 1, 1]","[7, 4, 1, 17, 8]","[1, 1, 1, 1, 0, 0, 0, 0, 2, 0]",1,3,3,4
2287,2026-03-21,"[2, 4, 11, 12, 32, 34]",95.0,11.5,2.0,34.0,32.0,1.0,4.0,1.0,20.0,3.0,15.833333333333334,5,2,"[2, 2, 0, 2]","[2, 7, 1, 20, 2]","[0, 1, 3, 0, 2, 0, 0, 0, 0, 0]",1,1,1,3
2288,2026-03-25,"[3, 7, 12, 29, 35, 36]",122.0,20.5,3.0,36.0,33.0,4.0,3.0,1.0,17.0,1.0,20.333333333333332,2,3,"[2, 1, 1, 2]","[4, 5, 17, 6, 1]","[0, 0, 1, 1, 0, 1, 1, 1, 0, 1]",1,1,2,4
2289,2026-03-28,"[4, 16, 21, 24, 25, 37]",127.0,22.5,4.0,37.0,33.0,3.0,2.0,1.0,12.0,1.0,21.166666666666668,3,4,"[1, 1, 3, 1]","[12, 5, 3, 1, 12]","[0, 1, 0, 0, 2, 1, 1, 1, 0, 0]",0,1,1,1
2290,2026-04-01,"[5, 6, 8, 15, 23, 33]",90.0,11.5,5.0,33.0,28.0,4.0,4.0,1.0,10.0,2.0,15.0,2,2,"[3, 1, 1, 1]","[1, 2, 7, 8, 10]","[0, 0, 0, 2, 0, 2, 1, 0, 1, 0]",0,0,0,3
2291,2026-04-04,"[8, 10, 16, 31, 33, 35]",133.0,23.5,8.0,35.0,27.0,3.0,3.0,0.0,15.0,3.0,22.166666666666668,3,3,"[2, 1, 0, 3]","[2, 6, 15, 2, 2]","[1, 1, 0, 1, 0, 1, 1, 0, 1, 0]",2,3,4,4
2292,2026-04-08,"[11, 13, 15, 24, 32, 36]",131.0,19.5,11.0,36.0,25.0,3.0,3.0,0.0,9.0,2.0,21.833333333333332,3,3,"[0, 3, 1, 2]","[2, 2, 9, 8, 4]","[0, 1, 1, 1, 1, 1, 1, 0, 0, 0]",0,1,2,5
2293,2026-04-11,"[6, 17, 22, 25, 35, 37]",142.0,23.5,6.0,37.0,31.0,4.0,2.0,0.0,11.0,1.0,23.666666666666668,2,4,"[1, 1, 2, 2]","[11, 5, 3, 10, 2]","[0, 0, 1, 0, 0, 2, 1, 2, 0, 0]",0,1,2,4
2294,2026-04-15,"[9, 12, 19, 21, 22, 35]",118.0,20.0,9.0,35.0,26.0,4.0,3.0,1.0,13.0,2.0,19.666666666666668,2,3,"[1, 2, 2, 1]","[3, 7, 2, 1, 13]","[0, 1, 2, 0, 0, 1, 0, 0, 0, 2]",2,2,2,3
2295,2026-04-18,"[2, 5, 20, 22, 26, 35]",110.0,21.0,2.0,35.0,33.0,2.0,2.0,0.0,15.0,1.0,18.333333333333332,4,4,"[2, 1, 2, 1]","[3, 15, 2, 4, 9]","[1, 0, 2, 0, 0, 2, 1, 0, 0, 0]",2,2,2,3
2296,2026-04-22,"[1, 7, 23, 27, 31, 38]",127.0,25.0,1.0,38.0,37.0,5.0,2.0,0.0,16.0,0.0,21.166666666666668,1,4,"[2, 0, 2, 2]","[6, 16, 4, 4, 7]","[0, 2, 0, 1, 0, 0, 0, 2, 1, 0]",0,0,0,1
2297,2026-04-25,"[6, 9, 17, 20, 22, 38]",112.0,18.5,6.0,38.0,32.0,2.0,3.0,0.0,16.0,1.0,18.666666666666668,4,3,"[2, 2, 1, 1]","[3, 8, 3, 2, 16]","[1, 0, 1, 0, 0, 0, 1, 1, 1, 1]",1,3,4,6
2298,2026-04-29,"[9, 15, 17, 21, 25, 28]",115.0,19.0,9.0,28.0,19.0,5.0,3.0,0.0,6.0,1.0,19.166666666666668,1,3,"[1, 2, 3, 0]","[6, 2, 4, 4, 3]","[0, 1, 0, 0, 0, 2, 0, 1, 1, 1]",2,2,2,4
2299,2026-05-02,"[2, 15, 24, 30, 35, 36]",142.0,27.0,2.0,36.0,34.0,2.0,2.0,1.0,13.0,1.0,23.666666666666668,4,4,"[1, 1, 2, 2]","[13, 9, 6, 5, 1]","[1, 0, 1, 0, 1, 2, 1, 0, 0, 0]",1,1,1,3
2300,2026-05-06,"[5, 6, 18, 27, 29, 38]",123.0,22.5,5.0,38.0,33.0,3.0,3.0,1.0,12.0,2.0,20.5,3,3,"[2, 1, 2, 1]","[1, 12, 9, 2, 9]","[0, 0, 0, 0, 0, 1, 1, 1, 2, 1]",0,0,2,4
2301,2026-05-09,"[1, 25, 26, 27, 28, 37]",144.0,26.5,1.0,37.0,36.0,4.0,1.0,3.0,24.0,3.0,24.0,2,5,"[1, 0, 4, 1]","[24, 1, 1, 1, 9]","[0, 1, 0, 0, 0, 1, 1, 2, 1, 0]",1,1,3,4
2302,2026-05-13,"[21, 23, 29, 32, 36, 38]",179.0,30.5,21.0,38.0,17.0,3.0,0.0,0.0,6.0,2.0,29.833333333333332,3,6,"[0, 0, 3, 3]","[2, 6, 3, 4, 2]","[0, 1, 1, 1, 0, 0, 1, 0, 1, 1]",0,2,3,4
2303,2026-05-16,"[1, 6, 25, 34, 35, 36]",137.0,29.5,1.0,36.0,35.0,3.0,2.0,2.0,19.0,2.0,22.833333333333332,3,4,"[2, 0, 1, 3]","[5, 19, 9, 1, 1]","[0, 1, 0, 0, 1, 2, 2, 0, 0, 0]",1,3,4,5
2304,2026-05-20,"[3, 6, 9, 10, 14, 15]",57.0,9.5,3.0,15.0,12.0,3.0,6.0,2.0,4.0,2.0,9.5,3,0,"[4, 2, 0, 0]","[3, 3, 1, 4, 1]","[1, 0, 0, 1, 1, 1, 1, 0, 0, 1]",1,1,1,2
2305,2026-05-23,"[7, 16, 17, 18, 30, 31]",119.0,17.5,7.0,31.0,24.0,3.0,4.0,3.0,12.0,3.0,19.833333333333332,3,2,"[1, 3, 1, 1]","[9, 1, 1, 12, 1]","[1, 1, 0, 0, 0, 0, 1, 2, 1, 0]",0,0,0,1
2306,2026-05-27,"[9, 10, 17, 20, 31, 32]",119.0,18.5,9.0,32.0,23.0,3.0,3.0,2.0,11.0,2.0,19.833333333333332,3,3,"[2, 2, 0, 2]","[1, 7, 3, 11, 1]","[2, 1, 1, 0, 0, 0, 0, 1, 0, 1]",2,4,4,5
2307,2026-05-30,"[18, 23, 27, 31, 35, 36]",170.0,29.0,18.0,36.0,18.0,4.0,1.0,1.0,5.0,1.0,28.333333333333332,2,5,"[0, 1, 2, 3]","[5, 4, 4, 4, 1]","[0, 1, 0, 1, 0, 1, 1, 1, 1, 0]",1,2,2,5
2308,2026-06-03,"[6, 8, 11, 13, 20, 34]",92.0,12.0,6.0,34.0,28.0,2.0,4.0,0.0,14.0,2.0,15.333333333333334,4,2,"[2, 3, 0, 1]","[2, 3, 2, 7, 14]","[1, 1, 0, 1, 1, 0, 1, 0, 1, 0]",0,1,1,3
2309,2026-06-06,"[1, 10, 11, 32, 33, 36]",123.0,21.5,1.0,36.0,35.0,3.0,3.0,2.0,21.0,2.0,20.5,3,3,"[2, 1, 0, 3]","[9, 1, 21, 1, 3]","[1, 2, 1, 1, 0, 0, 1, 0, 0, 0]",1,2,4,4
2310,2026-06-10,"[3, 9, 10, 31, 32, 35]",120.0,20.5,3.0,35.0,32.0,4.0,3.0,2.0,21.0,2.0,20.0,2,3,"[3, 0, 0, 3]","[6, 1, 21, 1, 3]","[1, 1, 1, 1, 0, 1, 0, 0, 0, 1]",2,2,4,5
2311,2026-06-13,"[8, 26, 30, 35, 37, 38]",174.0,32.5,8.0,38.0,30.0,2.0,1.0,1.0,18.0,2.0,29.0,4,5,"[1, 0, 2, 3]","[18, 4, 5, 2, 1]","[1, 0, 0, 0, 0, 1, 1, 1, 2, 0]",1,1,2,2
2312,2026-06-17,"[14, 15, 16, 19, 30, 38]",132.0,17.5,14.0,38.0,24.0,2.0,4.0,2.0,11.0,2.0,22.0,4,2,"[0, 4, 1, 1]","[1, 1, 3, 11, 8]","[1, 0, 0, 0, 1, 1, 1, 0, 1, 1]",2,2,2,2
2313,2026-06-20,"[8, 9, 14, 23, 30, 36]",120.0,18.5,8.0,36.0,28.0,2.0,3.0,1.0,9.0,1.0,20.0,4,3,"[2, 1, 2, 1]","[1, 5, 9, 7, 6]","[1, 0, 0, 1, 1, 0, 1, 0, 1, 1]",2,3,4,5
2314,2026-06-24,"[14, 17, 18, 23, 25, 34]",131.0,20.5,14.0,34.0,20.0,3.0,3.0,1.0,9.0,2.0,21.833333333333332,3,3,"[0, 3, 2, 1]","[3, 1, 5, 2, 9]","[0, 0, 0, 1, 2, 1, 0, 1, 1, 0]",2,2,2,2
2315,2026-06-27,"[8, 9, 19, 24, 29, 36]",125.0,21.5,8.0,36.0,28.0,3.0,3.0,1.0,10.0,1.0,20.833333333333332,3,3,"[2, 1, 2, 1]","[1, 10, 5, 5, 7]","[0, 0, 0, 0, 1, 0, 1, 0, 1, 3]",0,3,4,4
2316,2026-07-01,"[13, 16, 23, 25, 30, 38]",145.0,24.0,13.0,38.0,25.0,3.0,2.0,0.0,8.0,1.0,24.166666666666668,3,4,"[0, 2, 3, 1]","[3, 7, 2, 5, 8]","[1, 0, 0, 2, 0, 1, 1, 0, 1, 0]",0,2,3,5
2317,2026-07-04,"[9, 14, 16, 21, 27, 34]",121.0,18.5,9.0,34.0,25.0,3.0,3.0,0.0,7.0,1.0,20.166666666666668,3,3,"[1, 2, 2, 1]","[5, 2, 5, 6, 7]","[0, 1, 0, 0, 2, 0, 1, 1, 0, 1]",1,2,4,4
2318,2026-07-08,"[16, 22, 24, 30, 32, 37]",161.0,27.0,16.0,37.0,21.0,1.0,1.0,0.0,6.0,2.0,26.833333333333332,5,5,"[0, 1, 3, 2]","[6, 2, 6, 2, 5]","[1, 0, 2, 0, 1, 0, 1, 1, 0, 0]",1,2,3,3
2319,2026-07-11,"[8, 10, 12, 15, 22, 24]",91.0,13.5,8.0,24.0,16.0,1.0,4.0,0.0,7.0,3.0,15.166666666666666,5,2,"[2, 2, 2, 0]","[2, 2, 3, 7, 2]","[1, 0, 2, 0, 1, 1, 0, 0, 1, 0]",2,2,2,3
2320,2026-07-15,"[1, 6, 13, 15, 29, 36]",100.0,14.0,1.0,36.0,35.0,4.0,4.0,0.0,14.0,1.0,16.666666666666668,2,2,"[2, 2, 1, 1]","[5, 7, 2, 14, 7]","[0, 1, 0, 1, 0, 1, 2, 0, 0, 1]",1,1,1,4
2321,2026-07-18,"[1, 6, 19, 31, 33, 35]",125.0,25.0,1.0,35.0,34.0,5.0,3.0,0.0,13.0,2.0,20.833333333333332,1,3,"[2, 1, 0, 3]","[5, 13, 12, 2, 2]","[0, 2, 0, 1, 0, 1, 1, 0, 0, 1]",2,2,2,2
2322,2026-07-22,"[4, 10, 11, 24, 25, 38]",112.0,17.5,4.0,38.0,34.0,2.0,3.0,2.0,13.0,2.0,18.666666666666668,4,3,"[2, 1, 2, 1]","[6, 1, 13, 1, 13]","[1, 1, 0, 0, 2, 1, 0, 0, 1, 0]",0,0,2,2
2323,2026-07-25,"[14, 15, 25, 28, 34, 38]",154.0,26.5,14.0,38.0,24.0,2.0,2.0,1.0,10.0,1.0,25.666666666666668,4,4,"[0, 2, 2, 2]","[1, 10, 3, 6, 4]","[0, 0, 0, 0, 2, 2, 0, 0, 2, 0]",2,2,3,3
2324,2026-07-29,"[3, 4, 12, 22, 24, 38]",103.0,17.0,3.0,38.0,35.0,1.0,3.0,1.0,14.0,2.0,17.166666666666668,5,3,"[2, 1, 2, 1]","[1, 8, 10, 2, 14]","[0, 0, 2, 1, 2, 0, 0, 0, 1, 0]",1,3,3,5
2325,2026-08-01,"[2, 8, 9, 31, 33, 35]",118.0,20.0,2.0,35.0,33.0,4.0,3.0,1.0,22.0,3.0,19.666666666666668,2,3,"[3, 0, 0, 3]","[6, 1, 22, 2, 2]","[0, 1, 1, 1, 0, 1, 0, 0, 1, 1]",0,0,0,3
2326,2026-08-05,"[2, 10, 14, 31, 35, 38]",130.0,22.5,2.0,38.0,36.0,2.0,3.0,0.0,17.0,0.0,21.666666666666668,4,3,"[2, 1, 0, 3]","[8, 4, 17, 4, 3]","[1, 1, 1, 0, 1, 1, 0, 0, 1, 0]",3,4,5,6
2327,2026-08-08,"[2, 12, 14, 20, 24, 27]",99.0,17.0,2.0,27.0,25.0,1.0,3.0,0.0,10.0,1.0,16.5,5,3,"[1, 3, 2, 0]","[10, 2, 6, 4, 3]","[1, 0, 2, 0, 2, 0, 0, 1, 0, 0]",2,2,4,4
2328,2026-08-12,"[5, 7, 10, 12, 23, 31]",88.0,11.0,5.0,31.0,26.0,4.0,4.0,0.0,11.0,2.0,14.666666666666666,2,2,"[3, 1, 1, 1]","[2, 3, 2, 11, 8]","[1, 1, 1, 1, 0, 1, 0, 1, 0, 0]",1,3,3,3
2329,2026-08-15,"[3, 4, 13, 19, 22, 26]",87.0,16.0,3.0,26.0,23.0,3.0,4.0,1.0,9.0,1.0,14.5,3,2,"[2, 2, 2, 0]","[1, 9, 6, 3, 4]","[0, 0, 1, 2, 1, 0, 1, 0, 0, 1]",0,0,0,3
2330,2026-08-19,"[2, 7, 15, 26, 32, 37]",119.0,20.5,2.0,37.0,35.0,3.0,3.0,0.0,11.0,0.0,19.833333333333332,3,3,"[2, 1, 1, 2]","[5, 8, 11, 6, 5]","[0, 0, 2, 0, 0, 1, 1, 2, 0, 0]",1,2,3,3
2331,2026-08-22,"[8, 13, 22, 23, 24, 33]",123.0,22.5,8.0,33.0,25.0,3.0,2.0,2.0,9.0,2.0,20.5,3,4,"[1, 1, 3, 1]","[5, 9, 1, 1, 9]","[0, 0, 1, 3, 1, 0, 0, 0, 1, 0]",0,2,3,4
2332,2026-08-26,"[7, 9, 17, 22, 24, 37]",116.0,19.5,7.0,37.0,30.0,4.0,3.0,0.0,13.0,2.0,19.333333333333332,2,3,"[2, 1, 2, 1]","[2, 8, 5, 2, 13]","[0, 0, 1, 0, 1, 0, 0, 3, 0, 1]",2,4,4,4
2333,2026-08-29,"[4, 9, 12, 13, 21, 35]",94.0,12.5,4.0,35.0,31.0,4.0,4.0,1.0,14.0,1.0,15.666666666666666,2,2,"[2, 2, 1, 1]","[5, 3, 1, 8, 14]","[0, 1, 1, 1, 1, 1, 0, 0, 0, 1]",1,2,2,4
2334,2026-09-02,"[1, 2, 4, 7, 19, 30]",63.0,5.5,1.0,30.0,29.0,3.0,5.0,1.0,12.0,2.0,10.5,3,1,"[4, 1, 1, 0]","[1, 2, 3, 12, 11]","[1, 1, 1, 0, 1, 0, 0, 1, 0, 1]",1,2,2,4
2335,2026-09-05,"[1, 6, 10, 15, 18, 20]",70.0,12.5,1.0,20.0,19.0,2.0,5.0,0.0,5.0,1.0,11.666666666666666,4,1,"[3, 3, 0, 0]","[5, 4, 5, 3, 2]","[2, 1, 0, 0, 0, 1, 1, 0, 1, 0]",1,1,1,2
2336,2026-09-09,"[8, 9, 13, 17, 24, 36]",107.0,15.0,8.0,36.0,28.0,3.0,4.0,1.0,12.0,1.0,17.833333333333332,3,2,"[2, 2, 1, 1]","[1, 4, 4, 7, 12]","[0, 0, 0, 1, 1, 0, 1, 1, 1, 1]",0,0,2,5
2337,2026-09-12,"[2, 4, 7, 18, 25, 29]",85.0,12.5,2.0,29.0,27.0,3.0,4.0,0.0,11.0,1.0,14.166666666666666,3,2,"[3, 1, 2, 0]","[2, 3, 11, 7, 4]","[0, 0, 1, 0, 1, 1, 0, 1, 1, 1]",0,1,4,4
2338,2026-09-16,"[1, 3, 10, 13, 18, 29]",74.0,11.5,1.0,29.0,28.0,4.0,5.0,0.0,11.0,1.0,12.333333333333334,2,1,"[3, 2, 1, 0]","[2, 7, 3, 5, 11]","[1, 1, 0, 2, 0, 0, 0, 0, 1, 1]",2,3,5,5
2339,2026-09-19,"[1, 4, 6, 13, 23, 28]",75.0,9.5,1.0,28.0,27.0,3.0,4.0,0.0,10.0,1.0,12.5,3,2,"[3, 1, 2, 0]","[3, 2, 7, 10, 5]","[0, 1, 0, 2, 1, 0, 1, 0, 1, 0]",2,3,3,4
