a,b,count,expected,lift_uniform,lift_empirical,p_enrichment,holm_p,bh_q,recency,last50,last100,first_half,second_half,survives_holm
1,2,4,3.8193456614509245,1.0472998137802607,0.6999022482893451,0.5322663721911238,1.0,0.9846927885535791,5,1,2,3,1,False
1,3,4,3.8193456614509245,1.0472998137802607,0.8344988344988346,0.5322663721911238,1.0,0.9846927885535791,1,1,2,2,2,False
1,4,7,3.8193456614509245,1.8327746741154562,1.1865530303030303,0.09048279396899092,1.0,0.9846927885535791,0,2,3,4,3,False
1,5,3,3.8193456614509245,0.7854748603351955,0.8564593301435407,0.7373498989845698,1.0,0.9930725665098781,84,0,1,2,1,False
1,6,8,3.8193456614509245,2.0945996275605214,1.4464646464646465,0.03933712746704622,1.0,0.9846927885535791,0,5,8,1,7,False
1,7,5,3.8193456614509245,1.309124767225326,1.0044893378226711,0.335529267999765,1.0,0.9846927885535791,5,2,2,3,2,False
1,8,4,3.8193456614509245,1.0472998137802607,0.5864045864045864,0.5322663721911238,1.0,0.9846927885535791,53,0,4,1,3,False
1,9,1,3.8193456614509245,0.2618249534450652,0.21696969696969698,0.978946356459951,1.0,0.9930725665098781,101,0,0,1,0,False
1,10,4,3.8193456614509245,1.0472998137802607,0.678030303030303,0.5322663721911238,1.0,0.9846927885535791,1,3,4,1,3,False
1,11,6,3.8193456614509245,1.570949720670391,1.2053872053872055,0.18540284401652957,1.0,0.9846927885535791,30,1,2,5,1,False
1,12,4,3.8193456614509245,1.0472998137802607,0.7232323232323232,0.5322663721911238,1.0,0.9846927885535791,53,0,2,2,2,False
1,13,7,3.8193456614509245,1.8327746741154562,1.1865530303030303,0.09048279396899092,1.0,0.9846927885535791,0,3,5,2,5,False
1,14,6,3.8193456614509245,1.570949720670391,1.2053872053872055,0.18540284401652957,1.0,0.9846927885535791,60,0,2,5,1,False
1,15,4,3.8193456614509245,1.0472998137802607,0.678030303030303,0.5322663721911238,1.0,0.9846927885535791,4,2,2,2,2,False
1,16,2,3.8193456614509245,0.5236499068901304,0.47167325428194995,0.8967820644465743,1.0,0.9930725665098781,84,0,2,1,1,False
1,17,3,3.8193456614509245,0.7854748603351955,0.6258741258741258,0.7373498989845698,1.0,0.9930725665098781,100,0,0,3,0,False
1,18,9,3.8193456614509245,2.356424581005587,1.284688995215311,0.015362596294258481,1.0,0.9846927885535791,1,2,5,6,3,False
1,19,4,3.8193456614509245,1.0472998137802607,0.8678787878787879,0.5322663721911238,1.0,0.9846927885535791,5,2,2,2,2,False
1,20,3,3.8193456614509245,0.7854748603351955,0.5811688311688312,0.7373498989845698,1.0,0.9930725665098781,4,1,1,2,1,False
1,21,3,3.8193456614509245,0.7854748603351955,0.678030303030303,0.7373498989845698,1.0,0.9930725665098781,103,0,0,3,0,False
1,22,2,3.8193456614509245,0.5236499068901304,0.3874458874458874,0.8967820644465743,1.0,0.9930725665098781,84,0,1,1,1,False
1,23,4,3.8193456614509245,1.0472998137802607,0.9862258953168044,0.5322663721911238,1.0,0.9846927885535791,0,2,2,2,2,False
1,24,2,3.8193456614509245,0.5236499068901304,0.31907308377896615,0.8967820644465743,1.0,0.9930725665098781,138,0,0,2,0,False
1,25,6,3.8193456614509245,1.570949720670391,1.0170454545454546,0.18540284401652957,1.0,0.9846927885535791,36,2,4,4,2,False
1,26,2,3.8193456614509245,0.5236499068901304,0.43393939393939396,0.8967820644465743,1.0,0.9930725665098781,38,1,1,1,1,False
1,27,4,3.8193456614509245,1.0472998137802607,0.9433465085638999,0.5322663721911238,1.0,0.9846927885535791,38,2,2,2,2,False
1,28,5,3.8193456614509245,1.309124767225326,1.2327823691460056,0.335529267999765,1.0,0.9846927885535791,0,2,3,2,3,False
1,29,5,3.8193456614509245,1.309124767225326,1.2327823691460056,0.335529267999765,1.0,0.9846927885535791,1,2,4,1,4,False
1,30,4,3.8193456614509245,1.0472998137802607,0.7748917748917749,0.5322663721911238,1.0,0.9846927885535791,5,1,2,2,2,False
1,31,3,3.8193456614509245,0.7854748603351955,0.6258741258741258,0.7373498989845698,1.0,0.9930725665098781,18,2,3,0,3,False
1,32,6,3.8193456614509245,1.570949720670391,1.3018181818181818,0.18540284401652957,1.0,0.9846927885535791,30,1,4,5,1,False
1,33,7,3.8193456614509245,1.8327746741154562,1.1167557932263814,0.09048279396899092,1.0,0.9846927885535791,18,2,3,4,3,False
1,34,4,3.8193456614509245,1.0472998137802607,0.8344988344988346,0.5322663721911238,1.0,0.9846927885535791,36,1,3,2,2,False
1,35,4,3.8193456614509245,1.0472998137802607,0.678030303030303,0.5322663721911238,1.0,0.9846927885535791,18,2,3,1,3,False
1,36,5,3.8193456614509245,1.309124767225326,1.043123543123543,0.335529267999765,1.0,0.9846927885535791,19,3,3,2,3,False
1,37,6,3.8193456614509245,1.570949720670391,1.084848484848485,0.18540284401652957,1.0,0.9846927885535791,38,1,1,5,1,False
1,38,5,3.8193456614509245,1.309124767225326,0.7748917748917749,0.335529267999765,1.0,0.9846927885535791,43,1,2,3,2,False
2,3,3,3.8193456614509245,0.7854748603351955,0.6662531017369727,0.7373498989845698,1.0,0.9930725665098781,74,0,1,2,1,False
2,4,6,3.8193456614509245,1.570949720670391,1.0826612903225807,0.18540284401652957,1.0,0.9846927885535791,2,2,4,2,4,False
2,5,3,3.8193456614509245,0.7854748603351955,0.9117147707979627,0.7373498989845698,1.0,0.9930725665098781,44,1,1,2,1,False
2,6,3,3.8193456614509245,0.7854748603351955,0.5774193548387097,0.7373498989845698,1.0,0.9930725665098781,81,0,1,2,1,False
2,7,6,3.8193456614509245,1.570949720670391,1.2831541218637992,0.18540284401652957,1.0,0.9846927885535791,2,3,3,3,3,False
2,8,2,3.8193456614509245,0.5236499068901304,0.3121185701830863,0.8967820644465743,1.0,0.9930725665098781,14,1,2,0,2,False
2,9,5,3.8193456614509245,1.309124767225326,1.1548387096774193,0.335529267999765,1.0,0.9846927885535791,14,1,2,3,2,False
2,10,5,3.8193456614509245,1.309124767225326,0.9022177419354839,0.335529267999765,1.0,0.9846927885535791,13,1,3,3,2,False
2,11,2,3.8193456614509245,0.5236499068901304,0.42771804062126645,0.8967820644465743,1.0,0.9930725665098781,52,0,1,1,1,False
2,12,5,3.8193456614509245,1.309124767225326,0.9623655913978495,0.335529267999765,1.0,0.9846927885535791,12,1,3,2,3,False
2,13,4,3.8193456614509245,1.0472998137802607,0.7217741935483871,0.5322663721911238,1.0,0.9846927885535791,74,0,3,2,2,False
2,14,3,3.8193456614509245,0.7854748603351955,0.6415770609318996,0.7373498989845698,1.0,0.9930725665098781,12,2,2,1,2,False
2,15,9,3.8193456614509245,2.356424581005587,1.623991935483871,0.015362596294258481,1.0,0.9846927885535791,9,2,4,6,3,False
2,16,4,3.8193456614509245,1.0472998137802607,1.0042075736325387,0.5322663721911238,1.0,0.9846927885535791,56,0,2,2,2,False
2,17,2,3.8193456614509245,0.5236499068901304,0.4441687344913151,0.8967820644465743,1.0,0.9930725665098781,157,0,0,2,0,False
2,18,6,3.8193456614509245,1.570949720670391,0.9117147707979627,0.18540284401652957,1.0,0.9846927885535791,2,1,5,2,4,False
2,19,5,3.8193456614509245,1.309124767225326,1.1548387096774193,0.335529267999765,1.0,0.9846927885535791,5,1,2,3,2,False
2,20,3,3.8193456614509245,0.7854748603351955,0.618663594470046,0.7373498989845698,1.0,0.9930725665098781,12,2,2,1,2,False
2,21,4,3.8193456614509245,1.0472998137802607,0.9623655913978495,0.5322663721911238,1.0,0.9846927885535791,74,0,2,2,2,False
2,22,3,3.8193456614509245,0.7854748603351955,0.618663594470046,0.7373498989845698,1.0,0.9930725665098781,44,1,2,2,1,False
2,23,1,3.8193456614509245,0.2618249534450652,0.2624633431085044,0.978946356459951,1.0,0.9930725665098781,167,0,0,1,0,False
2,24,7,3.8193456614509245,1.8327746741154562,1.1888045540796963,0.09048279396899092,1.0,0.9846927885535791,12,2,5,3,4,False
2,25,4,3.8193456614509245,1.0472998137802607,0.7217741935483871,0.5322663721911238,1.0,0.9846927885535791,2,1,3,3,1,False
2,26,6,3.8193456614509245,1.570949720670391,1.3858064516129032,0.18540284401652957,1.0,0.9846927885535791,9,2,3,3,3,False
2,27,4,3.8193456614509245,1.0472998137802607,1.0042075736325387,0.5322663721911238,1.0,0.9846927885535791,12,1,3,2,2,False
2,28,2,3.8193456614509245,0.5236499068901304,0.5249266862170088,0.8967820644465743,1.0,0.9930725665098781,67,0,1,1,1,False
2,29,5,3.8193456614509245,1.309124767225326,1.312316715542522,0.335529267999765,1.0,0.9846927885535791,2,1,4,1,4,False
2,30,4,3.8193456614509245,1.0472998137802607,0.8248847926267281,0.5322663721911238,1.0,0.9846927885535791,5,2,2,2,2,False
2,31,5,3.8193456614509245,1.309124767225326,1.1104218362282878,0.335529267999765,1.0,0.9846927885535791,13,2,2,3,2,False
2,32,6,3.8193456614509245,1.570949720670391,1.3858064516129032,0.18540284401652957,1.0,0.9846927885535791,9,1,5,2,4,False
2,33,4,3.8193456614509245,1.0472998137802607,0.6793168880455408,0.5322663721911238,1.0,0.9846927885535791,14,1,2,2,2,False
2,34,2,3.8193456614509245,0.5236499068901304,0.4441687344913151,0.8967820644465743,1.0,0.9930725665098781,52,0,2,1,1,False
2,35,6,3.8193456614509245,1.570949720670391,1.0826612903225807,0.18540284401652957,1.0,0.9846927885535791,13,4,6,2,4,False
2,36,4,3.8193456614509245,1.0472998137802607,0.8883374689826302,0.5322663721911238,1.0,0.9846927885535791,40,1,1,3,1,False
2,37,5,3.8193456614509245,1.309124767225326,0.9623655913978495,0.335529267999765,1.0,0.9846927885535791,9,1,3,3,2,False
2,38,3,3.8193456614509245,0.7854748603351955,0.4949308755760369,0.7373498989845698,1.0,0.9930725665098781,13,1,1,2,1,False
3,4,7,3.8193456614509245,1.8327746741154562,1.5060096153846154,0.09048279396899092,1.0,0.9846927885535791,10,2,4,3,4,False
3,5,2,3.8193456614509245,0.5236499068901304,0.7246963562753036,0.8967820644465743,1.0,0.9930725665098781,84,0,1,1,1,False
3,6,4,3.8193456614509245,1.0472998137802607,0.9179487179487179,0.5322663721911238,1.0,0.9846927885535791,35,1,2,2,2,False
3,7,5,3.8193456614509245,1.309124767225326,1.274928774928775,0.335529267999765,1.0,0.9846927885535791,51,0,3,2,3,False
3,8,5,3.8193456614509245,1.309124767225326,0.9303534303534303,0.335529267999765,1.0,0.9846927885535791,75,0,3,2,3,False
3,9,2,3.8193456614509245,0.5236499068901304,0.5507692307692308,0.8967820644465743,1.0,0.9930725665098781,29,2,2,0,2,False
3,10,7,3.8193456614509245,1.8327746741154562,1.5060096153846154,0.09048279396899092,1.0,0.9846927885535791,1,3,5,2,5,False
3,11,3,3.8193456614509245,0.7854748603351955,0.7649572649572649,0.7373498989845698,1.0,0.9930725665098781,127,0,0,3,0,False
3,12,3,3.8193456614509245,0.7854748603351955,0.6884615384615385,0.7373498989845698,1.0,0.9930725665098781,15,1,3,0,3,False
3,13,6,3.8193456614509245,1.570949720670391,1.2908653846153846,0.18540284401652957,1.0,0.9846927885535791,1,2,3,3,3,False
3,14,4,3.8193456614509245,1.0472998137802607,1.01994301994302,0.5322663721911238,1.0,0.9846927885535791,35,1,1,3,1,False
3,15,4,3.8193456614509245,1.0472998137802607,0.8605769230769231,0.5322663721911238,1.0,0.9846927885535791,35,1,1,3,1,False
3,16,3,3.8193456614509245,0.7854748603351955,0.8979933110367893,0.7373498989845698,1.0,0.9930725665098781,63,0,2,1,2,False
3,17,2,3.8193456614509245,0.5236499068901304,0.5295857988165681,0.8967820644465743,1.0,0.9930725665098781,63,0,2,0,2,False
3,18,6,3.8193456614509245,1.570949720670391,1.0870445344129556,0.18540284401652957,1.0,0.9846927885535791,1,1,2,4,2,False
3,19,2,3.8193456614509245,0.5236499068901304,0.5507692307692308,0.8967820644465743,1.0,0.9930725665098781,10,1,1,1,1,False
3,20,4,3.8193456614509245,1.0472998137802607,0.9835164835164835,0.5322663721911238,1.0,0.9846927885535791,75,0,1,3,1,False
3,21,3,3.8193456614509245,0.7854748603351955,0.8605769230769231,0.7373498989845698,1.0,0.9930725665098781,74,0,1,2,1,False
3,22,6,3.8193456614509245,1.570949720670391,1.4752747252747254,0.18540284401652957,1.0,0.9846927885535791,10,2,3,3,3,False
3,23,1,3.8193456614509245,0.2618249534450652,0.3129370629370629,0.978946356459951,1.0,0.9930725665098781,70,0,1,0,1,False
3,24,4,3.8193456614509245,1.0472998137802607,0.8099547511312217,0.5322663721911238,1.0,0.9846927885535791,15,1,2,2,2,False
3,25,1,3.8193456614509245,0.2618249534450652,0.21514423076923078,0.978946356459951,1.0,0.9930725665098781,123,0,0,1,0,False
3,26,7,3.8193456614509245,1.8327746741154562,1.9276923076923076,0.09048279396899092,1.0,0.9846927885535791,10,1,3,4,3,False
3,27,4,3.8193456614509245,1.0472998137802607,1.1973244147157192,0.5322663721911238,1.0,0.9846927885535791,76,0,1,3,1,False
3,28,2,3.8193456614509245,0.5236499068901304,0.6258741258741258,0.8967820644465743,1.0,0.9930725665098781,75,0,2,0,2,False
3,29,2,3.8193456614509245,0.5236499068901304,0.6258741258741258,0.8967820644465743,1.0,0.9930725665098781,1,1,2,0,2,False
3,30,2,3.8193456614509245,0.5236499068901304,0.49175824175824173,0.8967820644465743,1.0,0.9930725665098781,126,0,0,2,0,False
3,31,5,3.8193456614509245,1.309124767225326,1.3239644970414202,0.335529267999765,1.0,0.9846927885535791,29,1,3,2,3,False
3,32,2,3.8193456614509245,0.5236499068901304,0.5507692307692308,0.8967820644465743,1.0,0.9930725665098781,29,1,1,1,1,False
3,33,3,3.8193456614509245,0.7854748603351955,0.6074660633484162,0.7373498989845698,1.0,0.9930725665098781,63,0,1,2,1,False
3,34,1,3.8193456614509245,0.2618249534450652,0.26479289940828404,0.978946356459951,1.0,0.9930725665098781,135,0,0,1,0,False
3,35,3,3.8193456614509245,0.7854748603351955,0.6454326923076923,0.7373498989845698,1.0,0.9930725665098781,29,1,2,1,2,False
3,36,1,3.8193456614509245,0.2618249534450652,0.26479289940828404,0.978946356459951,1.0,0.9930725665098781,51,0,1,0,1,False
3,37,4,3.8193456614509245,1.0472998137802607,0.9179487179487179,0.5322663721911238,1.0,0.9846927885535791,74,0,2,2,2,False
3,38,3,3.8193456614509245,0.7854748603351955,0.5901098901098901,0.7373498989845698,1.0,0.9930725665098781,15,1,1,2,1,False
4,5,2,3.8193456614509245,0.5236499068901304,0.5888157894736842,0.8967820644465743,1.0,0.9930725665098781,91,0,1,2,0,False
4,6,4,3.8193456614509245,1.0472998137802607,0.7458333333333333,0.5322663721911238,1.0,0.9846927885535791,0,1,3,1,3,False
4,7,4,3.8193456614509245,1.0472998137802607,0.8287037037037037,0.5322663721911238,1.0,0.9846927885535791,2,2,3,1,3,False
4,8,4,3.8193456614509245,1.0472998137802607,0.6047297297297297,0.5322663721911238,1.0,0.9846927885535791,56,0,4,0,4,False
4,9,3,3.8193456614509245,0.7854748603351955,0.67125,0.7373498989845698,1.0,0.9930725665098781,6,1,2,1,2,False
4,10,5,3.8193456614509245,1.309124767225326,0.8740234375,0.335529267999765,1.0,0.9846927885535791,17,1,2,3,2,False
4,11,5,3.8193456614509245,1.309124767225326,1.0358796296296295,0.335529267999765,1.0,0.9846927885535791,17,1,2,3,2,False
4,12,9,3.8193456614509245,2.356424581005587,1.678125,0.015362596294258481,1.0,0.9846927885535791,6,2,5,4,5,False
4,13,6,3.8193456614509245,1.570949720670391,1.048828125,0.18540284401652957,1.0,0.9846927885535791,0,3,4,2,4,False
4,14,4,3.8193456614509245,1.0472998137802607,0.8287037037037037,0.5322663721911238,1.0,0.9846927885535791,60,0,1,3,1,False
4,15,3,3.8193456614509245,0.7854748603351955,0.5244140625,0.7373498989845698,1.0,0.9930725665098781,72,0,1,2,1,False
4,16,3,3.8193456614509245,0.7854748603351955,0.7296195652173914,0.7373498989845698,1.0,0.9930725665098781,50,0,2,1,2,False
4,17,7,3.8193456614509245,1.8327746741154562,1.5060096153846154,0.09048279396899092,1.0,0.9846927885535791,70,0,1,6,1,False
4,18,6,3.8193456614509245,1.570949720670391,0.8832236842105263,0.18540284401652957,1.0,0.9846927885535791,2,1,2,5,1,False
4,19,4,3.8193456614509245,1.0472998137802607,0.895,0.5322663721911238,1.0,0.9846927885535791,5,2,2,2,2,False
4,20,2,3.8193456614509245,0.5236499068901304,0.39955357142857145,0.8967820644465743,1.0,0.9930725665098781,91,0,1,2,0,False
4,21,4,3.8193456614509245,1.0472998137802607,0.9322916666666666,0.5322663721911238,1.0,0.9846927885535791,6,1,2,2,2,False
4,22,4,3.8193456614509245,1.0472998137802607,0.7991071428571429,0.5322663721911238,1.0,0.9846927885535791,10,2,2,2,2,False
4,23,3,3.8193456614509245,0.7854748603351955,0.7627840909090909,0.7373498989845698,1.0,0.9930725665098781,0,1,3,1,2,False
4,24,5,3.8193456614509245,1.309124767225326,0.8226102941176471,0.335529267999765,1.0,0.9846927885535791,15,2,4,1,4,False
4,25,5,3.8193456614509245,1.309124767225326,0.8740234375,0.335529267999765,1.0,0.9846927885535791,2,2,3,2,3,False
4,26,6,3.8193456614509245,1.570949720670391,1.3425,0.18540284401652957,1.0,0.9846927885535791,10,1,4,2,4,False
4,27,3,3.8193456614509245,0.7854748603351955,0.7296195652173914,0.7373498989845698,1.0,0.9930725665098781,76,0,1,2,1,False
4,28,3,3.8193456614509245,0.7854748603351955,0.7627840909090909,0.7373498989845698,1.0,0.9930725665098781,0,1,1,2,1,False
4,29,4,3.8193456614509245,1.0472998137802607,1.0170454545454546,0.5322663721911238,1.0,0.9846927885535791,2,1,2,2,2,False
4,30,5,3.8193456614509245,1.309124767225326,0.9988839285714286,0.335529267999765,1.0,0.9846927885535791,5,1,1,4,1,False
4,31,1,3.8193456614509245,0.2618249534450652,0.21514423076923078,0.978946356459951,1.0,0.9930725665098781,139,0,0,1,0,False
4,32,2,3.8193456614509245,0.5236499068901304,0.4475,0.8967820644465743,1.0,0.9930725665098781,52,0,1,1,1,False
4,33,5,3.8193456614509245,1.309124767225326,0.8226102941176471,0.335529267999765,1.0,0.9846927885535791,91,0,1,5,0,False
4,34,5,3.8193456614509245,1.309124767225326,1.0757211538461537,0.335529267999765,1.0,0.9846927885535791,52,0,2,3,2,False
4,35,4,3.8193456614509245,1.0472998137802607,0.69921875,0.5322663721911238,1.0,0.9846927885535791,6,1,2,2,2,False
4,36,2,3.8193456614509245,0.5236499068901304,0.43028846153846156,0.8967820644465743,1.0,0.9930725665098781,58,0,1,1,1,False
4,37,4,3.8193456614509245,1.0472998137802607,0.7458333333333333,0.5322663721911238,1.0,0.9846927885535791,50,0,1,3,1,False
4,38,4,3.8193456614509245,1.0472998137802607,0.6392857142857142,0.5322663721911238,1.0,0.9846927885535791,15,2,2,2,2,False
5,6,3,3.8193456614509245,0.7854748603351955,0.9421052631578948,0.7373498989845698,1.0,0.9930725665098781,39,2,2,1,2,False
5,7,2,3.8193456614509245,0.5236499068901304,0.6978557504873294,0.8967820644465743,1.0,0.9930725665098781,11,1,2,0,2,False
5,8,5,3.8193456614509245,1.309124767225326,1.2731152204836416,0.335529267999765,1.0,0.9846927885535791,49,1,1,4,1,False
5,9,1,3.8193456614509245,0.2618249534450652,0.37684210526315787,0.978946356459951,1.0,0.9930725665098781,101,0,0,1,0,False
5,10,5,3.8193456614509245,1.309124767225326,1.4720394736842106,0.335529267999765,1.0,0.9846927885535791,11,1,3,2,3,False
5,11,4,3.8193456614509245,1.0472998137802607,1.3957115009746588,0.5322663721911238,1.0,0.9846927885535791,114,0,0,4,0,False
5,12,4,3.8193456614509245,1.0472998137802607,1.256140350877193,0.5322663721911238,1.0,0.9846927885535791,11,1,1,3,1,False
5,13,2,3.8193456614509245,0.5236499068901304,0.5888157894736842,0.8967820644465743,1.0,0.9930725665098781,65,0,1,1,1,False
5,14,1,3.8193456614509245,0.2618249534450652,0.3489278752436647,0.978946356459951,1.0,0.9930725665098781,101,0,0,1,0,False
5,15,4,3.8193456614509245,1.0472998137802607,1.1776315789473684,0.5322663721911238,1.0,0.9846927885535791,49,1,2,2,2,False
5,16,2,3.8193456614509245,0.5236499068901304,0.8192219679633868,0.8967820644465743,1.0,0.9930725665098781,65,0,2,0,2,False
5,17,1,3.8193456614509245,0.2618249534450652,0.3623481781376518,0.978946356459951,1.0,0.9930725665098781,114,0,0,1,0,False
5,18,4,3.8193456614509245,1.0472998137802607,0.9916897506925207,0.5322663721911238,1.0,0.9846927885535791,39,1,2,3,1,False
5,19,0,3.8193456614509245,0.0,0.0,1.0,1.0,1.0,,0,0,0,0,False
5,20,5,3.8193456614509245,1.309124767225326,1.6823308270676691,0.335529267999765,1.0,0.9846927885535791,44,1,2,4,1,False
5,21,1,3.8193456614509245,0.2618249534450652,0.3925438596491228,0.978946356459951,1.0,0.9930725665098781,137,0,0,1,0,False
5,22,4,3.8193456614509245,1.0472998137802607,1.3458646616541354,0.5322663721911238,1.0,0.9846927885535791,44,1,2,2,2,False
5,23,4,3.8193456614509245,1.0472998137802607,1.7129186602870814,0.5322663721911238,1.0,0.9846927885535791,11,2,3,2,2,False
5,24,1,3.8193456614509245,0.2618249534450652,0.2770897832817337,0.978946356459951,1.0,0.9930725665098781,132,0,0,1,0,False
5,25,1,3.8193456614509245,0.2618249534450652,0.2944078947368421,0.978946356459951,1.0,0.9930725665098781,150,0,0,1,0,False
5,26,1,3.8193456614509245,0.2618249534450652,0.37684210526315787,0.978946356459951,1.0,0.9930725665098781,44,1,1,0,1,False
5,27,2,3.8193456614509245,0.5236499068901304,0.8192219679633868,0.8967820644465743,1.0,0.9930725665098781,39,1,1,1,1,False
5,28,5,3.8193456614509245,1.309124767225326,2.1411483253588517,0.335529267999765,1.0,0.9846927885535791,84,0,1,4,1,False
5,29,2,3.8193456614509245,0.5236499068901304,0.8564593301435407,0.8967820644465743,1.0,0.9930725665098781,39,1,1,1,1,False
5,30,4,3.8193456614509245,1.0472998137802607,1.3458646616541354,0.5322663721911238,1.0,0.9846927885535791,65,0,1,3,1,False
5,31,2,3.8193456614509245,0.5236499068901304,0.7246963562753036,0.8967820644465743,1.0,0.9930725665098781,11,1,1,1,1,False
5,32,2,3.8193456614509245,0.5236499068901304,0.7536842105263157,0.8967820644465743,1.0,0.9930725665098781,132,0,0,2,0,False
5,33,5,3.8193456614509245,1.309124767225326,1.3854489164086687,0.335529267999765,1.0,0.9846927885535791,49,1,3,3,2,False
5,34,2,3.8193456614509245,0.5236499068901304,0.7246963562753036,0.8967820644465743,1.0,0.9930725665098781,79,0,1,1,1,False
5,35,2,3.8193456614509245,0.5236499068901304,0.5888157894736842,0.8967820644465743,1.0,0.9930725665098781,44,1,1,1,1,False
5,36,0,3.8193456614509245,0.0,0.0,1.0,1.0,1.0,,0,0,0,0,False
5,37,2,3.8193456614509245,0.5236499068901304,0.6280701754385964,0.8967820644465743,1.0,0.9930725665098781,109,0,0,2,0,False
5,38,2,3.8193456614509245,0.5236499068901304,0.5383458646616541,0.8967820644465743,1.0,0.9930725665098781,39,1,2,0,2,False
6,7,1,3.8193456614509245,0.2618249534450652,0.22098765432098766,0.978946356459951,1.0,0.9930725665098781,174,0,0,1,0,False
6,8,7,3.8193456614509245,1.8327746741154562,1.1288288288288288,0.09048279396899092,1.0,0.9846927885535791,31,2,5,3,4,False
6,9,4,3.8193456614509245,1.0472998137802607,0.9546666666666667,0.5322663721911238,1.0,0.9846927885535791,35,2,3,1,3,False
6,10,4,3.8193456614509245,1.0472998137802607,0.7458333333333333,0.5322663721911238,1.0,0.9846927885535791,4,2,3,1,3,False
6,11,2,3.8193456614509245,0.5236499068901304,0.4419753086419753,0.8967820644465743,1.0,0.9930725665098781,31,1,1,1,1,False
6,12,4,3.8193456614509245,1.0472998137802607,0.7955555555555556,0.5322663721911238,1.0,0.9846927885535791,57,0,3,1,3,False
6,13,4,3.8193456614509245,1.0472998137802607,0.7458333333333333,0.5322663721911238,1.0,0.9846927885535791,0,3,4,0,4,False
6,14,5,3.8193456614509245,1.309124767225326,1.1049382716049383,0.335529267999765,1.0,0.9846927885535791,35,1,5,1,4,False
6,15,7,3.8193456614509245,1.8327746741154562,1.3052083333333333,0.09048279396899092,1.0,0.9846927885535791,4,4,5,2,5,False
6,16,2,3.8193456614509245,0.5236499068901304,0.518840579710145,0.8967820644465743,1.0,0.9930725665098781,57,0,2,0,2,False
6,17,3,3.8193456614509245,0.7854748603351955,0.6884615384615385,0.7373498989845698,1.0,0.9930725665098781,42,2,3,0,3,False
6,18,7,3.8193456614509245,1.8327746741154562,1.0991228070175438,0.09048279396899092,1.0,0.9846927885535791,4,2,4,4,3,False
6,19,7,3.8193456614509245,1.8327746741154562,1.6706666666666667,0.09048279396899092,1.0,0.9846927885535791,18,1,3,5,2,False
6,20,6,3.8193456614509245,1.570949720670391,1.2785714285714285,0.18540284401652957,1.0,0.9846927885535791,4,3,6,1,5,False
6,21,0,3.8193456614509245,0.0,0.0,1.0,1.0,1.0,,0,0,0,0,False
6,22,3,3.8193456614509245,0.7854748603351955,0.6392857142857142,0.7373498989845698,1.0,0.9930725665098781,42,2,3,0,3,False
6,23,4,3.8193456614509245,1.0472998137802607,1.084848484848485,0.5322663721911238,1.0,0.9846927885535791,0,2,3,1,3,False
6,24,1,3.8193456614509245,0.2618249534450652,0.17549019607843136,0.978946356459951,1.0,0.9930725665098781,129,0,0,1,0,False
6,25,6,3.8193456614509245,1.570949720670391,1.11875,0.18540284401652957,1.0,0.9846927885535791,36,2,2,4,2,False
6,26,2,3.8193456614509245,0.5236499068901304,0.47733333333333333,0.8967820644465743,1.0,0.9930725665098781,70,0,1,1,1,False
6,27,3,3.8193456614509245,0.7854748603351955,0.7782608695652173,0.7373498989845698,1.0,0.9930725665098781,39,1,1,2,1,False
6,28,4,3.8193456614509245,1.0472998137802607,1.084848484848485,0.5322663721911238,1.0,0.9846927885535791,0,1,4,1,3,False
6,29,4,3.8193456614509245,1.0472998137802607,1.084848484848485,0.5322663721911238,1.0,0.9846927885535791,19,2,3,1,3,False
6,30,1,3.8193456614509245,0.2618249534450652,0.2130952380952381,0.978946356459951,1.0,0.9930725665098781,149,0,0,1,0,False
6,31,3,3.8193456614509245,0.7854748603351955,0.6884615384615385,0.7373498989845698,1.0,0.9930725665098781,18,1,1,2,1,False
6,32,2,3.8193456614509245,0.5236499068901304,0.47733333333333333,0.8967820644465743,1.0,0.9930725665098781,69,0,2,1,1,False
6,33,8,3.8193456614509245,2.0945996275605214,1.4039215686274509,0.03933712746704622,1.0,0.9846927885535791,18,2,5,3,5,False
6,34,4,3.8193456614509245,1.0472998137802607,0.9179487179487179,0.5322663721911238,1.0,0.9846927885535791,31,2,2,2,2,False
6,35,7,3.8193456614509245,1.8327746741154562,1.3052083333333333,0.09048279396899092,1.0,0.9846927885535791,18,3,6,1,6,False
6,36,6,3.8193456614509245,1.570949720670391,1.376923076923077,0.18540284401652957,1.0,0.9846927885535791,19,2,3,3,3,False
6,37,2,3.8193456614509245,0.5236499068901304,0.3977777777777778,0.8967820644465743,1.0,0.9930725665098781,46,1,2,1,1,False
6,38,5,3.8193456614509245,1.309124767225326,0.8523809523809524,0.335529267999765,1.0,0.9846927885535791,39,2,4,2,3,False
7,8,4,3.8193456614509245,1.0472998137802607,0.7167167167167167,0.5322663721911238,1.0,0.9846927885535791,62,0,3,1,3,False
7,9,1,3.8193456614509245,0.2618249534450652,0.2651851851851852,0.978946356459951,1.0,0.9930725665098781,7,1,1,0,1,False
7,10,2,3.8193456614509245,0.5236499068901304,0.41435185185185186,0.8967820644465743,1.0,0.9930725665098781,11,1,2,0,2,False
7,11,3,3.8193456614509245,0.7854748603351955,0.7366255144032922,0.7373498989845698,1.0,0.9930725665098781,139,0,0,3,0,False
7,12,4,3.8193456614509245,1.0472998137802607,0.8839506172839506,0.5322663721911238,1.0,0.9846927885535791,11,1,4,0,4,False
7,13,3,3.8193456614509245,0.7854748603351955,0.6215277777777778,0.7373498989845698,1.0,0.9930725665098781,112,0,0,3,0,False
7,14,1,3.8193456614509245,0.2618249534450652,0.24554183813443073,0.978946356459951,1.0,0.9930725665098781,144,0,0,1,0,False
7,15,5,3.8193456614509245,1.309124767225326,1.0358796296296295,0.335529267999765,1.0,0.9846927885535791,9,1,4,1,4,False
7,16,3,3.8193456614509245,0.7854748603351955,0.8647342995169082,0.7373498989845698,1.0,0.9930725665098781,34,1,2,1,2,False
7,17,6,3.8193456614509245,1.570949720670391,1.5299145299145298,0.18540284401652957,1.0,0.9846927885535791,7,2,3,3,3,False
7,18,6,3.8193456614509245,1.570949720670391,1.0467836257309941,0.18540284401652957,1.0,0.9846927885535791,2,2,3,3,3,False
7,19,3,3.8193456614509245,0.7854748603351955,0.7955555555555556,0.7373498989845698,1.0,0.9930725665098781,5,1,2,1,2,False
7,20,5,3.8193456614509245,1.309124767225326,1.183862433862434,0.335529267999765,1.0,0.9846927885535791,54,0,2,3,2,False
7,21,1,3.8193456614509245,0.2618249534450652,0.2762345679012346,0.978946356459951,1.0,0.9930725665098781,144,0,0,1,0,False
7,22,3,3.8193456614509245,0.7854748603351955,0.7103174603174603,0.7373498989845698,1.0,0.9930725665098781,7,1,1,2,1,False
7,23,4,3.8193456614509245,1.0472998137802607,1.2053872053872055,0.5322663721911238,1.0,0.9846927885535791,11,2,3,1,3,False
7,24,4,3.8193456614509245,1.0472998137802607,0.7799564270152506,0.5322663721911238,1.0,0.9846927885535791,7,1,2,2,2,False
7,25,2,3.8193456614509245,0.5236499068901304,0.41435185185185186,0.8967820644465743,1.0,0.9930725665098781,2,1,1,1,1,False
7,26,5,3.8193456614509245,1.309124767225326,1.325925925925926,0.335529267999765,1.0,0.9846927885535791,9,1,1,4,1,False
7,27,3,3.8193456614509245,0.7854748603351955,0.8647342995169082,0.7373498989845698,1.0,0.9930725665098781,43,1,2,1,2,False
7,28,1,3.8193456614509245,0.2618249534450652,0.30134680134680136,0.978946356459951,1.0,0.9930725665098781,120,0,0,1,0,False
7,29,3,3.8193456614509245,0.7854748603351955,0.9040404040404041,0.7373498989845698,1.0,0.9930725665098781,2,1,3,0,3,False
7,30,4,3.8193456614509245,1.0472998137802607,0.9470899470899471,0.5322663721911238,1.0,0.9846927885535791,5,2,3,1,3,False
7,31,7,3.8193456614509245,1.8327746741154562,1.7849002849002849,0.09048279396899092,1.0,0.9846927885535791,11,3,5,2,5,False
7,32,4,3.8193456614509245,1.0472998137802607,1.0607407407407408,0.5322663721911238,1.0,0.9846927885535791,9,1,2,2,2,False
7,33,6,3.8193456614509245,1.570949720670391,1.1699346405228759,0.18540284401652957,1.0,0.9846927885535791,54,0,3,3,3,False
7,34,2,3.8193456614509245,0.5236499068901304,0.50997150997151,0.8967820644465743,1.0,0.9930725665098781,62,0,2,0,2,False
7,35,3,3.8193456614509245,0.7854748603351955,0.6215277777777778,0.7373498989845698,1.0,0.9930725665098781,51,0,2,1,2,False
7,36,3,3.8193456614509245,0.7854748603351955,0.7649572649572649,0.7373498989845698,1.0,0.9930725665098781,51,0,1,2,1,False
7,37,4,3.8193456614509245,1.0472998137802607,0.8839506172839506,0.5322663721911238,1.0,0.9846927885535791,7,2,2,2,2,False
7,38,7,3.8193456614509245,1.8327746741154562,1.325925925925926,0.09048279396899092,1.0,0.9846927885535791,43,1,3,4,3,False
8,9,5,3.8193456614509245,1.309124767225326,0.9675675675675676,0.335529267999765,1.0,0.9846927885535791,3,4,4,1,4,False
8,10,6,3.8193456614509245,1.570949720670391,0.9070945945945946,0.18540284401652957,1.0,0.9846927885535791,20,2,5,1,5,False
8,11,3,3.8193456614509245,0.7854748603351955,0.5375375375375375,0.7373498989845698,1.0,0.9930725665098781,31,1,1,2,1,False
8,12,7,3.8193456614509245,1.8327746741154562,1.1288288288288288,0.09048279396899092,1.0,0.9846927885535791,20,1,6,1,6,False
8,13,9,3.8193456614509245,2.356424581005587,1.3606418918918919,0.015362596294258481,1.0,0.9846927885535791,3,3,5,4,5,False
8,14,4,3.8193456614509245,1.0472998137802607,0.7167167167167167,0.5322663721911238,1.0,0.9846927885535791,26,1,3,2,2,False
8,15,8,3.8193456614509245,2.0945996275605214,1.2094594594594594,0.03933712746704622,1.0,0.9846927885535791,20,2,3,5,3,False
8,16,2,3.8193456614509245,0.5236499068901304,0.4206815511163337,0.8967820644465743,1.0,0.9930725665098781,48,1,2,0,2,False
8,17,4,3.8193456614509245,1.0472998137802607,0.7442827442827443,0.5322663721911238,1.0,0.9846927885535791,3,1,2,2,2,False
8,18,6,3.8193456614509245,1.570949720670391,0.7638691322901849,0.18540284401652957,1.0,0.9846927885535791,62,0,2,5,1,False
8,19,4,3.8193456614509245,1.0472998137802607,0.774054054054054,0.5322663721911238,1.0,0.9846927885535791,24,1,1,3,1,False
8,20,5,3.8193456614509245,1.309124767225326,0.8638996138996139,0.335529267999765,1.0,0.9846927885535791,31,1,3,2,3,False
8,21,1,3.8193456614509245,0.2618249534450652,0.20157657657657657,0.978946356459951,1.0,0.9930725665098781,175,0,0,1,0,False
8,22,6,3.8193456614509245,1.570949720670391,1.0366795366795367,0.18540284401652957,1.0,0.9846927885535791,8,2,2,4,2,False
8,23,4,3.8193456614509245,1.0472998137802607,0.8796068796068796,0.5322663721911238,1.0,0.9846927885535791,8,3,3,1,3,False
8,24,8,3.8193456614509245,2.0945996275605214,1.1383147853736089,0.03933712746704622,1.0,0.9846927885535791,3,4,5,3,5,False
8,25,6,3.8193456614509245,1.570949720670391,0.9070945945945946,0.18540284401652957,1.0,0.9846927885535791,61,0,1,5,1,False
8,26,6,3.8193456614509245,1.570949720670391,1.161081081081081,0.18540284401652957,1.0,0.9846927885535791,28,1,4,2,4,False
8,27,5,3.8193456614509245,1.309124767225326,1.0517038777908343,0.335529267999765,1.0,0.9846927885535791,55,0,2,3,2,False
8,28,2,3.8193456614509245,0.5236499068901304,0.4398034398034398,0.8967820644465743,1.0,0.9930725665098781,75,0,1,1,1,False
8,29,5,3.8193456614509245,1.309124767225326,1.0995085995085996,0.335529267999765,1.0,0.9846927885535791,24,1,3,2,3,False
8,30,5,3.8193456614509245,1.309124767225326,0.8638996138996139,0.335529267999765,1.0,0.9846927885535791,26,2,4,1,4,False
8,31,4,3.8193456614509245,1.0472998137802607,0.7442827442827443,0.5322663721911238,1.0,0.9846927885535791,14,2,4,0,4,False
8,32,3,3.8193456614509245,0.7854748603351955,0.5805405405405405,0.7373498989845698,1.0,0.9930725665098781,62,0,2,2,1,False
8,33,9,3.8193456614509245,2.356424581005587,1.28060413354531,0.015362596294258481,1.0,0.9846927885535791,8,4,5,4,5,False
8,34,6,3.8193456614509245,1.570949720670391,1.1164241164241164,0.18540284401652957,1.0,0.9846927885535791,31,1,3,3,3,False
8,35,6,3.8193456614509245,1.570949720670391,0.9070945945945946,0.18540284401652957,1.0,0.9846927885535791,14,3,5,1,5,False
8,36,5,3.8193456614509245,1.309124767225326,0.9303534303534303,0.335529267999765,1.0,0.9846927885535791,3,3,5,0,5,False
8,37,3,3.8193456614509245,0.7854748603351955,0.4837837837837838,0.7373498989845698,1.0,0.9930725665098781,28,1,2,1,2,False
8,38,7,3.8193456614509245,1.8327746741154562,0.9675675675675676,0.09048279396899092,1.0,0.9846927885535791,28,1,5,2,5,False
9,10,6,3.8193456614509245,1.570949720670391,1.3425,0.18540284401652957,1.0,0.9846927885535791,29,3,3,3,3,False
9,11,2,3.8193456614509245,0.5236499068901304,0.5303703703703704,0.8967820644465743,1.0,0.9930725665098781,80,0,1,1,1,False
9,12,3,3.8193456614509245,0.7854748603351955,0.716,0.7373498989845698,1.0,0.9930725665098781,6,2,3,0,3,False
9,13,6,3.8193456614509245,1.570949720670391,1.3425,0.18540284401652957,1.0,0.9846927885535791,3,2,4,2,4,False
9,14,5,3.8193456614509245,1.309124767225326,1.325925925925926,0.335529267999765,1.0,0.9846927885535791,22,3,3,2,3,False
9,15,6,3.8193456614509245,1.570949720670391,1.3425,0.18540284401652957,1.0,0.9846927885535791,35,2,4,2,4,False
9,16,2,3.8193456614509245,0.5236499068901304,0.6226086956521739,0.8967820644465743,1.0,0.9930725665098781,22,1,1,1,1,False
9,17,6,3.8193456614509245,1.570949720670391,1.6523076923076923,0.18540284401652957,1.0,0.9846927885535791,3,5,5,1,5,False
9,18,3,3.8193456614509245,0.7854748603351955,0.5652631578947368,0.7373498989845698,1.0,0.9930725665098781,80,0,2,1,2,False
9,19,5,3.8193456614509245,1.309124767225326,1.432,0.335529267999765,1.0,0.9846927885535791,24,2,2,3,2,False
9,20,3,3.8193456614509245,0.7854748603351955,0.7671428571428571,0.7373498989845698,1.0,0.9930725665098781,33,2,2,1,2,False
9,21,6,3.8193456614509245,1.570949720670391,1.79,0.18540284401652957,1.0,0.9846927885535791,6,4,4,2,4,False
9,22,4,3.8193456614509245,1.0472998137802607,1.022857142857143,0.5322663721911238,1.0,0.9846927885535791,7,3,3,1,3,False
9,23,1,3.8193456614509245,0.2618249534450652,0.32545454545454544,0.978946356459951,1.0,0.9930725665098781,26,1,1,0,1,False
9,24,5,3.8193456614509245,1.309124767225326,1.0529411764705883,0.335529267999765,1.0,0.9846927885535791,3,3,3,2,3,False
9,25,1,3.8193456614509245,0.2618249534450652,0.22375,0.978946356459951,1.0,0.9930725665098781,41,1,1,0,1,False
9,26,3,3.8193456614509245,0.7854748603351955,0.8592,0.7373498989845698,1.0,0.9930725665098781,80,0,1,2,1,False
9,27,1,3.8193456614509245,0.2618249534450652,0.31130434782608696,0.978946356459951,1.0,0.9930725665098781,22,1,1,0,1,False
9,28,2,3.8193456614509245,0.5236499068901304,0.6509090909090909,0.8967820644465743,1.0,0.9930725665098781,41,1,1,1,1,False
9,29,2,3.8193456614509245,0.5236499068901304,0.6509090909090909,0.8967820644465743,1.0,0.9930725665098781,24,1,1,1,1,False
9,30,4,3.8193456614509245,1.0472998137802607,1.022857142857143,0.5322663721911238,1.0,0.9846927885535791,26,1,1,3,1,False
9,31,4,3.8193456614509245,1.0472998137802607,1.1015384615384616,0.5322663721911238,1.0,0.9846927885535791,14,3,3,1,3,False
9,32,2,3.8193456614509245,0.5236499068901304,0.5728,0.8967820644465743,1.0,0.9930725665098781,29,2,2,0,2,False
9,33,4,3.8193456614509245,1.0472998137802607,0.8423529411764706,0.5322663721911238,1.0,0.9846927885535791,14,1,2,2,2,False
9,34,2,3.8193456614509245,0.5236499068901304,0.5507692307692308,0.8967820644465743,1.0,0.9930725665098781,22,1,2,0,2,False
9,35,5,3.8193456614509245,1.309124767225326,1.11875,0.335529267999765,1.0,0.9846927885535791,6,4,4,1,4,False
9,36,4,3.8193456614509245,1.0472998137802607,1.1015384615384616,0.5322663721911238,1.0,0.9846927885535791,3,3,3,1,3,False
9,37,2,3.8193456614509245,0.5236499068901304,0.47733333333333333,0.8967820644465743,1.0,0.9930725665098781,7,1,1,1,1,False
9,38,4,3.8193456614509245,1.0472998137802607,0.8182857142857143,0.5322663721911238,1.0,0.9846927885535791,42,1,2,2,2,False
10,11,3,3.8193456614509245,0.7854748603351955,0.6215277777777778,0.7373498989845698,1.0,0.9930725665098781,17,2,2,1,2,False
10,12,8,3.8193456614509245,2.0945996275605214,1.4916666666666667,0.03933712746704622,1.0,0.9846927885535791,11,2,5,3,5,False
10,13,5,3.8193456614509245,1.309124767225326,0.8740234375,0.335529267999765,1.0,0.9846927885535791,1,1,3,3,2,False
10,14,5,3.8193456614509245,1.309124767225326,1.0358796296296295,0.335529267999765,1.0,0.9846927885535791,13,2,3,2,3,False
10,15,6,3.8193456614509245,1.570949720670391,1.048828125,0.18540284401652957,1.0,0.9846927885535791,4,3,4,2,4,False
10,16,2,3.8193456614509245,0.5236499068901304,0.48641304347826086,0.8967820644465743,1.0,0.9930725665098781,48,1,2,0,2,False
10,17,1,3.8193456614509245,0.2618249534450652,0.21514423076923078,0.978946356459951,1.0,0.9930725665098781,33,1,1,0,1,False
10,18,8,3.8193456614509245,2.0945996275605214,1.1776315789473684,0.03933712746704622,1.0,0.9846927885535791,1,2,3,6,2,False
10,19,1,3.8193456614509245,0.2618249534450652,0.22375,0.978946356459951,1.0,0.9930725665098781,153,0,0,1,0,False
10,20,5,3.8193456614509245,1.309124767225326,0.9988839285714286,0.335529267999765,1.0,0.9846927885535791,4,2,4,1,4,False
10,21,3,3.8193456614509245,0.7854748603351955,0.69921875,0.7373498989845698,1.0,0.9930725665098781,87,0,1,2,1,False
10,22,4,3.8193456614509245,1.0472998137802607,0.7991071428571429,0.5322663721911238,1.0,0.9846927885535791,20,1,1,3,1,False
10,23,2,3.8193456614509245,0.5236499068901304,0.5085227272727273,0.8967820644465743,1.0,0.9930725665098781,11,1,1,1,1,False
10,24,5,3.8193456614509245,1.309124767225326,0.8226102941176471,0.335529267999765,1.0,0.9846927885535791,17,2,4,2,3,False
10,25,4,3.8193456614509245,1.0472998137802607,0.69921875,0.5322663721911238,1.0,0.9846927885535791,17,1,2,3,1,False
10,26,3,3.8193456614509245,0.7854748603351955,0.67125,0.7373498989845698,1.0,0.9930725665098781,58,0,2,1,2,False
10,27,2,3.8193456614509245,0.5236499068901304,0.48641304347826086,0.8967820644465743,1.0,0.9930725665098781,136,0,0,2,0,False
10,28,3,3.8193456614509245,0.7854748603351955,0.7627840909090909,0.7373498989845698,1.0,0.9930725665098781,75,0,1,2,1,False
10,29,4,3.8193456614509245,1.0472998137802607,1.0170454545454546,0.5322663721911238,1.0,0.9846927885535791,1,1,2,2,2,False
10,30,3,3.8193456614509245,0.7854748603351955,0.5993303571428571,0.7373498989845698,1.0,0.9930725665098781,65,0,2,2,1,False
10,31,7,3.8193456614509245,1.8327746741154562,1.5060096153846154,0.09048279396899092,1.0,0.9846927885535791,11,5,6,1,6,False
10,32,6,3.8193456614509245,1.570949720670391,1.3425,0.18540284401652957,1.0,0.9846927885535791,29,3,5,2,4,False
10,33,5,3.8193456614509245,1.309124767225326,0.8226102941176471,0.335529267999765,1.0,0.9846927885535791,30,2,4,1,4,False
10,34,3,3.8193456614509245,0.7854748603351955,0.6454326923076923,0.7373498989845698,1.0,0.9930725665098781,79,0,2,2,1,False
10,35,7,3.8193456614509245,1.8327746741154562,1.2236328125,0.09048279396899092,1.0,0.9846927885535791,13,3,3,4,3,False
10,36,2,3.8193456614509245,0.5236499068901304,0.43028846153846156,0.8967820644465743,1.0,0.9930725665098781,30,1,2,0,2,False
10,37,1,3.8193456614509245,0.2618249534450652,0.18645833333333334,0.978946356459951,1.0,0.9930725665098781,89,0,1,0,1,False
10,38,8,3.8193456614509245,2.0945996275605214,1.2785714285714285,0.03933712746704622,1.0,0.9846927885535791,13,2,4,5,3,False
11,12,4,3.8193456614509245,1.0472998137802607,0.8839506172839506,0.5322663721911238,1.0,0.9846927885535791,52,0,1,3,1,False
11,13,3,3.8193456614509245,0.7854748603351955,0.6215277777777778,0.7373498989845698,1.0,0.9930725665098781,31,2,2,1,2,False
11,14,4,3.8193456614509245,1.0472998137802607,0.9821673525377229,0.5322663721911238,1.0,0.9846927885535791,93,0,1,4,0,False
11,15,2,3.8193456614509245,0.5236499068901304,0.41435185185185186,0.8967820644465743,1.0,0.9930725665098781,47,1,1,1,1,False
11,16,4,3.8193456614509245,1.0472998137802607,1.1529790660225443,0.5322663721911238,1.0,0.9846927885535791,93,0,2,4,0,False
11,17,5,3.8193456614509245,1.309124767225326,1.274928774928775,0.335529267999765,1.0,0.9846927885535791,108,0,0,5,0,False
11,18,6,3.8193456614509245,1.570949720670391,1.0467836257309941,0.18540284401652957,1.0,0.9846927885535791,78,0,3,4,2,False
11,19,3,3.8193456614509245,0.7854748603351955,0.7955555555555556,0.7373498989845698,1.0,0.9930725665098781,78,0,1,2,1,False
11,20,8,3.8193456614509245,2.0945996275605214,1.8941798941798942,0.03933712746704622,1.0,0.9846927885535791,31,1,2,6,2,False
11,21,3,3.8193456614509245,0.7854748603351955,0.8287037037037037,0.7373498989845698,1.0,0.9930725665098781,106,0,0,3,0,False
11,22,3,3.8193456614509245,0.7854748603351955,0.7103174603174603,0.7373498989845698,1.0,0.9930725665098781,142,0,0,3,0,False
11,23,1,3.8193456614509245,0.2618249534450652,0.30134680134680136,0.978946356459951,1.0,0.9930725665098781,93,0,1,1,0,False
11,24,4,3.8193456614509245,1.0472998137802607,0.7799564270152506,0.5322663721911238,1.0,0.9846927885535791,17,2,2,2,2,False
11,25,6,3.8193456614509245,1.570949720670391,1.2430555555555556,0.18540284401652957,1.0,0.9846927885535791,17,1,2,5,1,False
11,26,4,3.8193456614509245,1.0472998137802607,1.0607407407407408,0.5322663721911238,1.0,0.9846927885535791,80,0,1,3,1,False
11,27,1,3.8193456614509245,0.2618249534450652,0.2882447665056361,0.978946356459951,1.0,0.9930725665098781,114,0,0,1,0,False
11,28,3,3.8193456614509245,0.7854748603351955,0.9040404040404041,0.7373498989845698,1.0,0.9930725665098781,134,0,0,3,0,False
11,29,0,3.8193456614509245,0.0,0.0,1.0,1.0,1.0,,0,0,0,0,False
11,30,6,3.8193456614509245,1.570949720670391,1.4206349206349207,0.18540284401652957,1.0,0.9846927885535791,78,0,1,5,1,False
11,31,3,3.8193456614509245,0.7854748603351955,0.7649572649572649,0.7373498989845698,1.0,0.9930725665098781,93,0,1,3,0,False
11,32,7,3.8193456614509245,1.8327746741154562,1.8562962962962963,0.09048279396899092,1.0,0.9846927885535791,30,2,4,4,3,False
11,33,4,3.8193456614509245,1.0472998137802607,0.7799564270152506,0.5322663721911238,1.0,0.9846927885535791,30,1,2,2,2,False
11,34,6,3.8193456614509245,1.570949720670391,1.5299145299145298,0.18540284401652957,1.0,0.9846927885535791,31,1,3,3,3,False
11,35,2,3.8193456614509245,0.5236499068901304,0.41435185185185186,0.8967820644465743,1.0,0.9930725665098781,93,0,1,2,0,False
11,36,5,3.8193456614509245,1.309124767225326,1.274928774928775,0.335529267999765,1.0,0.9846927885535791,30,2,2,3,2,False
11,37,2,3.8193456614509245,0.5236499068901304,0.4419753086419753,0.8967820644465743,1.0,0.9930725665098781,106,0,0,2,0,False
11,38,3,3.8193456614509245,0.7854748603351955,0.5682539682539682,0.7373498989845698,1.0,0.9930725665098781,17,1,2,1,2,False
12,13,3,3.8193456614509245,0.7854748603351955,0.559375,0.7373498989845698,1.0,0.9930725665098781,6,1,3,0,3,False
12,14,3,3.8193456614509245,0.7854748603351955,0.662962962962963,0.7373498989845698,1.0,0.9930725665098781,12,1,3,0,3,False
12,15,5,3.8193456614509245,1.309124767225326,0.9322916666666666,0.335529267999765,1.0,0.9846927885535791,20,1,3,2,3,False
12,16,2,3.8193456614509245,0.5236499068901304,0.518840579710145,0.8967820644465743,1.0,0.9930725665098781,57,0,2,0,2,False
12,17,1,3.8193456614509245,0.2618249534450652,0.22948717948717948,0.978946356459951,1.0,0.9930725665098781,171,0,0,1,0,False
12,18,2,3.8193456614509245,0.5236499068901304,0.3140350877192982,0.8967820644465743,1.0,0.9930725665098781,117,0,0,2,0,False
12,19,3,3.8193456614509245,0.7854748603351955,0.716,0.7373498989845698,1.0,0.9930725665098781,45,1,2,1,2,False
12,20,6,3.8193456614509245,1.570949720670391,1.2785714285714285,0.18540284401652957,1.0,0.9846927885535791,12,1,4,2,4,False
12,21,5,3.8193456614509245,1.309124767225326,1.2430555555555556,0.335529267999765,1.0,0.9846927885535791,6,2,2,3,2,False
12,22,5,3.8193456614509245,1.309124767225326,1.0654761904761905,0.335529267999765,1.0,0.9846927885535791,15,3,4,1,4,False
12,23,2,3.8193456614509245,0.5236499068901304,0.5424242424242425,0.8967820644465743,1.0,0.9930725665098781,11,1,2,0,2,False
12,24,4,3.8193456614509245,1.0472998137802607,0.7019607843137254,0.5322663721911238,1.0,0.9846927885535791,12,3,3,1,3,False
12,25,2,3.8193456614509245,0.5236499068901304,0.3729166666666667,0.8967820644465743,1.0,0.9930725665098781,116,0,0,2,0,False
12,26,3,3.8193456614509245,0.7854748603351955,0.716,0.7373498989845698,1.0,0.9930725665098781,58,0,2,1,2,False
12,27,4,3.8193456614509245,1.0472998137802607,1.03768115942029,0.5322663721911238,1.0,0.9846927885535791,12,1,1,3,1,False
12,28,3,3.8193456614509245,0.7854748603351955,0.8136363636363636,0.7373498989845698,1.0,0.9930725665098781,67,0,1,2,1,False
12,29,4,3.8193456614509245,1.0472998137802607,1.084848484848485,0.5322663721911238,1.0,0.9846927885535791,51,0,3,1,3,False
12,30,1,3.8193456614509245,0.2618249534450652,0.2130952380952381,0.978946356459951,1.0,0.9930725665098781,53,0,1,0,1,False
12,31,3,3.8193456614509245,0.7854748603351955,0.6884615384615385,0.7373498989845698,1.0,0.9930725665098781,11,1,2,1,2,False
12,32,3,3.8193456614509245,0.7854748603351955,0.716,0.7373498989845698,1.0,0.9930725665098781,52,0,1,2,1,False
12,33,5,3.8193456614509245,1.309124767225326,0.8774509803921569,0.335529267999765,1.0,0.9846927885535791,67,0,3,2,3,False
12,34,4,3.8193456614509245,1.0472998137802607,0.9179487179487179,0.5322663721911238,1.0,0.9846927885535791,52,0,2,2,2,False
12,35,6,3.8193456614509245,1.570949720670391,1.11875,0.18540284401652957,1.0,0.9846927885535791,6,2,5,1,5,False
12,36,4,3.8193456614509245,1.0472998137802607,0.9179487179487179,0.5322663721911238,1.0,0.9846927885535791,51,0,2,2,2,False
12,37,4,3.8193456614509245,1.0472998137802607,0.7955555555555556,0.5322663721911238,1.0,0.9846927885535791,66,0,2,2,2,False
12,38,8,3.8193456614509245,2.0945996275605214,1.3638095238095238,0.03933712746704622,1.0,0.9846927885535791,15,1,6,2,6,False
13,14,1,3.8193456614509245,0.2618249534450652,0.20717592592592593,0.978946356459951,1.0,0.9930725665098781,103,0,0,1,0,False
13,15,8,3.8193456614509245,2.0945996275605214,1.3984375,0.03933712746704622,1.0,0.9846927885535791,19,2,5,3,5,False
13,16,3,3.8193456614509245,0.7854748603351955,0.7296195652173914,0.7373498989845698,1.0,0.9930725665098781,23,1,3,0,3,False
13,17,4,3.8193456614509245,1.0472998137802607,0.8605769230769231,0.5322663721911238,1.0,0.9846927885535791,3,1,2,2,2,False
13,18,9,3.8193456614509245,2.356424581005587,1.3248355263157894,0.015362596294258481,1.0,0.9846927885535791,1,1,5,5,4,False
13,19,2,3.8193456614509245,0.5236499068901304,0.4475,0.8967820644465743,1.0,0.9930725665098781,10,1,1,1,1,False
13,20,4,3.8193456614509245,1.0472998137802607,0.7991071428571429,0.5322663721911238,1.0,0.9846927885535791,31,1,1,3,1,False
13,21,4,3.8193456614509245,1.0472998137802607,0.9322916666666666,0.5322663721911238,1.0,0.9846927885535791,6,1,2,2,2,False
13,22,4,3.8193456614509245,1.0472998137802607,0.7991071428571429,0.5322663721911238,1.0,0.9846927885535791,8,2,2,2,2,False
13,23,3,3.8193456614509245,0.7854748603351955,0.7627840909090909,0.7373498989845698,1.0,0.9930725665098781,0,3,3,0,3,False
13,24,5,3.8193456614509245,1.309124767225326,0.8226102941176471,0.335529267999765,1.0,0.9846927885535791,3,3,5,2,3,False
13,25,5,3.8193456614509245,1.309124767225326,0.8740234375,0.335529267999765,1.0,0.9846927885535791,23,1,3,3,2,False
13,26,4,3.8193456614509245,1.0472998137802607,0.895,0.5322663721911238,1.0,0.9846927885535791,10,1,2,2,2,False
13,27,2,3.8193456614509245,0.5236499068901304,0.48641304347826086,0.8967820644465743,1.0,0.9930725665098781,113,0,0,2,0,False
13,28,1,3.8193456614509245,0.2618249534450652,0.25426136363636365,0.978946356459951,1.0,0.9930725665098781,0,1,1,0,1,False
13,29,4,3.8193456614509245,1.0472998137802607,1.0170454545454546,0.5322663721911238,1.0,0.9846927885535791,1,2,3,1,3,False
13,30,7,3.8193456614509245,1.8327746741154562,1.3984375,0.09048279396899092,1.0,0.9846927885535791,23,1,5,3,4,False
13,31,2,3.8193456614509245,0.5236499068901304,0.43028846153846156,0.8967820644465743,1.0,0.9930725665098781,64,0,2,0,2,False
13,32,1,3.8193456614509245,0.2618249534450652,0.22375,0.978946356459951,1.0,0.9930725665098781,47,1,1,0,1,False
13,33,5,3.8193456614509245,1.309124767225326,0.8226102941176471,0.335529267999765,1.0,0.9846927885535791,8,1,1,4,1,False
13,34,6,3.8193456614509245,1.570949720670391,1.2908653846153846,0.18540284401652957,1.0,0.9846927885535791,31,1,4,2,4,False
13,35,3,3.8193456614509245,0.7854748603351955,0.5244140625,0.7373498989845698,1.0,0.9930725665098781,6,1,2,2,1,False
13,36,3,3.8193456614509245,0.7854748603351955,0.6454326923076923,0.7373498989845698,1.0,0.9930725665098781,3,3,3,0,3,False
13,37,4,3.8193456614509245,1.0472998137802607,0.7458333333333333,0.5322663721911238,1.0,0.9846927885535791,74,0,2,3,1,False
13,38,8,3.8193456614509245,2.0945996275605214,1.2785714285714285,0.03933712746704622,1.0,0.9846927885535791,23,1,5,4,4,False
14,15,3,3.8193456614509245,0.7854748603351955,0.6215277777777778,0.7373498989845698,1.0,0.9930725665098781,16,3,3,0,3,False
14,16,4,3.8193456614509245,1.0472998137802607,1.1529790660225443,0.5322663721911238,1.0,0.9846927885535791,22,2,4,1,3,False
14,17,2,3.8193456614509245,0.5236499068901304,0.50997150997151,0.8967820644465743,1.0,0.9930725665098781,25,1,1,1,1,False
14,18,5,3.8193456614509245,1.309124767225326,0.8723196881091618,0.335529267999765,1.0,0.9846927885535791,25,1,2,4,1,False
14,19,1,3.8193456614509245,0.2618249534450652,0.2651851851851852,0.978946356459951,1.0,0.9930725665098781,27,1,1,0,1,False
14,20,5,3.8193456614509245,1.309124767225326,1.183862433862434,0.335529267999765,1.0,0.9846927885535791,12,1,3,3,2,False
14,21,7,3.8193456614509245,1.8327746741154562,1.933641975308642,0.09048279396899092,1.0,0.9846927885535791,22,1,1,6,1,False
14,22,3,3.8193456614509245,0.7854748603351955,0.7103174603174603,0.7373498989845698,1.0,0.9930725665098781,142,0,0,3,0,False
14,23,5,3.8193456614509245,1.309124767225326,1.5067340067340067,0.335529267999765,1.0,0.9846927885535791,25,2,4,3,2,False
14,24,4,3.8193456614509245,1.0472998137802607,0.7799564270152506,0.5322663721911238,1.0,0.9846927885535791,12,1,1,3,1,False
14,25,2,3.8193456614509245,0.5236499068901304,0.41435185185185186,0.8967820644465743,1.0,0.9930725665098781,16,2,2,0,2,False
14,26,1,3.8193456614509245,0.2618249534450652,0.2651851851851852,0.978946356459951,1.0,0.9930725665098781,143,0,0,1,0,False
14,27,3,3.8193456614509245,0.7854748603351955,0.8647342995169082,0.7373498989845698,1.0,0.9930725665098781,12,2,2,1,2,False
14,28,4,3.8193456614509245,1.0472998137802607,1.2053872053872055,0.5322663721911238,1.0,0.9846927885535791,16,1,1,3,1,False
14,29,0,3.8193456614509245,0.0,0.0,1.0,1.0,1.0,,0,0,0,0,False
14,30,3,3.8193456614509245,0.7854748603351955,0.7103174603174603,0.7373498989845698,1.0,0.9930725665098781,26,2,2,1,2,False
14,31,3,3.8193456614509245,0.7854748603351955,0.7649572649572649,0.7373498989845698,1.0,0.9930725665098781,13,1,3,2,1,False
14,32,2,3.8193456614509245,0.5236499068901304,0.5303703703703704,0.8967820644465743,1.0,0.9930725665098781,98,0,1,2,0,False
14,33,5,3.8193456614509245,1.309124767225326,0.9749455337690632,0.335529267999765,1.0,0.9846927885535791,88,0,2,4,1,False
14,34,4,3.8193456614509245,1.0472998137802607,1.01994301994302,0.5322663721911238,1.0,0.9846927885535791,16,3,3,1,3,False
14,35,8,3.8193456614509245,2.0945996275605214,1.6574074074074074,0.03933712746704622,1.0,0.9846927885535791,13,1,4,5,3,False
14,36,4,3.8193456614509245,1.0472998137802607,1.01994301994302,0.5322663721911238,1.0,0.9846927885535791,26,1,1,3,1,False
14,37,7,3.8193456614509245,1.8327746741154562,1.5469135802469136,0.09048279396899092,1.0,0.9846927885535791,96,0,1,7,0,False
14,38,4,3.8193456614509245,1.0472998137802607,0.7576719576719577,0.5322663721911238,1.0,0.9846927885535791,13,3,4,0,4,False
15,16,3,3.8193456614509245,0.7854748603351955,0.7296195652173914,0.7373498989845698,1.0,0.9930725665098781,27,1,2,1,2,False
15,17,3,3.8193456614509245,0.7854748603351955,0.6454326923076923,0.7373498989845698,1.0,0.9930725665098781,41,1,3,0,3,False
15,18,7,3.8193456614509245,1.8327746741154562,1.0304276315789473,0.09048279396899092,1.0,0.9846927885535791,4,1,3,5,2,False
15,19,5,3.8193456614509245,1.309124767225326,1.11875,0.335529267999765,1.0,0.9846927885535791,27,1,3,2,3,False
15,20,4,3.8193456614509245,1.0472998137802607,0.7991071428571429,0.5322663721911238,1.0,0.9846927885535791,4,1,2,2,2,False
15,21,2,3.8193456614509245,0.5236499068901304,0.4661458333333333,0.8967820644465743,1.0,0.9930725665098781,41,1,1,1,1,False
15,22,5,3.8193456614509245,1.309124767225326,0.9988839285714286,0.335529267999765,1.0,0.9846927885535791,20,1,2,4,1,False
15,23,2,3.8193456614509245,0.5236499068901304,0.5085227272727273,0.8967820644465743,1.0,0.9930725665098781,49,1,2,0,2,False
15,24,5,3.8193456614509245,1.309124767225326,0.8226102941176471,0.335529267999765,1.0,0.9846927885535791,20,3,3,2,3,False
15,25,4,3.8193456614509245,1.0472998137802607,0.69921875,0.5322663721911238,1.0,0.9846927885535791,16,2,2,2,2,False
15,26,5,3.8193456614509245,1.309124767225326,1.11875,0.335529267999765,1.0,0.9846927885535791,9,1,3,2,3,False
15,27,3,3.8193456614509245,0.7854748603351955,0.7296195652173914,0.7373498989845698,1.0,0.9930725665098781,55,0,2,2,1,False
15,28,3,3.8193456614509245,0.7854748603351955,0.7627840909090909,0.7373498989845698,1.0,0.9930725665098781,16,2,2,1,2,False
15,29,3,3.8193456614509245,0.7854748603351955,0.7627840909090909,0.7373498989845698,1.0,0.9930725665098781,19,1,2,1,2,False
15,30,3,3.8193456614509245,0.7854748603351955,0.5993303571428571,0.7373498989845698,1.0,0.9930725665098781,27,2,3,0,3,False
15,31,2,3.8193456614509245,0.5236499068901304,0.43028846153846156,0.8967820644465743,1.0,0.9930725665098781,71,0,2,0,2,False
15,32,2,3.8193456614509245,0.5236499068901304,0.4475,0.8967820644465743,1.0,0.9930725665098781,9,2,2,0,2,False
15,33,8,3.8193456614509245,2.0945996275605214,1.3161764705882353,0.03933712746704622,1.0,0.9846927885535791,49,1,3,5,3,False
15,34,3,3.8193456614509245,0.7854748603351955,0.6454326923076923,0.7373498989845698,1.0,0.9930725665098781,16,1,3,0,3,False
15,35,2,3.8193456614509245,0.5236499068901304,0.349609375,0.8967820644465743,1.0,0.9930725665098781,40,1,2,1,1,False
15,36,6,3.8193456614509245,1.570949720670391,1.2908653846153846,0.18540284401652957,1.0,0.9846927885535791,19,3,5,1,5,False
15,37,1,3.8193456614509245,0.2618249534450652,0.18645833333333334,0.978946356459951,1.0,0.9930725665098781,9,1,1,0,1,False
15,38,5,3.8193456614509245,1.309124767225326,0.7991071428571429,0.335529267999765,1.0,0.9846927885535791,16,2,5,0,5,False
16,17,5,3.8193456614509245,1.309124767225326,1.4966555183946488,0.335529267999765,1.0,0.9846927885535791,34,1,4,1,4,False
16,18,2,3.8193456614509245,0.5236499068901304,0.4096109839816934,0.8967820644465743,1.0,0.9930725665098781,34,1,2,1,1,False
16,19,4,3.8193456614509245,1.0472998137802607,1.2452173913043478,0.5322663721911238,1.0,0.9846927885535791,27,1,3,1,3,False
16,20,1,3.8193456614509245,0.2618249534450652,0.2779503105590062,0.978946356459951,1.0,0.9930725665098781,105,0,0,1,0,False
16,21,4,3.8193456614509245,1.0472998137802607,1.2971014492753623,0.5322663721911238,1.0,0.9846927885535791,22,1,3,1,3,False
16,22,3,3.8193456614509245,0.7854748603351955,0.8338509316770186,0.7373498989845698,1.0,0.9930725665098781,21,1,3,0,3,False
16,23,2,3.8193456614509245,0.5236499068901304,0.7075098814229249,0.8967820644465743,1.0,0.9930725665098781,23,1,2,1,1,False
16,24,4,3.8193456614509245,1.0472998137802607,0.9156010230179028,0.5322663721911238,1.0,0.9846927885535791,21,1,3,1,3,False
16,25,4,3.8193456614509245,1.0472998137802607,0.9728260869565217,0.5322663721911238,1.0,0.9846927885535791,23,1,3,2,2,False
16,26,4,3.8193456614509245,1.0472998137802607,1.2452173913043478,0.5322663721911238,1.0,0.9846927885535791,56,0,2,2,2,False
16,27,1,3.8193456614509245,0.2618249534450652,0.3383742911153119,0.978946356459951,1.0,0.9930725665098781,22,1,1,0,1,False
16,28,4,3.8193456614509245,1.0472998137802607,1.4150197628458498,0.5322663721911238,1.0,0.9846927885535791,67,0,4,0,4,False
16,29,1,3.8193456614509245,0.2618249534450652,0.35375494071146246,0.978946356459951,1.0,0.9930725665098781,56,0,1,0,1,False
16,30,6,3.8193456614509245,1.570949720670391,1.6677018633540373,0.18540284401652957,1.0,0.9846927885535791,21,4,5,1,5,False
16,31,6,3.8193456614509245,1.570949720670391,1.7959866220735785,0.18540284401652957,1.0,0.9846927885535791,34,2,5,2,4,False
16,32,4,3.8193456614509245,1.0472998137802607,1.2452173913043478,0.5322663721911238,1.0,0.9846927885535791,21,1,3,2,2,False
16,33,5,3.8193456614509245,1.309124767225326,1.1445012787723785,0.335529267999765,1.0,0.9846927885535791,48,1,4,1,4,False
16,34,2,3.8193456614509245,0.5236499068901304,0.5986622073578596,0.8967820644465743,1.0,0.9930725665098781,22,1,1,1,1,False
16,35,4,3.8193456614509245,1.0472998137802607,0.9728260869565217,0.5322663721911238,1.0,0.9846927885535791,48,1,3,2,2,False
16,36,1,3.8193456614509245,0.2618249534450652,0.2993311036789298,0.978946356459951,1.0,0.9930725665098781,105,0,0,1,0,False
16,37,3,3.8193456614509245,0.7854748603351955,0.7782608695652173,0.7373498989845698,1.0,0.9930725665098781,21,1,2,1,2,False
16,38,4,3.8193456614509245,1.0472998137802607,0.8894409937888199,0.5322663721911238,1.0,0.9846927885535791,23,2,4,0,4,False
17,18,4,3.8193456614509245,1.0472998137802607,0.7246963562753036,0.5322663721911238,1.0,0.9846927885535791,25,2,2,2,2,False
17,19,2,3.8193456614509245,0.5236499068901304,0.5507692307692308,0.8967820644465743,1.0,0.9930725665098781,124,0,0,2,0,False
17,20,3,3.8193456614509245,0.7854748603351955,0.7376373626373627,0.7373498989845698,1.0,0.9930725665098781,33,2,2,1,2,False
17,21,4,3.8193456614509245,1.0472998137802607,1.1474358974358974,0.5322663721911238,1.0,0.9846927885535791,41,1,2,2,2,False
17,22,5,3.8193456614509245,1.309124767225326,1.2293956043956045,0.335529267999765,1.0,0.9846927885535791,7,3,3,2,3,False
17,23,3,3.8193456614509245,0.7854748603351955,0.9388111888111889,0.7373498989845698,1.0,0.9930725665098781,25,1,2,1,2,False
17,24,5,3.8193456614509245,1.309124767225326,1.012443438914027,0.335529267999765,1.0,0.9846927885535791,3,2,3,2,3,False
17,25,5,3.8193456614509245,1.309124767225326,1.0757211538461537,0.335529267999765,1.0,0.9846927885535791,25,3,3,2,3,False
17,26,4,3.8193456614509245,1.0472998137802607,1.1015384615384616,0.5322663721911238,1.0,0.9846927885535791,70,0,2,2,2,False
17,27,2,3.8193456614509245,0.5236499068901304,0.5986622073578596,0.8967820644465743,1.0,0.9930725665098781,55,0,1,1,1,False
17,28,3,3.8193456614509245,0.7854748603351955,0.9388111888111889,0.7373498989845698,1.0,0.9930725665098781,41,1,2,1,2,False
17,29,1,3.8193456614509245,0.2618249534450652,0.3129370629370629,0.978946356459951,1.0,0.9930725665098781,124,0,0,1,0,False
17,30,4,3.8193456614509245,1.0472998137802607,0.9835164835164835,0.5322663721911238,1.0,0.9846927885535791,34,1,1,3,1,False
17,31,6,3.8193456614509245,1.570949720670391,1.5887573964497042,0.18540284401652957,1.0,0.9846927885535791,33,2,4,2,4,False
17,32,3,3.8193456614509245,0.7854748603351955,0.8261538461538461,0.7373498989845698,1.0,0.9930725665098781,33,1,2,1,2,False
17,33,1,3.8193456614509245,0.2618249534450652,0.20248868778280543,0.978946356459951,1.0,0.9930725665098781,63,0,1,0,1,False
17,34,5,3.8193456614509245,1.309124767225326,1.3239644970414202,0.335529267999765,1.0,0.9846927885535791,25,1,1,4,1,False
17,35,2,3.8193456614509245,0.5236499068901304,0.43028846153846156,0.8967820644465743,1.0,0.9930725665098781,46,1,1,1,1,False
17,36,4,3.8193456614509245,1.0472998137802607,1.0591715976331362,0.5322663721911238,1.0,0.9846927885535791,3,1,2,2,2,False
17,37,6,3.8193456614509245,1.570949720670391,1.376923076923077,0.18540284401652957,1.0,0.9846927885535791,7,2,2,4,2,False
17,38,3,3.8193456614509245,0.7854748603351955,0.5901098901098901,0.7373498989845698,1.0,0.9930725665098781,42,1,2,1,2,False
18,19,1,3.8193456614509245,0.2618249534450652,0.18842105263157893,0.978946356459951,1.0,0.9930725665098781,78,0,1,0,1,False
18,20,4,3.8193456614509245,1.0472998137802607,0.6729323308270677,0.5322663721911238,1.0,0.9846927885535791,4,1,3,2,2,False
18,21,3,3.8193456614509245,0.7854748603351955,0.5888157894736842,0.7373498989845698,1.0,0.9930725665098781,74,0,1,2,1,False
18,22,2,3.8193456614509245,0.5236499068901304,0.33646616541353386,0.8967820644465743,1.0,0.9930725665098781,90,0,1,2,0,False
18,23,5,3.8193456614509245,1.309124767225326,1.0705741626794258,0.335529267999765,1.0,0.9846927885535791,25,2,3,3,2,False
18,24,6,3.8193456614509245,1.570949720670391,0.8312693498452013,0.18540284401652957,1.0,0.9846927885535791,59,0,2,5,1,False
18,25,9,3.8193456614509245,2.356424581005587,1.3248355263157894,0.015362596294258481,1.0,0.9846927885535791,2,2,3,7,2,False
18,26,3,3.8193456614509245,0.7854748603351955,0.5652631578947368,0.7373498989845698,1.0,0.9930725665098781,80,0,1,2,1,False
18,27,6,3.8193456614509245,1.570949720670391,1.22883295194508,0.18540284401652957,1.0,0.9846927885535791,32,2,4,3,3,False
18,28,3,3.8193456614509245,0.7854748603351955,0.6423444976076556,0.7373498989845698,1.0,0.9930725665098781,120,0,0,3,0,False
18,29,6,3.8193456614509245,1.570949720670391,1.284688995215311,0.18540284401652957,1.0,0.9846927885535791,1,3,5,1,5,False
18,30,5,3.8193456614509245,1.309124767225326,0.8411654135338346,0.335529267999765,1.0,0.9846927885535791,34,1,3,3,2,False
18,31,4,3.8193456614509245,1.0472998137802607,0.7246963562753036,0.5322663721911238,1.0,0.9846927885535791,32,2,4,0,4,False
18,32,5,3.8193456614509245,1.309124767225326,0.9421052631578948,0.335529267999765,1.0,0.9846927885535791,59,0,4,3,2,False
18,33,9,3.8193456614509245,2.356424581005587,1.2469040247678018,0.015362596294258481,1.0,0.9846927885535791,80,0,2,8,1,False
18,34,7,3.8193456614509245,1.8327746741154562,1.2682186234817814,0.09048279396899092,1.0,0.9846927885535791,25,1,4,3,4,False
18,35,6,3.8193456614509245,1.570949720670391,0.8832236842105263,0.18540284401652957,1.0,0.9846927885535791,32,1,2,5,1,False
18,36,3,3.8193456614509245,0.7854748603351955,0.5435222672064778,0.7373498989845698,1.0,0.9930725665098781,32,1,1,2,1,False
18,37,2,3.8193456614509245,0.5236499068901304,0.3140350877192982,0.8967820644465743,1.0,0.9930725665098781,74,0,1,1,1,False
18,38,5,3.8193456614509245,1.309124767225326,0.6729323308270677,0.335529267999765,1.0,0.9846927885535791,39,1,3,3,2,False
19,20,3,3.8193456614509245,0.7854748603351955,0.7671428571428571,0.7373498989845698,1.0,0.9930725665098781,54,0,3,1,2,False
19,21,2,3.8193456614509245,0.5236499068901304,0.5966666666666667,0.8967820644465743,1.0,0.9930725665098781,45,1,1,1,1,False
19,22,4,3.8193456614509245,1.0472998137802607,1.022857142857143,0.5322663721911238,1.0,0.9846927885535791,10,2,3,1,3,False
19,23,0,3.8193456614509245,0.0,0.0,1.0,1.0,1.0,,0,0,0,0,False
19,24,3,3.8193456614509245,0.7854748603351955,0.6317647058823529,0.7373498989845698,1.0,0.9930725665098781,24,1,1,2,1,False
19,25,5,3.8193456614509245,1.309124767225326,1.11875,0.335529267999765,1.0,0.9846927885535791,116,0,0,5,0,False
19,26,4,3.8193456614509245,1.0472998137802607,1.1456,0.5322663721911238,1.0,0.9846927885535791,10,1,2,2,2,False
19,27,3,3.8193456614509245,0.7854748603351955,0.9339130434782609,0.7373498989845698,1.0,0.9930725665098781,116,0,0,3,0,False
19,28,3,3.8193456614509245,0.7854748603351955,0.9763636363636363,0.7373498989845698,1.0,0.9930725665098781,67,0,3,1,2,False
19,29,3,3.8193456614509245,0.7854748603351955,0.9763636363636363,0.7373498989845698,1.0,0.9930725665098781,24,1,1,2,1,False
19,30,8,3.8193456614509245,2.0945996275605214,2.045714285714286,0.03933712746704622,1.0,0.9846927885535791,5,2,4,4,4,False
19,31,4,3.8193456614509245,1.0472998137802607,1.1015384615384616,0.5322663721911238,1.0,0.9846927885535791,18,1,2,2,2,False
19,32,0,3.8193456614509245,0.0,0.0,1.0,1.0,1.0,,0,0,0,0,False
19,33,6,3.8193456614509245,1.570949720670391,1.2635294117647058,0.18540284401652957,1.0,0.9846927885535791,18,1,4,2,4,False
19,34,5,3.8193456614509245,1.309124767225326,1.376923076923077,0.335529267999765,1.0,0.9846927885535791,78,0,1,4,1,False
19,35,3,3.8193456614509245,0.7854748603351955,0.67125,0.7373498989845698,1.0,0.9930725665098781,18,2,2,1,2,False
19,36,4,3.8193456614509245,1.0472998137802607,1.1015384615384616,0.5322663721911238,1.0,0.9846927885535791,24,1,2,2,2,False
19,37,3,3.8193456614509245,0.7854748603351955,0.716,0.7373498989845698,1.0,0.9930725665098781,95,0,1,3,0,False
19,38,6,3.8193456614509245,1.570949720670391,1.2274285714285715,0.18540284401652957,1.0,0.9846927885535791,27,1,3,4,2,False
20,21,1,3.8193456614509245,0.2618249534450652,0.2663690476190476,0.978946356459951,1.0,0.9930725665098781,146,0,0,1,0,False
20,22,7,3.8193456614509245,1.8327746741154562,1.5982142857142858,0.09048279396899092,1.0,0.9846927885535791,42,2,3,4,3,False
20,23,3,3.8193456614509245,0.7854748603351955,0.8717532467532467,0.7373498989845698,1.0,0.9930725665098781,91,0,2,3,0,False
20,24,2,3.8193456614509245,0.5236499068901304,0.3760504201680672,0.8967820644465743,1.0,0.9930725665098781,12,1,1,1,1,False
20,25,2,3.8193456614509245,0.5236499068901304,0.39955357142857145,0.8967820644465743,1.0,0.9930725665098781,108,0,0,2,0,False
20,26,5,3.8193456614509245,1.309124767225326,1.2785714285714285,0.335529267999765,1.0,0.9846927885535791,44,1,1,4,1,False
20,27,3,3.8193456614509245,0.7854748603351955,0.8338509316770186,0.7373498989845698,1.0,0.9930725665098781,12,1,1,2,1,False
20,28,6,3.8193456614509245,1.570949720670391,1.7435064935064934,0.18540284401652957,1.0,0.9846927885535791,69,0,3,4,2,False
20,29,0,3.8193456614509245,0.0,0.0,1.0,1.0,1.0,,0,0,0,0,False
20,30,3,3.8193456614509245,0.7854748603351955,0.6849489795918368,0.7373498989845698,1.0,0.9930725665098781,54,0,2,1,2,False
20,31,4,3.8193456614509245,1.0472998137802607,0.9835164835164835,0.5322663721911238,1.0,0.9846927885535791,33,1,4,1,3,False
20,32,3,3.8193456614509245,0.7854748603351955,0.7671428571428571,0.7373498989845698,1.0,0.9930725665098781,33,1,2,1,2,False
20,33,4,3.8193456614509245,1.0472998137802607,0.7521008403361344,0.5322663721911238,1.0,0.9846927885535791,54,0,4,2,2,False
20,34,2,3.8193456614509245,0.5236499068901304,0.49175824175824173,0.8967820644465743,1.0,0.9930725665098781,31,1,2,0,2,False
20,35,3,3.8193456614509245,0.7854748603351955,0.5993303571428571,0.7373498989845698,1.0,0.9930725665098781,44,1,3,0,3,False
20,36,2,3.8193456614509245,0.5236499068901304,0.49175824175824173,0.8967820644465743,1.0,0.9930725665098781,69,0,1,1,1,False
20,37,5,3.8193456614509245,1.309124767225326,1.0654761904761905,0.335529267999765,1.0,0.9846927885535791,66,0,3,4,1,False
20,38,6,3.8193456614509245,1.570949720670391,1.0959183673469388,0.18540284401652957,1.0,0.9846927885535791,42,1,4,3,3,False
21,22,4,3.8193456614509245,1.0472998137802607,1.0654761904761905,0.5322663721911238,1.0,0.9846927885535791,45,1,1,3,1,False
21,23,2,3.8193456614509245,0.5236499068901304,0.678030303030303,0.8967820644465743,1.0,0.9930725665098781,37,1,1,1,1,False
21,24,7,3.8193456614509245,1.8327746741154562,1.5355392156862746,0.09048279396899092,1.0,0.9846927885535791,50,0,3,4,3,False
21,25,4,3.8193456614509245,1.0472998137802607,0.9322916666666666,0.5322663721911238,1.0,0.9846927885535791,41,1,2,2,2,False
21,26,1,3.8193456614509245,0.2618249534450652,0.29833333333333334,0.978946356459951,1.0,0.9930725665098781,175,0,0,1,0,False
21,27,2,3.8193456614509245,0.5236499068901304,0.6485507246376812,0.8967820644465743,1.0,0.9930725665098781,22,1,1,1,1,False
21,28,5,3.8193456614509245,1.309124767225326,1.6950757575757576,0.335529267999765,1.0,0.9846927885535791,41,1,2,3,2,False
21,29,3,3.8193456614509245,0.7854748603351955,1.0170454545454546,0.7373498989845698,1.0,0.9930725665098781,37,1,2,1,2,False
21,30,2,3.8193456614509245,0.5236499068901304,0.5327380952380952,0.8967820644465743,1.0,0.9930725665098781,118,0,0,2,0,False
21,31,2,3.8193456614509245,0.5236499068901304,0.5737179487179487,0.8967820644465743,1.0,0.9930725665098781,137,0,0,2,0,False
21,32,3,3.8193456614509245,0.7854748603351955,0.895,0.7373498989845698,1.0,0.9930725665098781,37,1,3,0,3,False
21,33,3,3.8193456614509245,0.7854748603351955,0.6580882352941176,0.7373498989845698,1.0,0.9930725665098781,144,0,0,3,0,False
21,34,5,3.8193456614509245,1.309124767225326,1.4342948717948718,0.335529267999765,1.0,0.9846927885535791,22,1,1,4,1,False
21,35,3,3.8193456614509245,0.7854748603351955,0.69921875,0.7373498989845698,1.0,0.9930725665098781,6,2,2,1,2,False
21,36,4,3.8193456614509245,1.0472998137802607,1.1474358974358974,0.5322663721911238,1.0,0.9846927885535791,37,1,1,3,1,False
21,37,8,3.8193456614509245,2.0945996275605214,1.988888888888889,0.03933712746704622,1.0,0.9846927885535791,50,0,2,6,2,False
21,38,1,3.8193456614509245,0.2618249534450652,0.2130952380952381,0.978946356459951,1.0,0.9930725665098781,37,1,1,0,1,False
22,23,4,3.8193456614509245,1.0472998137802607,1.1623376623376624,0.5322663721911238,1.0,0.9846927885535791,8,1,2,2,2,False
22,24,8,3.8193456614509245,2.0945996275605214,1.504201680672269,0.03933712746704622,1.0,0.9846927885535791,7,5,5,3,5,False
22,25,3,3.8193456614509245,0.7854748603351955,0.5993303571428571,0.7373498989845698,1.0,0.9930725665098781,46,1,1,2,1,False
22,26,4,3.8193456614509245,1.0472998137802607,1.022857142857143,0.5322663721911238,1.0,0.9846927885535791,10,2,2,2,2,False
22,27,5,3.8193456614509245,1.309124767225326,1.389751552795031,0.335529267999765,1.0,0.9846927885535791,68,0,2,4,1,False
22,28,5,3.8193456614509245,1.309124767225326,1.452922077922078,0.335529267999765,1.0,0.9846927885535791,84,0,2,3,2,False
22,29,0,3.8193456614509245,0.0,0.0,1.0,1.0,1.0,,0,0,0,0,False
22,30,2,3.8193456614509245,0.5236499068901304,0.45663265306122447,0.8967820644465743,1.0,0.9930725665098781,21,1,1,1,1,False
22,31,1,3.8193456614509245,0.2618249534450652,0.24587912087912087,0.978946356459951,1.0,0.9930725665098781,66,0,1,0,1,False
22,32,3,3.8193456614509245,0.7854748603351955,0.7671428571428571,0.7373498989845698,1.0,0.9930725665098781,21,1,1,2,1,False
22,33,2,3.8193456614509245,0.5236499068901304,0.3760504201680672,0.8967820644465743,1.0,0.9930725665098781,8,1,2,0,2,False
22,34,1,3.8193456614509245,0.2618249534450652,0.24587912087912087,0.978946356459951,1.0,0.9930725665098781,171,0,0,1,0,False
22,35,6,3.8193456614509245,1.570949720670391,1.1986607142857142,0.18540284401652957,1.0,0.9846927885535791,44,3,5,2,4,False
22,36,2,3.8193456614509245,0.5236499068901304,0.49175824175824173,0.8967820644465743,1.0,0.9930725665098781,68,0,1,1,1,False
22,37,6,3.8193456614509245,1.570949720670391,1.2785714285714285,0.18540284401652957,1.0,0.9846927885535791,7,3,5,1,5,False
22,38,4,3.8193456614509245,1.0472998137802607,0.7306122448979592,0.5322663721911238,1.0,0.9846927885535791,15,2,3,1,3,False
23,24,2,3.8193456614509245,0.5236499068901304,0.4786096256684492,0.8967820644465743,1.0,0.9930725665098781,8,1,1,1,1,False
23,25,4,3.8193456614509245,1.0472998137802607,1.0170454545454546,0.5322663721911238,1.0,0.9846927885535791,23,2,2,2,2,False
23,26,1,3.8193456614509245,0.2618249534450652,0.32545454545454544,0.978946356459951,1.0,0.9930725665098781,70,0,1,0,1,False
23,27,4,3.8193456614509245,1.0472998137802607,1.4150197628458498,0.5322663721911238,1.0,0.9846927885535791,32,2,3,1,3,False
23,28,2,3.8193456614509245,0.5236499068901304,0.7396694214876033,0.8967820644465743,1.0,0.9930725665098781,0,1,1,1,1,False
23,29,3,3.8193456614509245,0.7854748603351955,1.109504132231405,0.7373498989845698,1.0,0.9930725665098781,37,1,2,1,2,False
23,30,2,3.8193456614509245,0.5236499068901304,0.5811688311688312,0.8967820644465743,1.0,0.9930725665098781,23,2,2,0,2,False
23,31,5,3.8193456614509245,1.309124767225326,1.5646853146853146,0.335529267999765,1.0,0.9846927885535791,11,3,5,2,3,False
23,32,3,3.8193456614509245,0.7854748603351955,0.9763636363636363,0.7373498989845698,1.0,0.9930725665098781,37,1,1,2,1,False
23,33,5,3.8193456614509245,1.309124767225326,1.196524064171123,0.335529267999765,1.0,0.9846927885535791,8,2,4,3,2,False
23,34,1,3.8193456614509245,0.2618249534450652,0.3129370629370629,0.978946356459951,1.0,0.9930725665098781,25,1,1,0,1,False
23,35,4,3.8193456614509245,1.0472998137802607,1.0170454545454546,0.5322663721911238,1.0,0.9846927885535791,32,1,3,2,2,False
23,36,4,3.8193456614509245,1.0472998137802607,1.2517482517482517,0.5322663721911238,1.0,0.9846927885535791,26,3,4,0,4,False
23,37,4,3.8193456614509245,1.0472998137802607,1.084848484848485,0.5322663721911238,1.0,0.9846927885535791,68,0,2,3,1,False
23,38,6,3.8193456614509245,1.570949720670391,1.3948051948051947,0.18540284401652957,1.0,0.9846927885535791,23,3,4,2,4,False
24,25,7,3.8193456614509245,1.8327746741154562,1.1516544117647058,0.09048279396899092,1.0,0.9846927885535791,17,1,3,5,2,False
24,26,4,3.8193456614509245,1.0472998137802607,0.8423529411764706,0.5322663721911238,1.0,0.9846927885535791,107,0,0,4,0,False
24,27,4,3.8193456614509245,1.0472998137802607,0.9156010230179028,0.5322663721911238,1.0,0.9846927885535791,12,1,3,1,3,False
24,28,3,3.8193456614509245,0.7854748603351955,0.7179144385026738,0.7373498989845698,1.0,0.9930725665098781,83,0,1,2,1,False
24,29,7,3.8193456614509245,1.8327746741154562,1.6751336898395721,0.09048279396899092,1.0,0.9846927885535791,24,1,3,4,3,False
24,30,5,3.8193456614509245,1.309124767225326,0.9401260504201681,0.335529267999765,1.0,0.9846927885535791,21,2,3,3,2,False
24,31,2,3.8193456614509245,0.5236499068901304,0.40497737556561086,0.8967820644465743,1.0,0.9930725665098781,158,0,0,2,0,False
24,32,7,3.8193456614509245,1.8327746741154562,1.4741176470588235,0.09048279396899092,1.0,0.9846927885535791,21,2,5,2,5,False
24,33,4,3.8193456614509245,1.0472998137802607,0.6193771626297578,0.5322663721911238,1.0,0.9846927885535791,8,1,1,3,1,False
24,34,3,3.8193456614509245,0.7854748603351955,0.6074660633484162,0.7373498989845698,1.0,0.9930725665098781,110,0,0,3,0,False
24,35,4,3.8193456614509245,1.0472998137802607,0.6580882352941176,0.5322663721911238,1.0,0.9846927885535791,40,1,2,3,1,False
24,36,6,3.8193456614509245,1.570949720670391,1.2149321266968325,0.18540284401652957,1.0,0.9846927885535791,3,4,4,2,4,False
24,37,9,3.8193456614509245,2.356424581005587,1.5794117647058823,0.015362596294258481,1.0,0.9846927885535791,7,2,4,6,3,False
24,38,4,3.8193456614509245,1.0472998137802607,0.6016806722689075,0.5322663721911238,1.0,0.9846927885535791,15,2,3,2,2,False
25,26,2,3.8193456614509245,0.5236499068901304,0.4475,0.8967820644465743,1.0,0.9930725665098781,38,1,1,1,1,False
25,27,3,3.8193456614509245,0.7854748603351955,0.7296195652173914,0.7373498989845698,1.0,0.9930725665098781,38,1,1,2,1,False
25,28,5,3.8193456614509245,1.309124767225326,1.2713068181818181,0.335529267999765,1.0,0.9846927885535791,16,3,3,2,3,False
25,29,5,3.8193456614509245,1.309124767225326,1.2713068181818181,0.335529267999765,1.0,0.9846927885535791,2,1,1,4,1,False
25,30,6,3.8193456614509245,1.570949720670391,1.1986607142857142,0.18540284401652957,1.0,0.9846927885535791,23,1,2,4,2,False
25,31,0,3.8193456614509245,0.0,0.0,1.0,1.0,1.0,,0,0,0,0,False
25,32,4,3.8193456614509245,1.0472998137802607,0.895,0.5322663721911238,1.0,0.9846927885535791,94,0,2,4,0,False
25,33,4,3.8193456614509245,1.0472998137802607,0.6580882352941176,0.5322663721911238,1.0,0.9846927885535791,122,0,0,4,0,False
25,34,11,3.8193456614509245,2.880074487895717,2.3665865384615383,0.0017503499673956731,1.0,0.9846927885535791,16,3,5,7,4,False
25,35,6,3.8193456614509245,1.570949720670391,1.048828125,0.18540284401652957,1.0,0.9846927885535791,36,2,3,4,2,False
25,36,3,3.8193456614509245,0.7854748603351955,0.6454326923076923,0.7373498989845698,1.0,0.9930725665098781,36,1,1,2,1,False
25,37,5,3.8193456614509245,1.309124767225326,0.9322916666666666,0.335529267999765,1.0,0.9846927885535791,38,2,4,2,3,False
25,38,8,3.8193456614509245,2.0945996275605214,1.2785714285714285,0.03933712746704622,1.0,0.9846927885535791,16,3,4,4,4,False
26,27,4,3.8193456614509245,1.0472998137802607,1.2452173913043478,0.5322663721911238,1.0,0.9846927885535791,38,1,1,3,1,False
26,28,2,3.8193456614509245,0.5236499068901304,0.6509090909090909,0.8967820644465743,1.0,0.9930725665098781,38,1,1,1,1,False
26,29,3,3.8193456614509245,0.7854748603351955,0.9763636363636363,0.7373498989845698,1.0,0.9930725665098781,56,0,1,2,1,False
26,30,1,3.8193456614509245,0.2618249534450652,0.2557142857142857,0.978946356459951,1.0,0.9930725665098781,28,1,1,0,1,False
26,31,3,3.8193456614509245,0.7854748603351955,0.8261538461538461,0.7373498989845698,1.0,0.9930725665098781,71,0,2,1,2,False
26,32,3,3.8193456614509245,0.7854748603351955,0.8592,0.7373498989845698,1.0,0.9930725665098781,9,1,1,2,1,False
26,33,3,3.8193456614509245,0.7854748603351955,0.6317647058823529,0.7373498989845698,1.0,0.9930725665098781,80,0,1,2,1,False
26,34,2,3.8193456614509245,0.5236499068901304,0.5507692307692308,0.8967820644465743,1.0,0.9930725665098781,111,0,0,2,0,False
26,35,2,3.8193456614509245,0.5236499068901304,0.4475,0.8967820644465743,1.0,0.9930725665098781,28,2,2,0,2,False
26,36,2,3.8193456614509245,0.5236499068901304,0.5507692307692308,0.8967820644465743,1.0,0.9930725665098781,58,0,2,0,2,False
26,37,6,3.8193456614509245,1.570949720670391,1.432,0.18540284401652957,1.0,0.9846927885535791,9,3,4,2,4,False
26,38,4,3.8193456614509245,1.0472998137802607,0.8182857142857143,0.5322663721911238,1.0,0.9846927885535791,28,1,3,1,3,False
27,28,2,3.8193456614509245,0.5236499068901304,0.7075098814229249,0.8967820644465743,1.0,0.9930725665098781,38,1,1,1,1,False
27,29,3,3.8193456614509245,0.7854748603351955,1.0612648221343874,0.7373498989845698,1.0,0.9930725665098781,39,1,2,1,2,False
27,30,3,3.8193456614509245,0.7854748603351955,0.8338509316770186,0.7373498989845698,1.0,0.9930725665098781,114,0,0,3,0,False
27,31,3,3.8193456614509245,0.7854748603351955,0.8979933110367893,0.7373498989845698,1.0,0.9930725665098781,32,2,2,1,2,False
27,32,2,3.8193456614509245,0.5236499068901304,0.6226086956521739,0.8967820644465743,1.0,0.9930725665098781,59,0,1,1,1,False
27,33,2,3.8193456614509245,0.5236499068901304,0.4578005115089514,0.8967820644465743,1.0,0.9930725665098781,119,0,0,2,0,False
27,34,1,3.8193456614509245,0.2618249534450652,0.2993311036789298,0.978946356459951,1.0,0.9930725665098781,22,1,1,0,1,False
27,35,4,3.8193456614509245,1.0472998137802607,0.9728260869565217,0.5322663721911238,1.0,0.9846927885535791,32,1,3,2,2,False
27,36,4,3.8193456614509245,1.0472998137802607,1.1973244147157192,0.5322663721911238,1.0,0.9846927885535791,32,1,3,1,3,False
27,37,3,3.8193456614509245,0.7854748603351955,0.7782608695652173,0.7373498989845698,1.0,0.9930725665098781,38,1,2,1,2,False
27,38,7,3.8193456614509245,1.8327746741154562,1.5565217391304347,0.09048279396899092,1.0,0.9846927885535791,39,2,3,4,3,False
28,29,1,3.8193456614509245,0.2618249534450652,0.36983471074380164,0.978946356459951,1.0,0.9930725665098781,110,0,0,1,0,False
28,30,1,3.8193456614509245,0.2618249534450652,0.2905844155844156,0.978946356459951,1.0,0.9930725665098781,122,0,0,1,0,False
28,31,2,3.8193456614509245,0.5236499068901304,0.6258741258741258,0.8967820644465743,1.0,0.9930725665098781,75,0,1,1,1,False
28,32,3,3.8193456614509245,0.7854748603351955,0.9763636363636363,0.7373498989845698,1.0,0.9930725665098781,69,0,2,1,2,False
28,33,4,3.8193456614509245,1.0472998137802607,0.9572192513368984,0.5322663721911238,1.0,0.9846927885535791,67,0,2,2,2,False
28,34,3,3.8193456614509245,0.7854748603351955,0.9388111888111889,0.7373498989845698,1.0,0.9930725665098781,16,1,1,2,1,False
28,35,3,3.8193456614509245,0.7854748603351955,0.7627840909090909,0.7373498989845698,1.0,0.9930725665098781,69,0,1,2,1,False
28,36,1,3.8193456614509245,0.2618249534450652,0.3129370629370629,0.978946356459951,1.0,0.9930725665098781,69,0,1,0,1,False
28,37,4,3.8193456614509245,1.0472998137802607,1.084848484848485,0.5322663721911238,1.0,0.9846927885535791,38,1,2,3,1,False
28,38,2,3.8193456614509245,0.5236499068901304,0.4649350649350649,0.8967820644465743,1.0,0.9930725665098781,16,1,2,1,1,False
29,30,1,3.8193456614509245,0.2618249534450652,0.2905844155844156,0.978946356459951,1.0,0.9930725665098781,173,0,0,1,0,False
29,31,1,3.8193456614509245,0.2618249534450652,0.3129370629370629,0.978946356459951,1.0,0.9930725665098781,64,0,1,0,1,False
29,32,5,3.8193456614509245,1.309124767225326,1.6272727272727272,0.335529267999765,1.0,0.9846927885535791,37,1,3,2,3,False
29,33,4,3.8193456614509245,1.0472998137802607,0.9572192513368984,0.5322663721911238,1.0,0.9846927885535791,82,0,1,3,1,False
29,34,3,3.8193456614509245,0.7854748603351955,0.9388111888111889,0.7373498989845698,1.0,0.9930725665098781,64,0,1,2,1,False
29,35,1,3.8193456614509245,0.2618249534450652,0.25426136363636365,0.978946356459951,1.0,0.9930725665098781,51,0,1,0,1,False
29,36,5,3.8193456614509245,1.309124767225326,1.5646853146853146,0.335529267999765,1.0,0.9846927885535791,19,3,4,1,4,False
29,37,2,3.8193456614509245,0.5236499068901304,0.5424242424242425,0.8967820644465743,1.0,0.9930725665098781,107,0,0,2,0,False
29,38,5,3.8193456614509245,1.309124767225326,1.1623376623376624,0.335529267999765,1.0,0.9846927885535791,37,2,3,2,3,False
30,31,3,3.8193456614509245,0.7854748603351955,0.7376373626373627,0.7373498989845698,1.0,0.9930725665098781,34,1,1,2,1,False
30,32,2,3.8193456614509245,0.5236499068901304,0.5114285714285715,0.8967820644465743,1.0,0.9930725665098781,21,1,1,1,1,False
30,33,7,3.8193456614509245,1.8327746741154562,1.3161764705882353,0.09048279396899092,1.0,0.9846927885535791,54,0,1,6,1,False
30,34,5,3.8193456614509245,1.309124767225326,1.2293956043956045,0.335529267999765,1.0,0.9846927885535791,61,0,2,3,2,False
30,35,3,3.8193456614509245,0.7854748603351955,0.5993303571428571,0.7373498989845698,1.0,0.9930725665098781,28,2,2,1,2,False
30,36,3,3.8193456614509245,0.7854748603351955,0.7376373626373627,0.7373498989845698,1.0,0.9930725665098781,26,2,2,1,2,False
30,37,4,3.8193456614509245,1.0472998137802607,0.8523809523809524,0.5322663721911238,1.0,0.9846927885535791,21,2,2,2,2,False
30,38,8,3.8193456614509245,2.0945996275605214,1.4612244897959183,0.03933712746704622,1.0,0.9846927885535791,23,3,7,2,6,False
31,32,3,3.8193456614509245,0.7854748603351955,0.8261538461538461,0.7373498989845698,1.0,0.9930725665098781,29,2,3,0,3,False
31,33,5,3.8193456614509245,1.309124767225326,1.012443438914027,0.335529267999765,1.0,0.9846927885535791,14,3,5,1,4,False
31,34,3,3.8193456614509245,0.7854748603351955,0.7943786982248521,0.7373498989845698,1.0,0.9930725665098781,62,0,2,1,2,False
31,35,7,3.8193456614509245,1.8327746741154562,1.5060096153846154,0.09048279396899092,1.0,0.9846927885535791,13,6,7,1,6,False
31,36,2,3.8193456614509245,0.5236499068901304,0.5295857988165681,0.8967820644465743,1.0,0.9930725665098781,32,1,2,0,2,False
31,37,4,3.8193456614509245,1.0472998137802607,0.9179487179487179,0.5322663721911238,1.0,0.9846927885535791,66,0,2,3,1,False
31,38,6,3.8193456614509245,1.570949720670391,1.1802197802197802,0.18540284401652957,1.0,0.9846927885535791,13,2,4,2,4,False
32,33,2,3.8193456614509245,0.5236499068901304,0.4211764705882353,0.8967820644465743,1.0,0.9930725665098781,30,1,1,1,1,False
32,34,4,3.8193456614509245,1.0472998137802607,1.1015384615384616,0.5322663721911238,1.0,0.9846927885535791,52,0,3,2,2,False
32,35,4,3.8193456614509245,1.0472998137802607,0.895,0.5322663721911238,1.0,0.9846927885535791,29,1,2,2,2,False
32,36,6,3.8193456614509245,1.570949720670391,1.6523076923076923,0.18540284401652957,1.0,0.9846927885535791,30,3,4,2,4,False
32,37,3,3.8193456614509245,0.7854748603351955,0.716,0.7373498989845698,1.0,0.9930725665098781,9,2,2,1,2,False
32,38,3,3.8193456614509245,0.7854748603351955,0.6137142857142858,0.7373498989845698,1.0,0.9930725665098781,37,1,1,2,1,False
33,34,3,3.8193456614509245,0.7854748603351955,0.6074660633484162,0.7373498989845698,1.0,0.9930725665098781,79,0,1,2,1,False
33,35,4,3.8193456614509245,1.0472998137802607,0.6580882352941176,0.5322663721911238,1.0,0.9846927885535791,14,3,3,1,3,False
33,36,4,3.8193456614509245,1.0472998137802607,0.8099547511312217,0.5322663721911238,1.0,0.9846927885535791,30,1,1,3,1,False
33,37,5,3.8193456614509245,1.309124767225326,0.8774509803921569,0.335529267999765,1.0,0.9846927885535791,96,0,1,5,0,False
33,38,1,3.8193456614509245,0.2618249534450652,0.15042016806722688,0.978946356459951,1.0,0.9930725665098781,80,0,1,0,1,False
34,35,3,3.8193456614509245,0.7854748603351955,0.6454326923076923,0.7373498989845698,1.0,0.9930725665098781,36,1,1,2,1,False
34,36,3,3.8193456614509245,0.7854748603351955,0.7943786982248521,0.7373498989845698,1.0,0.9930725665098781,36,1,1,2,1,False
34,37,2,3.8193456614509245,0.5236499068901304,0.45897435897435895,0.8967820644465743,1.0,0.9930725665098781,106,0,0,2,0,False
34,38,2,3.8193456614509245,0.5236499068901304,0.3934065934065934,0.8967820644465743,1.0,0.9930725665098781,16,1,2,0,2,False
35,36,7,3.8193456614509245,1.8327746741154562,1.5060096153846154,0.09048279396899092,1.0,0.9846927885535791,32,3,6,1,6,False
35,37,7,3.8193456614509245,1.8327746741154562,1.3052083333333333,0.09048279396899092,1.0,0.9846927885535791,28,2,4,4,3,False
35,38,6,3.8193456614509245,1.570949720670391,0.9589285714285715,0.18540284401652957,1.0,0.9846927885535791,13,2,4,2,4,False
36,37,3,3.8193456614509245,0.7854748603351955,0.6884615384615385,0.7373498989845698,1.0,0.9930725665098781,68,0,1,2,1,False
36,38,3,3.8193456614509245,0.7854748603351955,0.5901098901098901,0.7373498989845698,1.0,0.9930725665098781,37,1,3,0,3,False
37,38,5,3.8193456614509245,1.309124767225326,0.8523809523809524,0.335529267999765,1.0,0.9846927885535791,28,1,3,3,2,False
