draw_id,date,sum,median,min,max,range,odd,low_1_18,adjacent,largest_spacing,clustering_le2,mean,even,high,spacing,bands,last_digits,repeat_prior1,repeat_prior2,repeat_prior3,repeat_prior5
1577,2025-01-03,73.0,13.0,5.0,27.0,22.0,5.0,4.0,0.0,10.0,1.0,14.6,0,1,"[6, 2, 4, 10]","[1, 3, 1, 0]","[0, 1, 0, 1, 0, 1, 0, 2, 0, 0]",,,,
1578,2025-01-07,91.0,17.0,4.0,33.0,29.0,3.0,3.0,0.0,10.0,0.0,18.2,2,2,"[10, 3, 6, 10]","[1, 2, 1, 1]","[0, 0, 0, 2, 2, 0, 0, 1, 0, 0]",1,,,
1579,2025-01-10,130.0,26.0,21.0,33.0,12.0,2.0,0.0,1.0,5.0,2.0,26.0,3,5,"[1, 4, 2, 5]","[0, 0, 4, 1]","[0, 1, 1, 1, 0, 0, 1, 0, 1, 0]",1,1,,
1580,2025-01-14,89.0,17.0,3.0,33.0,30.0,5.0,3.0,0.0,10.0,0.0,17.8,0,2,"[10, 4, 6, 10]","[1, 2, 1, 1]","[0, 0, 0, 4, 0, 0, 0, 1, 0, 0]",1,3,4,
1581,2025-01-17,95.0,16.0,9.0,34.0,25.0,3.0,3.0,0.0,9.0,1.0,19.0,2,2,"[2, 5, 9, 9]","[1, 2, 1, 1]","[0, 1, 0, 0, 1, 1, 1, 0, 0, 1]",0,0,0,
1582,2025-01-21,74.0,17.0,2.0,25.0,23.0,4.0,3.0,0.0,10.0,1.0,14.8,1,2,"[5, 10, 6, 2]","[2, 1, 2, 0]","[0, 0, 1, 1, 0, 1, 0, 2, 0, 0]",1,3,3,3
1583,2025-01-24,81.0,15.0,4.0,30.0,26.0,1.0,3.0,0.0,8.0,0.0,16.2,4,2,"[6, 5, 7, 8]","[2, 1, 2, 0]","[2, 0, 1, 0, 1, 1, 0, 0, 0, 0]",0,0,0,2
1584,2025-01-28,119.0,24.0,10.0,32.0,22.0,1.0,1.0,1.0,12.0,2.0,23.8,4,4,"[12, 2, 7, 1]","[1, 0, 2, 2]","[1, 1, 2, 0, 1, 0, 0, 0, 0, 0]",2,2,2,2
1585,2025-01-31,86.0,17.0,1.0,29.0,28.0,4.0,3.0,0.0,12.0,0.0,17.2,1,2,"[12, 4, 9, 3]","[1, 2, 2, 0]","[0, 1, 0, 1, 0, 0, 1, 1, 0, 1]",0,0,1,2
1586,2025-02-04,76.0,15.0,10.0,24.0,14.0,2.0,4.0,2.0,8.0,2.0,15.2,3,1,"[1, 4, 1, 8]","[1, 3, 1, 0]","[1, 1, 0, 0, 1, 1, 1, 0, 0, 0]",0,2,3,5
1587,2025-02-07,123.0,26.0,14.0,32.0,18.0,1.0,1.0,0.0,7.0,1.0,24.6,4,4,"[7, 5, 4, 2]","[0, 1, 3, 1]","[1, 1, 1, 0, 1, 0, 1, 0, 0, 0]",0,1,2,3
1588,2025-02-11,85.0,17.0,3.0,34.0,31.0,3.0,3.0,0.0,11.0,0.0,17.0,2,2,"[3, 11, 8, 9]","[2, 1, 1, 1]","[0, 0, 0, 1, 1, 1, 1, 1, 0, 0]",0,0,1,1
1589,2025-02-14,64.0,10.0,3.0,30.0,27.0,2.0,4.0,1.0,13.0,1.0,12.8,3,1,"[1, 6, 7, 13]","[3, 1, 1, 0]","[2, 0, 0, 1, 1, 0, 0, 1, 0, 0]",2,3,4,4
1590,2025-02-18,98.0,18.0,8.0,35.0,27.0,2.0,3.0,0.0,10.0,0.0,19.6,3,2,"[4, 6, 7, 10]","[1, 2, 1, 1]","[0, 0, 1, 0, 0, 2, 0, 0, 2, 0]",0,1,1,1
1591,2025-02-21,81.0,17.0,6.0,28.0,22.0,1.0,3.0,0.0,9.0,1.0,16.2,4,2,"[2, 9, 5, 6]","[2, 1, 2, 0]","[0, 0, 1, 0, 0, 0, 1, 1, 2, 0]",1,2,3,3
1592,2025-02-25,84.0,19.0,4.0,28.0,24.0,2.0,2.0,0.0,10.0,0.0,16.8,3,3,"[5, 10, 5, 4]","[2, 1, 2, 0]","[0, 0, 0, 0, 2, 0, 0, 0, 1, 2]",1,1,2,2
1593,2025-02-28,65.0,12.0,6.0,22.0,16.0,1.0,4.0,0.0,7.0,1.0,13.0,4,1,"[4, 2, 3, 7]","[2, 2, 1, 0]","[1, 0, 2, 0, 0, 1, 1, 0, 0, 0]",0,2,3,4
1594,2025-03-04,118.0,27.0,11.0,31.0,20.0,4.0,1.0,0.0,9.0,2.0,23.6,1,4,"[9, 7, 2, 2]","[0, 2, 2, 1]","[1, 2, 0, 0, 0, 0, 0, 1, 0, 1]",0,0,0,0
1595,2025-03-07,84.0,12.0,4.0,32.0,28.0,0.0,3.0,0.0,18.0,2.0,16.8,5,2,"[2, 6, 18, 2]","[2, 1, 1, 1]","[1, 0, 2, 0, 1, 0, 1, 0, 0, 0]",0,2,3,3
1596,2025-03-11,127.0,25.0,17.0,35.0,18.0,3.0,2.0,1.0,7.0,1.0,25.4,2,3,"[1, 7, 7, 3]","[0, 2, 1, 2]","[0, 0, 1, 0, 0, 2, 0, 1, 1, 0]",1,1,1,2
1597,2025-03-14,115.0,23.0,11.0,35.0,24.0,3.0,1.0,2.0,11.0,2.0,23.0,2,4,"[11, 1, 1, 11]","[0, 1, 3, 1]","[0, 1, 1, 1, 1, 1, 0, 0, 0, 0]",1,1,2,4
1598,2025-03-18,49.0,7.0,3.0,22.0,19.0,3.0,4.0,0.0,10.0,2.0,9.8,2,1,"[2, 2, 5, 10]","[3, 1, 1, 0]","[0, 0, 2, 1, 0, 1, 0, 1, 0, 0]",1,1,2,2
1599,2025-03-21,40.0,9.0,2.0,16.0,14.0,2.0,5.0,2.0,6.0,2.0,8.0,3,0,"[1, 6, 1, 6]","[4, 1, 0, 0]","[1, 0, 1, 1, 0, 0, 1, 0, 0, 1]",1,1,1,1
1600,2025-03-25,113.0,26.0,6.0,35.0,29.0,3.0,2.0,0.0,11.0,0.0,22.6,2,3,"[11, 9, 3, 6]","[1, 1, 2, 1]","[0, 0, 0, 0, 0, 1, 2, 1, 0, 1]",0,0,1,3
1601,2025-03-28,56.0,10.0,2.0,27.0,25.0,2.0,4.0,0.0,15.0,1.0,11.2,3,1,"[3, 5, 2, 15]","[3, 1, 1, 0]","[1, 0, 2, 0, 0, 1, 0, 1, 0, 0]",0,2,4,4
1602,2025-04-01,72.0,12.0,2.0,31.0,29.0,2.0,3.0,0.0,11.0,1.0,14.4,3,2,"[2, 8, 11, 8]","[2, 1, 1, 1]","[0, 1, 2, 1, 1, 0, 0, 0, 0, 0]",2,2,2,3
1603,2025-04-04,97.0,24.0,6.0,29.0,23.0,3.0,2.0,0.0,13.0,1.0,19.4,2,3,"[5, 13, 3, 2]","[1, 1, 3, 0]","[0, 1, 0, 0, 1, 0, 1, 1, 0, 1]",0,1,3,3
1604,2025-04-08,72.0,10.0,2.0,29.0,27.0,2.0,3.0,0.0,13.0,1.0,14.4,3,2,"[6, 2, 13, 6]","[3, 0, 2, 0]","[1, 0, 1, 1, 0, 0, 0, 0, 1, 1]",1,3,4,4
1605,2025-04-11,106.0,19.0,11.0,35.0,24.0,4.0,2.0,1.0,12.0,1.0,21.2,1,3,"[7, 1, 4, 12]","[0, 3, 1, 1]","[0, 1, 0, 1, 0, 1, 0, 0, 1, 1]",1,2,2,3
1606,2025-04-15,86.0,18.0,6.0,29.0,23.0,2.0,3.0,0.0,7.0,0.0,17.2,3,2,"[5, 7, 4, 7]","[1, 2, 2, 0]","[0, 1, 1, 0, 0, 0, 1, 0, 1, 1]",2,3,4,4
1607,2025-04-22,99.0,19.0,14.0,26.0,12.0,3.0,2.0,2.0,6.0,2.0,19.8,2,3,"[1, 4, 6, 1]","[0, 3, 2, 0]","[0, 0, 0, 0, 1, 2, 1, 0, 0, 1]",0,1,1,1
1608,2025-04-25,100.0,23.0,6.0,34.0,28.0,2.0,2.0,1.0,10.0,1.0,20.0,3,3,"[7, 10, 1, 10]","[1, 1, 2, 1]","[0, 0, 0, 2, 2, 0, 1, 0, 0, 0]",0,1,2,3
1609,2025-04-29,101.0,28.0,3.0,31.0,28.0,3.0,2.0,1.0,19.0,2.0,20.2,2,3,"[6, 19, 2, 1]","[2, 0, 2, 1]","[1, 1, 0, 1, 0, 0, 0, 0, 1, 1]",0,0,0,0
1610,2025-05-02,111.0,25.0,6.0,34.0,28.0,3.0,2.0,0.0,10.0,0.0,22.2,2,3,"[9, 10, 6, 3]","[1, 1, 1, 2]","[0, 1, 0, 0, 1, 2, 1, 0, 0, 0]",1,3,5,5
1611,2025-05-06,76.0,11.0,1.0,29.0,28.0,4.0,3.0,1.0,17.0,1.0,15.2,1,2,"[6, 4, 17, 1]","[2, 1, 2, 0]","[0, 2, 0, 0, 0, 0, 0, 1, 1, 1]",0,1,1,3
1612,2025-05-09,61.0,13.0,1.0,21.0,20.0,3.0,4.0,0.0,9.0,0.0,12.2,2,1,"[9, 3, 3, 5]","[2, 2, 1, 0]","[1, 2, 0, 1, 0, 0, 1, 0, 0, 0]",1,1,1,2
1613,2025-05-13,52.0,10.0,1.0,23.0,22.0,2.0,4.0,0.0,11.0,1.0,10.4,3,1,"[5, 4, 2, 11]","[3, 1, 1, 0]","[1, 1, 1, 1, 0, 0, 1, 0, 0, 0]",2,2,3,4
1614,2025-05-16,128.0,26.0,16.0,35.0,19.0,2.0,2.0,2.0,9.0,2.0,25.6,3,3,"[1, 9, 8, 1]","[0, 2, 1, 2]","[0, 0, 0, 0, 1, 1, 2, 1, 0, 0]",0,1,1,2
1615,2025-05-20,61.0,12.0,3.0,24.0,21.0,3.0,4.0,0.0,9.0,0.0,12.2,2,1,"[4, 5, 3, 9]","[2, 2, 1, 0]","[0, 0, 1, 1, 1, 1, 0, 1, 0, 0]",0,1,1,3
1616,2025-05-23,37.0,3.0,1.0,19.0,18.0,3.0,4.0,2.0,9.0,2.0,7.4,2,1,"[1, 1, 9, 7]","[3, 2, 0, 0]","[0, 1, 2, 1, 0, 0, 0, 0, 0, 1]",2,2,3,3
1617,2025-05-27,116.0,26.0,7.0,35.0,28.0,4.0,1.0,1.0,14.0,1.0,23.2,1,4,"[14, 5, 1, 8]","[1, 0, 3, 1]","[0, 1, 0, 0, 0, 1, 1, 2, 0, 0]",0,1,3,4
1618,2025-05-30,112.0,22.0,14.0,29.0,15.0,2.0,1.0,1.0,7.0,1.0,22.4,3,4,"[7, 1, 4, 3]","[0, 1, 4, 0]","[0, 1, 1, 0, 1, 0, 1, 0, 0, 1]",2,2,2,2
1619,2025-06-03,122.0,27.0,4.0,34.0,30.0,2.0,1.0,0.0,21.0,2.0,24.4,3,4,"[21, 2, 5, 2]","[1, 0, 2, 2]","[0, 0, 1, 0, 2, 1, 0, 1, 0, 0]",0,1,1,2
1620,2025-06-06,118.0,24.0,8.0,33.0,25.0,2.0,1.0,1.0,13.0,1.0,23.6,3,4,"[13, 3, 8, 1]","[1, 0, 2, 2]","[0, 1, 1, 1, 1, 0, 0, 0, 1, 0]",1,2,2,3
1621,2025-06-10,100.0,20.0,5.0,31.0,26.0,4.0,1.0,1.0,14.0,1.0,20.0,1,4,"[14, 1, 5, 6]","[1, 2, 1, 1]","[1, 1, 0, 0, 0, 2, 0, 0, 0, 1]",0,1,1,2
1622,2025-06-13,86.0,22.0,2.0,30.0,28.0,0.0,2.0,0.0,16.0,0.0,17.2,5,3,"[4, 16, 4, 4]","[2, 0, 3, 0]","[1, 0, 2, 0, 0, 0, 2, 0, 0, 0]",0,0,0,2
1623,2025-06-17,68.0,12.0,9.0,23.0,14.0,2.0,4.0,1.0,9.0,3.0,13.6,3,1,"[1, 2, 2, 9]","[2, 2, 1, 0]","[1, 0, 1, 1, 1, 0, 0, 0, 0, 1]",0,0,0,1
1624,2025-06-20,84.0,15.0,1.0,33.0,32.0,4.0,3.0,1.0,17.0,2.0,16.8,1,2,"[2, 12, 17, 1]","[2, 1, 0, 2]","[0, 1, 1, 2, 0, 1, 0, 0, 0, 0]",0,0,0,2
1625,2025-06-24,90.0,20.0,8.0,28.0,20.0,0.0,2.0,0.0,10.0,1.0,18.0,5,3,"[2, 10, 4, 4]","[2, 1, 2, 0]","[2, 0, 0, 0, 1, 0, 0, 0, 2, 0]",0,1,1,4
1626,2025-06-27,66.0,15.0,1.0,21.0,20.0,4.0,3.0,1.0,8.0,1.0,13.2,1,2,"[8, 6, 5, 1]","[2, 2, 1, 0]","[1, 2, 0, 0, 0, 1, 0, 0, 0, 1]",1,3,4,4
1627,2025-07-01,108.0,25.0,6.0,34.0,28.0,2.0,2.0,0.0,12.0,0.0,21.6,3,3,"[7, 12, 5, 4]","[1, 1, 2, 1]","[1, 0, 0, 1, 1, 1, 1, 0, 0, 0]",0,0,0,2
1628,2025-07-04,130.0,33.0,9.0,35.0,26.0,4.0,1.0,2.0,14.0,2.0,26.0,1,4,"[10, 14, 1, 1]","[1, 1, 0, 3]","[0, 0, 0, 1, 1, 1, 0, 0, 0, 2]",1,2,2,3
1629,2025-07-08,74.0,16.0,4.0,30.0,26.0,2.0,4.0,1.0,13.0,1.0,14.8,3,1,"[3, 9, 1, 13]","[2, 2, 1, 0]","[1, 0, 0, 0, 1, 0, 1, 2, 0, 0]",0,1,1,1
1630,2025-07-11,112.0,22.0,9.0,32.0,23.0,2.0,1.0,0.0,11.0,1.0,22.4,3,4,"[11, 2, 7, 3]","[1, 1, 2, 1]","[1, 0, 2, 0, 0, 0, 0, 0, 0, 2]",0,1,1,2
1631,2025-07-15,63.0,12.0,1.0,33.0,32.0,3.0,4.0,1.0,18.0,1.0,12.6,2,1,"[1, 10, 3, 18]","[2, 2, 0, 1]","[0, 1, 2, 1, 0, 1, 0, 0, 0, 0]",0,0,1,3
1632,2025-07-18,80.0,17.0,4.0,31.0,27.0,2.0,3.0,0.0,11.0,1.0,16.0,3,2,"[2, 11, 5, 9]","[2, 1, 1, 1]","[0, 1, 1, 0, 1, 0, 1, 1, 0, 0]",0,1,3,4
1633,2025-07-22,69.0,13.0,3.0,26.0,23.0,3.0,3.0,0.0,8.0,0.0,13.8,2,2,"[3, 7, 8, 5]","[2, 1, 2, 0]","[0, 1, 0, 2, 0, 0, 2, 0, 0, 0]",1,1,1,1
1634,2025-07-25,110.0,27.0,9.0,32.0,23.0,4.0,2.0,0.0,14.0,1.0,22.0,1,3,"[4, 14, 2, 3]","[1, 1, 2, 1]","[0, 0, 1, 1, 0, 0, 0, 1, 0, 2]",1,1,1,4
1635,2025-07-29,70.0,15.0,10.0,17.0,7.0,2.0,5.0,2.0,3.0,3.0,14.0,3,0,"[2, 3, 1, 1]","[1, 4, 0, 0]","[1, 0, 1, 0, 0, 1, 1, 1, 0, 0]",0,0,1,3
1636,2025-08-01,102.0,20.0,8.0,35.0,27.0,2.0,2.0,0.0,8.0,0.0,20.4,3,3,"[4, 8, 7, 8]","[1, 2, 1, 1]","[1, 0, 1, 0, 0, 1, 0, 1, 1, 0]",1,2,2,2
1637,2025-08-05,61.0,13.0,2.0,21.0,19.0,3.0,3.0,1.0,8.0,1.0,12.2,2,2,"[3, 8, 7, 1]","[2, 2, 1, 0]","[1, 1, 1, 1, 0, 1, 0, 0, 0, 0]",1,1,2,3
1638,2025-08-08,69.0,11.0,2.0,28.0,26.0,1.0,3.0,0.0,13.0,1.0,13.8,4,2,"[2, 7, 13, 4]","[2, 1, 2, 0]","[0, 1, 1, 0, 2, 0, 0, 0, 1, 0]",1,1,1,1
1639,2025-08-12,86.0,11.0,4.0,35.0,31.0,2.0,3.0,0.0,17.0,0.0,17.2,3,2,"[4, 3, 17, 7]","[2, 1, 1, 1]","[0, 1, 0, 0, 1, 1, 0, 0, 2, 0]",3,3,5,5
1640,2025-08-15,59.0,11.0,3.0,24.0,21.0,3.0,4.0,0.0,9.0,0.0,11.8,2,1,"[3, 5, 4, 9]","[2, 2, 1, 0]","[0, 1, 0, 1, 1, 1, 1, 0, 0, 0]",1,2,2,3
1641,2025-08-19,85.0,21.0,1.0,35.0,34.0,5.0,2.0,0.0,16.0,1.0,17.0,0,3,"[4, 16, 2, 12]","[2, 0, 2, 1]","[0, 2, 0, 1, 0, 2, 0, 0, 0, 0]",0,1,1,3
1642,2025-08-22,108.0,20.0,12.0,30.0,18.0,0.0,2.0,0.0,8.0,2.0,21.6,5,3,"[6, 2, 8, 2]","[0, 3, 2, 0]","[2, 0, 1, 0, 0, 0, 0, 0, 2, 0]",0,0,1,2
1643,2025-08-26,123.0,27.0,14.0,34.0,20.0,3.0,2.0,0.0,10.0,0.0,24.6,2,3,"[3, 10, 4, 3]","[0, 2, 1, 2]","[0, 1, 0, 0, 2, 0, 0, 2, 0, 0]",0,0,0,0
1644,2025-08-29,93.0,18.0,3.0,35.0,32.0,3.0,3.0,1.0,15.0,2.0,18.6,2,2,"[1, 14, 15, 2]","[2, 1, 0, 2]","[0, 0, 0, 2, 1, 1, 0, 0, 1, 0]",0,1,2,4
1645,2025-09-02,76.0,8.0,1.0,34.0,33.0,2.0,3.0,1.0,18.0,1.0,15.2,3,2,"[6, 1, 18, 8]","[3, 0, 1, 1]","[0, 1, 0, 0, 1, 0, 1, 1, 1, 0]",0,1,1,2
1646,2025-09-05,105.0,23.0,8.0,33.0,25.0,3.0,2.0,0.0,8.0,0.0,21.0,2,3,"[7, 8, 3, 7]","[1, 1, 2, 1]","[0, 0, 0, 2, 0, 1, 1, 0, 1, 0]",2,3,3,4
1647,2025-09-09,73.0,12.0,4.0,31.0,27.0,1.0,3.0,0.0,11.0,1.0,14.6,4,2,"[2, 6, 8, 11]","[2, 2, 0, 1]","[1, 1, 1, 0, 1, 0, 1, 0, 0, 0]",0,0,1,4
1648,2025-09-12,79.0,16.0,2.0,29.0,27.0,1.0,3.0,0.0,8.0,0.0,15.8,4,2,"[8, 6, 6, 7]","[2, 1, 2, 0]","[1, 0, 2, 0, 0, 0, 1, 0, 0, 1]",0,0,0,0
1649,2025-09-16,79.0,14.0,2.0,32.0,30.0,1.0,3.0,1.0,14.0,1.0,15.8,4,2,"[1, 11, 14, 4]","[2, 1, 1, 1]","[0, 0, 2, 1, 1, 0, 0, 0, 1, 0]",1,1,1,2
1650,2025-09-19,108.0,22.0,15.0,27.0,12.0,2.0,2.0,1.0,4.0,1.0,21.6,3,3,"[3, 4, 4, 1]","[0, 2, 3, 0]","[0, 0, 1, 0, 0, 1, 1, 1, 1, 0]",0,1,1,3
1651,2025-09-23,84.0,21.0,6.0,26.0,20.0,2.0,2.0,1.0,14.0,2.0,16.8,3,3,"[1, 14, 3, 2]","[2, 0, 3, 0]","[0, 1, 0, 0, 1, 0, 2, 1, 0, 0]",1,1,1,2
1652,2025-09-26,42.0,10.0,2.0,14.0,12.0,2.0,5.0,1.0,5.0,1.0,8.4,3,0,"[3, 5, 1, 3]","[3, 2, 0, 0]","[1, 1, 1, 0, 1, 1, 0, 0, 0, 0]",0,0,2,3
1653,2025-09-30,95.0,18.0,1.0,35.0,34.0,3.0,3.0,1.0,16.0,1.0,19.0,2,2,"[16, 1, 6, 11]","[1, 2, 1, 1]","[0, 1, 0, 0, 1, 1, 0, 1, 1, 0]",0,1,2,2
1654,2025-10-03,110.0,27.0,1.0,34.0,33.0,2.0,2.0,0.0,17.0,0.0,22.0,3,3,"[17, 9, 3, 4]","[1, 1, 2, 1]","[1, 1, 0, 0, 1, 0, 0, 1, 1, 0]",2,2,2,3
1655,2025-10-07,100.0,20.0,5.0,33.0,28.0,2.0,2.0,0.0,13.0,1.0,20.0,3,3,"[13, 2, 4, 9]","[1, 2, 1, 1]","[1, 0, 0, 1, 1, 1, 0, 0, 1, 0]",1,2,3,3
1656,2025-10-10,99.0,17.0,11.0,33.0,22.0,3.0,3.0,1.0,9.0,1.0,19.8,2,2,"[1, 5, 9, 7]","[0, 3, 1, 1]","[0, 1, 1, 1, 0, 0, 1, 1, 0, 0]",1,1,2,4
1657,2025-10-14,84.0,14.0,5.0,29.0,24.0,4.0,3.0,0.0,11.0,0.0,16.8,1,2,"[6, 3, 11, 4]","[1, 2, 2, 0]","[0, 1, 0, 0, 1, 2, 0, 0, 0, 1]",1,2,2,3
1658,2025-10-17,91.0,19.0,3.0,34.0,31.0,3.0,2.0,0.0,12.0,0.0,18.2,2,3,"[4, 12, 9, 6]","[2, 1, 1, 1]","[0, 0, 0, 1, 1, 0, 0, 1, 1, 1]",0,0,0,1
1659,2025-10-21,108.0,23.0,5.0,33.0,28.0,4.0,1.0,1.0,17.0,2.0,21.6,1,4,"[17, 1, 2, 8]","[1, 0, 3, 1]","[0, 0, 1, 2, 0, 2, 0, 0, 0, 0]",0,2,3,3
1660,2025-10-24,120.0,25.0,15.0,33.0,18.0,4.0,1.0,1.0,7.0,1.0,24.0,1,4,"[6, 4, 1, 7]","[0, 1, 3, 1]","[0, 1, 0, 1, 0, 2, 1, 0, 0, 0]",2,2,2,3
1661,2025-10-31,56.0,8.0,4.0,20.0,16.0,2.0,3.0,2.0,11.0,2.0,11.2,3,2,"[1, 3, 11, 1]","[3, 2, 0, 0]","[1, 0, 0, 0, 1, 1, 0, 0, 1, 1]",0,1,2,2
1662,2025-11-04,96.0,17.0,4.0,34.0,30.0,2.0,3.0,0.0,15.0,1.0,19.2,3,2,"[5, 8, 15, 2]","[2, 1, 0, 2]","[0, 0, 1, 0, 2, 0, 0, 1, 0, 1]",1,1,1,2
1663,2025-11-07,33.0,6.0,2.0,11.0,9.0,1.0,5.0,1.0,4.0,3.0,6.6,4,0,"[2, 2, 4, 1]","[4, 1, 0, 0]","[1, 1, 1, 0, 1, 0, 1, 0, 0, 0]",1,1,1,1
1664,2025-11-11,71.0,10.0,4.0,30.0,26.0,1.0,3.0,0.0,10.0,0.0,14.2,4,2,"[3, 3, 10, 10]","[3, 1, 1, 0]","[3, 0, 0, 0, 1, 0, 0, 1, 0, 0]",2,2,3,3
1665,2025-11-14,92.0,22.0,1.0,27.0,26.0,4.0,2.0,0.0,16.0,1.0,18.4,1,3,"[16, 5, 3, 2]","[1, 1, 3, 0]","[0, 1, 1, 0, 0, 1, 0, 2, 0, 0]",0,0,1,2
1666,2025-11-18,57.0,7.0,1.0,34.0,33.0,3.0,4.0,1.0,25.0,2.0,11.4,2,1,"[5, 1, 2, 25]","[4, 0, 0, 1]","[0, 1, 0, 0, 1, 0, 1, 1, 0, 1]",1,2,3,5
1667,2025-11-21,86.0,24.0,4.0,28.0,24.0,2.0,2.0,2.0,19.0,2.0,17.2,3,3,"[1, 19, 1, 3]","[2, 0, 3, 0]","[0, 0, 0, 0, 2, 2, 0, 0, 1, 0]",0,1,2,2
1668,2025-11-25,129.0,30.0,11.0,33.0,22.0,3.0,1.0,1.0,13.0,2.0,25.8,2,4,"[13, 6, 1, 2]","[0, 1, 2, 2]","[1, 2, 0, 1, 1, 0, 0, 0, 0, 0]",1,1,1,3
1669,2025-11-28,73.0,17.0,1.0,25.0,24.0,3.0,3.0,0.0,9.0,0.0,14.6,2,2,"[7, 9, 5, 3]","[2, 1, 2, 0]","[0, 1, 1, 0, 0, 1, 0, 1, 1, 0]",0,1,2,4
1670,2025-12-02,76.0,15.0,7.0,27.0,20.0,4.0,4.0,0.0,10.0,1.0,15.2,1,1,"[3, 5, 2, 10]","[2, 2, 1, 0]","[1, 0, 0, 0, 0, 1, 0, 3, 0, 0]",1,1,1,3
1671,2025-12-05,52.0,7.0,2.0,29.0,27.0,2.0,4.0,2.0,21.0,2.0,10.4,3,1,"[4, 1, 1, 21]","[4, 0, 1, 0]","[0, 0, 1, 0, 0, 0, 1, 1, 1, 1]",1,2,2,3
1672,2025-12-09,101.0,22.0,9.0,31.0,22.0,3.0,2.0,0.0,10.0,0.0,20.2,2,3,"[3, 10, 5, 4]","[1, 1, 2, 1]","[0, 1, 2, 0, 0, 0, 0, 1, 0, 1]",0,1,2,3
1673,2025-12-12,66.0,8.0,5.0,35.0,30.0,4.0,4.0,1.0,24.0,2.0,13.2,1,1,"[2, 1, 3, 24]","[3, 1, 0, 1]","[0, 1, 0, 0, 0, 2, 0, 1, 1, 0]",0,2,2,3
1674,2025-12-16,99.0,23.0,2.0,29.0,27.0,3.0,2.0,1.0,15.0,1.0,19.8,2,3,"[15, 6, 5, 1]","[1, 1, 3, 0]","[0, 0, 1, 1, 0, 0, 0, 1, 1, 1]",0,0,2,3
1675,2025-12-19,104.0,22.0,6.0,32.0,26.0,2.0,2.0,0.0,11.0,0.0,20.8,3,3,"[11, 5, 5, 5]","[1, 1, 2, 1]","[0, 0, 2, 0, 0, 0, 1, 2, 0, 0]",1,1,3,4
1676,2025-12-23,100.0,19.0,12.0,29.0,17.0,4.0,2.0,1.0,8.0,2.0,20.0,1,3,"[1, 6, 8, 2]","[0, 3, 2, 0]","[0, 0, 1, 1, 0, 0, 0, 1, 0, 2]",1,2,2,3
1677,2025-12-26,69.0,19.0,2.0,24.0,22.0,3.0,2.0,1.0,16.0,2.0,13.8,2,3,"[1, 16, 2, 3]","[2, 1, 2, 0]","[0, 1, 1, 1, 1, 0, 0, 0, 0, 1]",1,1,2,2
1678,2025-12-30,97.0,19.0,17.0,22.0,5.0,3.0,2.0,3.0,2.0,4.0,19.4,2,3,"[1, 1, 2, 1]","[0, 3, 2, 0]","[0, 1, 1, 0, 0, 0, 0, 1, 1, 1]",2,2,4,4
1679,2026-01-02,57.0,13.0,6.0,16.0,10.0,3.0,5.0,2.0,6.0,3.0,11.4,2,0,"[1, 6, 2, 1]","[2, 3, 0, 0]","[0, 0, 0, 1, 0, 1, 2, 1, 0, 0]",0,0,1,2
1680,2026-01-06,63.0,7.0,1.0,27.0,26.0,5.0,3.0,0.0,16.0,1.0,12.6,0,2,"[4, 2, 16, 4]","[3, 0, 2, 0]","[0, 1, 0, 1, 0, 1, 0, 2, 0, 0]",1,1,1,2
1681,2026-01-09,81.0,17.0,3.0,28.0,25.0,3.0,3.0,0.0,10.0,0.0,16.2,2,2,"[10, 4, 3, 8]","[1, 3, 1, 0]","[1, 0, 0, 2, 0, 0, 0, 1, 1, 0]",0,1,2,3
1682,2026-01-13,106.0,26.0,5.0,32.0,27.0,2.0,2.0,1.0,14.0,1.0,21.2,3,3,"[7, 14, 5, 1]","[1, 1, 1, 2]","[0, 1, 2, 0, 0, 1, 1, 0, 0, 0]",0,1,1,1
1683,2026-01-16,80.0,13.0,6.0,32.0,26.0,2.0,4.0,1.0,15.0,1.0,16.0,3,1,"[6, 1, 4, 15]","[1, 3, 0, 1]","[0, 0, 2, 1, 0, 0, 1, 1, 0, 0]",2,4,4,5
1684,2026-01-20,50.0,7.0,3.0,20.0,17.0,2.0,4.0,1.0,9.0,1.0,10.0,3,1,"[1, 3, 9, 4]","[3, 2, 0, 0]","[1, 0, 0, 1, 1, 0, 1, 1, 0, 0]",0,0,2,4
1685,2026-01-23,76.0,17.0,2.0,30.0,28.0,2.0,3.0,0.0,11.0,1.0,15.2,3,2,"[6, 9, 2, 11]","[2, 2, 1, 0]","[1, 0, 1, 0, 0, 0, 0, 1, 1, 1]",0,1,1,1
1686,2026-01-27,72.0,11.0,9.0,26.0,17.0,2.0,4.0,2.0,10.0,2.0,14.4,3,1,"[1, 1, 5, 10]","[2, 2, 1, 0]","[1, 1, 0, 0, 0, 0, 2, 0, 0, 1]",0,1,1,2
1687,2026-01-30,94.0,12.0,7.0,34.0,27.0,2.0,3.0,2.0,21.0,2.0,18.8,3,2,"[1, 4, 21, 1]","[2, 1, 0, 2]","[0, 0, 1, 1, 1, 0, 0, 1, 1, 0]",0,1,2,3
1688,2026-02-03,94.0,23.0,3.0,34.0,31.0,2.0,2.0,1.0,19.0,1.0,18.8,3,3,"[1, 19, 7, 4]","[2, 0, 2, 1]","[1, 0, 0, 2, 2, 0, 0, 0, 0, 0]",1,1,2,4
1689,2026-02-06,114.0,21.0,13.0,32.0,19.0,2.0,1.0,1.0,7.0,1.0,22.8,3,4,"[7, 1, 7, 4]","[0, 2, 2, 1]","[1, 1, 1, 1, 0, 0, 0, 0, 1, 0]",0,0,0,1
1690,2026-02-10,71.0,11.0,7.0,23.0,16.0,3.0,3.0,2.0,11.0,2.0,14.2,2,2,"[1, 3, 11, 1]","[2, 1, 2, 0]","[0, 1, 1, 1, 0, 0, 0, 1, 1, 0]",0,1,3,4
1691,2026-02-13,56.0,9.0,1.0,24.0,23.0,2.0,3.0,1.0,11.0,1.0,11.2,3,2,"[1, 7, 11, 4]","[3, 1, 1, 0]","[1, 1, 1, 0, 1, 0, 0, 0, 0, 1]",0,1,1,2
1692,2026-02-17,69.0,16.0,2.0,22.0,20.0,1.0,4.0,0.0,9.0,1.0,13.8,4,1,"[9, 5, 2, 4]","[1, 3, 1, 0]","[0, 1, 2, 0, 0, 0, 1, 0, 1, 0]",1,3,3,3
1693,2026-02-20,55.0,11.0,1.0,20.0,19.0,3.0,4.0,0.0,8.0,1.0,11.0,2,1,"[8, 2, 3, 6]","[2, 3, 0, 0]","[1, 2, 0, 0, 1, 0, 0, 0, 0, 1]",1,4,4,4
1694,2026-02-24,94.0,18.0,11.0,29.0,18.0,2.0,3.0,0.0,7.0,0.0,18.8,3,2,"[3, 4, 4, 7]","[0, 3, 2, 0]","[0, 1, 1, 0, 1, 0, 0, 0, 1, 1]",2,4,4,4
1695,2026-02-27,76.0,12.0,2.0,29.0,27.0,2.0,3.0,0.0,12.0,0.0,15.2,3,2,"[7, 3, 12, 5]","[2, 1, 2, 0]","[0, 0, 2, 0, 1, 0, 0, 0, 0, 2]",1,2,3,4
1696,2026-03-03,74.0,13.0,5.0,31.0,26.0,4.0,4.0,0.0,14.0,0.0,14.8,1,1,"[3, 5, 4, 14]","[2, 2, 0, 1]","[0, 1, 0, 1, 0, 1, 0, 1, 1, 0]",0,0,0,0
1697,2026-03-06,82.0,20.0,8.0,23.0,15.0,2.0,2.0,2.0,11.0,3.0,16.4,3,3,"[1, 11, 2, 1]","[2, 1, 2, 0]","[1, 0, 1, 1, 0, 0, 0, 0, 1, 1]",1,2,3,4
1698,2026-03-10,76.0,15.0,1.0,31.0,30.0,4.0,3.0,0.0,12.0,1.0,15.2,1,2,"[2, 12, 11, 5]","[2, 1, 1, 1]","[0, 2, 0, 1, 0, 1, 1, 0, 0, 0]",0,1,1,2
1699,2026-03-13,114.0,25.0,5.0,33.0,28.0,4.0,1.0,0.0,16.0,0.0,22.8,1,4,"[16, 4, 5, 3]","[1, 0, 3, 1]","[1, 1, 0, 1, 0, 2, 0, 0, 0, 0]",0,0,1,1
1700,2026-03-17,79.0,14.0,9.0,29.0,20.0,3.0,4.0,1.0,12.0,1.0,15.8,2,1,"[1, 4, 3, 12]","[2, 2, 1, 0]","[1, 0, 0, 0, 1, 0, 0, 1, 0, 2]",0,0,1,3
1701,2026-03-20,86.0,17.0,1.0,28.0,27.0,2.0,3.0,0.0,13.0,1.0,17.2,3,2,"[13, 3, 9, 2]","[1, 2, 2, 0]","[0, 1, 0, 0, 1, 0, 1, 1, 1, 0]",2,2,4,4
1702,2026-03-24,97.0,18.0,10.0,32.0,22.0,1.0,3.0,0.0,8.0,0.0,19.4,4,2,"[3, 5, 6, 8]","[1, 2, 1, 1]","[1, 0, 1, 1, 1, 0, 0, 0, 1, 0]",0,1,1,1
1703,2026-03-27,59.0,12.0,3.0,20.0,17.0,3.0,4.0,0.0,5.0,0.0,11.8,2,1,"[4, 5, 5, 3]","[2, 3, 0, 0]","[1, 0, 1, 1, 0, 0, 0, 2, 0, 0]",0,1,1,2
1704,2026-03-31,84.0,13.0,5.0,32.0,27.0,2.0,3.0,0.0,13.0,0.0,16.8,3,2,"[3, 5, 13, 6]","[2, 1, 1, 1]","[0, 0, 1, 1, 0, 1, 1, 0, 1, 0]",0,2,3,4
1705,2026-04-07,106.0,25.0,2.0,29.0,27.0,4.0,1.0,0.0,21.0,3.0,21.2,1,4,"[21, 2, 2, 2]","[1, 0, 4, 0]","[0, 0, 1, 1, 0, 1, 0, 1, 0, 1]",0,0,0,1
1706,2026-04-10,79.0,13.0,5.0,31.0,26.0,3.0,3.0,0.0,9.0,0.0,15.8,2,2,"[3, 5, 9, 9]","[2, 1, 1, 1]","[0, 1, 1, 1, 0, 1, 0, 0, 1, 0]",0,3,3,3
1707,2026-04-14,65.0,14.0,3.0,23.0,20.0,3.0,4.0,0.0,7.0,0.0,13.0,2,1,"[4, 7, 4, 5]","[2, 2, 1, 0]","[0, 0, 0, 2, 1, 0, 0, 1, 1, 0]",0,1,1,4
1708,2026-04-17,103.0,27.0,3.0,33.0,30.0,5.0,2.0,0.0,16.0,1.0,20.6,0,3,"[8, 16, 2, 4]","[1, 1, 2, 1]","[0, 1, 0, 2, 0, 0, 0, 1, 0, 1]",1,1,3,3
1709,2026-04-21,100.0,25.0,2.0,34.0,32.0,2.0,2.0,1.0,19.0,1.0,20.0,3,3,"[4, 19, 8, 1]","[2, 0, 1, 2]","[0, 0, 1, 1, 1, 1, 1, 0, 0, 0]",1,1,1,3
1710,2026-04-24,142.0,27.0,20.0,35.0,15.0,2.0,0.0,2.0,7.0,2.0,28.4,3,5,"[6, 1, 7, 1]","[0, 1, 2, 2]","[1, 0, 0, 0, 1, 1, 1, 1, 0, 0]",1,2,2,2
1711,2026-04-28,90.0,23.0,4.0,30.0,26.0,2.0,2.0,0.0,17.0,1.0,18.0,3,3,"[2, 17, 4, 3]","[2, 0, 3, 0]","[1, 0, 0, 1, 1, 0, 1, 1, 0, 0]",1,2,2,3
1712,2026-05-01,111.0,24.0,11.0,32.0,21.0,3.0,2.0,0.0,9.0,0.0,22.2,2,3,"[4, 9, 5, 3]","[0, 2, 2, 1]","[0, 1, 1, 0, 1, 1, 0, 0, 0, 1]",0,0,0,2
1713,2026-05-05,78.0,17.0,3.0,33.0,30.0,4.0,3.0,1.0,13.0,1.0,15.6,1,2,"[1, 13, 4, 12]","[2, 1, 1, 1]","[0, 1, 0, 2, 1, 0, 0, 1, 0, 0]",0,1,1,3
1714,2026-05-08,76.0,13.0,9.0,27.0,18.0,4.0,4.0,1.0,12.0,2.0,15.2,1,1,"[3, 1, 2, 12]","[1, 3, 1, 0]","[0, 0, 1, 1, 0, 1, 0, 1, 0, 1]",0,1,2,2
1715,2026-05-12,94.0,23.0,8.0,26.0,18.0,2.0,2.0,1.0,10.0,2.0,18.8,3,3,"[5, 10, 1, 2]","[1, 1, 3, 0]","[0, 0, 0, 2, 1, 0, 1, 0, 1, 0]",1,1,2,4
1716,2026-05-15,112.0,24.0,16.0,27.0,11.0,2.0,1.0,1.0,4.0,2.0,22.4,3,4,"[4, 4, 1, 2]","[0, 2, 3, 0]","[1, 0, 0, 0, 1, 1, 1, 1, 0, 0]",1,2,2,2
1717,2026-05-19,75.0,15.0,7.0,24.0,17.0,3.0,3.0,0.0,6.0,1.0,15.0,2,2,"[2, 6, 5, 4]","[2, 2, 1, 0]","[1, 0, 0, 0, 1, 1, 0, 1, 0, 1]",2,2,4,4
1718,2026-05-22,95.0,18.0,4.0,32.0,28.0,1.0,3.0,0.0,11.0,0.0,19.0,4,2,"[11, 3, 8, 6]","[1, 2, 1, 1]","[0, 0, 1, 0, 1, 1, 1, 0, 1, 0]",1,1,2,3
1719,2026-05-26,36.0,5.0,1.0,18.0,17.0,2.0,5.0,1.0,8.0,1.0,7.2,3,0,"[1, 3, 5, 8]","[4, 1, 0, 0]","[1, 1, 1, 0, 0, 1, 0, 0, 1, 0]",1,1,1,1
1720,2026-05-29,58.0,12.0,4.0,24.0,20.0,2.0,4.0,2.0,11.0,2.0,11.6,3,1,"[1, 7, 1, 11]","[2, 2, 1, 0]","[0, 0, 1, 1, 2, 1, 0, 0, 0, 0]",1,2,3,4
1721,2026-06-02,77.0,12.0,5.0,26.0,21.0,1.0,3.0,0.0,12.0,2.0,15.4,4,2,"[5, 2, 12, 2]","[2, 1, 2, 0]","[1, 0, 1, 0, 1, 1, 1, 0, 0, 0]",3,4,5,5
1722,2026-06-05,126.0,30.0,3.0,33.0,30.0,4.0,1.0,2.0,26.0,3.0,25.2,1,4,"[26, 1, 1, 2]","[1, 0, 2, 2]","[1, 1, 0, 2, 0, 0, 0, 0, 0, 1]",0,0,0,0
1723,2026-06-09,105.0,25.0,11.0,29.0,18.0,3.0,2.0,2.0,13.0,2.0,21.0,2,3,"[1, 13, 3, 1]","[0, 2, 3, 0]","[0, 1, 1, 0, 0, 1, 0, 0, 1, 1]",1,2,2,2
1724,2026-06-12,53.0,7.0,1.0,24.0,23.0,3.0,4.0,0.0,9.0,1.0,10.6,2,1,"[4, 2, 9, 8]","[3, 1, 1, 0]","[0, 1, 0, 0, 1, 1, 1, 1, 0, 0]",0,0,2,3
1725,2026-06-16,71.0,14.0,6.0,21.0,15.0,1.0,4.0,0.0,6.0,1.0,14.2,4,1,"[6, 2, 4, 3]","[1, 3, 1, 0]","[0, 1, 1, 0, 1, 0, 1, 0, 1, 0]",0,1,1,1
1726,2026-06-19,74.0,15.0,4.0,30.0,26.0,2.0,4.0,1.0,14.0,1.0,14.8,3,1,"[5, 6, 1, 14]","[2, 2, 1, 0]","[1, 0, 0, 0, 1, 1, 1, 0, 0, 1]",0,1,1,2
1727,2026-06-23,77.0,12.0,5.0,28.0,23.0,3.0,3.0,0.0,11.0,0.0,15.4,2,2,"[4, 3, 11, 5]","[2, 1, 2, 0]","[0, 0, 1, 1, 0, 1, 0, 0, 1, 1]",1,2,3,4
1728,2026-06-26,105.0,24.0,10.0,27.0,17.0,3.0,1.0,1.0,9.0,2.0,21.0,2,4,"[9, 5, 1, 2]","[1, 1, 3, 0]","[1, 0, 0, 0, 1, 1, 0, 1, 0, 1]",0,0,0,2
1729,2026-06-30,109.0,28.0,3.0,34.0,31.0,3.0,2.0,1.0,17.0,1.0,21.8,2,3,"[8, 17, 5, 1]","[1, 1, 1, 2]","[0, 1, 0, 2, 1, 0, 0, 0, 1, 0]",0,1,1,1
1730,2026-07-03,106.0,27.0,6.0,35.0,29.0,2.0,2.0,0.0,19.0,1.0,21.2,3,3,"[2, 19, 3, 5]","[2, 0, 2, 1]","[1, 0, 0, 0, 0, 1, 1, 1, 1, 0]",0,1,1,3
1731,2026-07-07,95.0,18.0,16.0,24.0,8.0,1.0,3.0,2.0,4.0,3.0,19.0,4,2,"[1, 1, 2, 4]","[0, 4, 1, 0]","[1, 0, 0, 0, 1, 0, 1, 1, 1, 0]",0,0,1,2
1732,2026-07-10,122.0,24.0,16.0,33.0,17.0,2.0,2.0,0.0,7.0,2.0,24.4,3,3,"[2, 6, 7, 2]","[0, 2, 1, 2]","[0, 1, 0, 1, 1, 0, 1, 0, 1, 0]",3,3,4,4
1733,2026-07-14,110.0,21.0,17.0,31.0,14.0,4.0,1.0,1.0,9.0,3.0,22.0,1,4,"[2, 2, 1, 9]","[0, 2, 2, 1]","[0, 2, 1, 0, 0, 0, 0, 1, 0, 1]",1,2,2,3
1734,2026-07-17,93.0,22.0,4.0,34.0,30.0,1.0,2.0,0.0,16.0,1.0,18.6,4,3,"[2, 16, 5, 7]","[2, 0, 2, 1]","[0, 0, 1, 0, 2, 0, 1, 1, 0, 0]",1,1,1,4
1735,2026-07-21,128.0,30.0,7.0,34.0,27.0,2.0,1.0,0.0,18.0,2.0,25.6,3,4,"[18, 5, 2, 2]","[1, 0, 2, 2]","[1, 0, 1, 0, 1, 1, 0, 1, 0, 0]",1,1,1,2
1736,2026-07-24,45.0,7.0,4.0,18.0,14.0,3.0,5.0,1.0,7.0,2.0,9.0,2,0,"[1, 2, 4, 7]","[3, 2, 0, 0]","[0, 1, 0, 0, 1, 1, 0, 1, 1, 0]",1,2,2,3
1737,2026-07-28,71.0,12.0,4.0,32.0,28.0,1.0,4.0,0.0,18.0,1.0,14.2,4,1,"[5, 3, 2, 18]","[2, 2, 0, 1]","[0, 0, 2, 0, 2, 0, 0, 0, 0, 1]",1,2,2,2
1738,2026-07-31,96.0,20.0,2.0,32.0,30.0,0.0,2.0,0.0,16.0,1.0,19.2,5,3,"[16, 2, 4, 8]","[1, 2, 1, 1]","[1, 0, 2, 0, 1, 0, 0, 0, 1, 0]",1,2,2,2
1739,2026-08-04,107.0,25.0,9.0,29.0,20.0,3.0,2.0,1.0,9.0,1.0,21.4,2,3,"[9, 7, 1, 3]","[1, 1, 3, 0]","[0, 0, 0, 0, 0, 1, 1, 0, 1, 2]",1,2,2,3
1740,2026-08-07,100.0,18.0,12.0,34.0,22.0,2.0,3.0,1.0,11.0,1.0,20.0,3,2,"[1, 5, 5, 11]","[0, 3, 1, 1]","[0, 0, 1, 2, 1, 0, 0, 0, 1, 0]",1,1,2,3
1741,2026-08-11,70.0,10.0,1.0,30.0,29.0,2.0,3.0,1.0,17.0,1.0,14.0,3,2,"[1, 8, 17, 3]","[3, 0, 2, 0]","[2, 1, 1, 0, 0, 0, 0, 1, 0, 0]",0,0,1,1
1742,2026-08-14,88.0,19.0,6.0,24.0,18.0,2.0,2.0,1.0,10.0,1.0,17.6,3,3,"[10, 3, 4, 1]","[1, 2, 2, 0]","[0, 0, 0, 1, 1, 0, 2, 0, 0, 1]",0,1,1,2
1743,2026-08-18,53.0,13.0,1.0,17.0,16.0,3.0,5.0,1.0,7.0,1.0,10.6,2,0,"[5, 7, 3, 1]","[2, 3, 0, 0]","[0, 1, 0, 1, 0, 0, 2, 1, 0, 0]",2,3,4,4
1744,2026-08-21,87.0,25.0,1.0,30.0,29.0,3.0,2.0,2.0,23.0,2.0,17.4,2,3,"[1, 23, 4, 1]","[2, 0, 3, 0]","[1, 1, 1, 0, 0, 1, 0, 0, 0, 1]",1,1,3,5
1745,2026-08-25,104.0,22.0,8.0,31.0,23.0,2.0,2.0,0.0,8.0,1.0,20.8,3,3,"[6, 8, 7, 2]","[1, 1, 2, 1]","[0, 1, 1, 0, 1, 0, 0, 0, 1, 1]",1,1,1,1
1746,2026-08-28,104.0,27.0,1.0,35.0,34.0,4.0,2.0,0.0,18.0,0.0,20.8,1,3,"[8, 18, 5, 3]","[2, 0, 1, 2]","[0, 1, 1, 0, 0, 1, 0, 1, 0, 1]",0,1,1,2
1747,2026-09-01,66.0,12.0,6.0,22.0,16.0,2.0,4.0,1.0,7.0,1.0,13.2,3,1,"[5, 1, 3, 7]","[1, 3, 1, 0]","[0, 1, 2, 0, 0, 1, 1, 0, 0, 0]",0,1,1,2
1748,2026-09-04,102.0,22.0,1.0,35.0,34.0,4.0,1.0,2.0,20.0,2.0,20.4,1,4,"[20, 1, 1, 12]","[1, 0, 3, 1]","[0, 2, 1, 1, 0, 1, 0, 0, 0, 0]",1,3,3,3
1749,2026-09-08,67.0,15.0,2.0,24.0,22.0,3.0,3.0,2.0,12.0,2.0,13.4,2,2,"[1, 12, 8, 1]","[2, 1, 2, 0]","[0, 0, 1, 2, 1, 1, 0, 0, 0, 0]",1,2,2,3
1750,2026-09-11,94.0,15.0,11.0,31.0,20.0,4.0,3.0,1.0,10.0,1.0,18.8,1,2,"[1, 3, 10, 6]","[0, 3, 1, 1]","[0, 2, 1, 0, 0, 2, 0, 0, 0, 0]",1,1,3,4
1751,2026-09-15,97.0,20.0,5.0,28.0,23.0,1.0,2.0,0.0,13.0,2.0,19.4,4,3,"[13, 2, 6, 2]","[1, 2, 2, 0]","[1, 0, 0, 0, 0, 1, 1, 0, 2, 0]",0,0,0,0
1752,2026-09-18,102.0,18.0,9.0,35.0,26.0,4.0,3.0,0.0,11.0,1.0,20.4,1,2,"[2, 7, 11, 6]","[1, 2, 1, 1]","[0, 1, 0, 0, 0, 1, 0, 0, 1, 2]",1,2,2,3
