model,pool,informative,count,winners,random_mean
A_long,6,True,2,"[8, 18]",0.9473684210526315
A_long,8,True,2,"[8, 18]",1.263157894736842
A_long,10,True,2,"[8, 18]",1.5789473684210527
A_long,12,True,2,"[8, 18]",1.894736842105263
A_long,15,True,4,"[6, 8, 12, 18]",2.3684210526315788
A_long,20,True,4,"[6, 8, 12, 18]",3.1578947368421053
A_long,25,True,6,"[6, 8, 12, 14, 18, 31]",3.9473684210526314
B_recent,6,True,1,[8],0.9473684210526315
B_recent,8,True,1,[8],1.263157894736842
B_recent,10,True,1,[8],1.5789473684210527
B_recent,12,True,2,"[8, 14]",1.894736842105263
B_recent,15,True,2,"[8, 14]",2.3684210526315788
B_recent,20,True,5,"[6, 8, 12, 14, 31]",3.1578947368421053
B_recent,25,True,6,"[6, 8, 12, 14, 18, 31]",3.9473684210526314
C_gap,6,True,1,[14],0.9473684210526315
C_gap,8,True,2,"[14, 31]",1.263157894736842
C_gap,10,True,2,"[14, 31]",1.5789473684210527
C_gap,12,True,2,"[14, 31]",1.894736842105263
C_gap,15,True,3,"[12, 14, 31]",2.3684210526315788
C_gap,20,True,3,"[12, 14, 31]",3.1578947368421053
C_gap,25,True,4,"[8, 12, 14, 31]",3.9473684210526314
D_trend,6,True,0,[],0.9473684210526315
D_trend,8,True,0,[],1.263157894736842
D_trend,10,True,0,[],1.5789473684210527
D_trend,12,True,1,[31],1.894736842105263
D_trend,15,True,3,"[12, 18, 31]",2.3684210526315788
D_trend,20,True,5,"[6, 12, 14, 18, 31]",3.1578947368421053
D_trend,25,True,5,"[6, 12, 14, 18, 31]",3.9473684210526314
E_pairs,6,False,0,[],0.9473684210526315
E_pairs,8,False,0,[],1.263157894736842
E_pairs,10,False,1,[31],1.5789473684210527
E_pairs,12,False,2,"[12, 31]",1.894736842105263
E_pairs,15,False,3,"[8, 12, 31]",2.3684210526315788
E_pairs,20,False,3,"[8, 12, 31]",3.1578947368421053
E_pairs,25,False,4,"[8, 12, 18, 31]",3.9473684210526314
G_marginal_proxy,6,True,0,[],0.9473684210526315
G_marginal_proxy,8,True,1,[18],1.263157894736842
G_marginal_proxy,10,True,2,"[8, 18]",1.5789473684210527
G_marginal_proxy,12,True,2,"[8, 18]",1.894736842105263
G_marginal_proxy,15,True,3,"[8, 12, 18]",2.3684210526315788
G_marginal_proxy,20,True,6,"[6, 8, 12, 14, 18, 31]",3.1578947368421053
G_marginal_proxy,25,True,6,"[6, 8, 12, 14, 18, 31]",3.9473684210526314
