model,period,n,total_matches,mean,median,sd,counts,percentages,four_plus_pct,best,older_half_mean,recent_half_mean,delta_random,block95,iid95,p_exact_one_sided,holm_p,random_control_mc_p,random_mean_95,qualifies,average_precision,recall_at12
A_long,all,128,131,1.0234375,1.0,0.8825949905380353,"[39, 55, 27, 6, 1, 0, 0]","[30.46875, 42.96875, 21.09375, 4.6875, 0.78125, 0.0, 0.0]",0.78125,4,1.015625,1.03125,0.07606907894736847,"[0.8828125, 1.171875]","[0.875, 1.1796875]",0.16271403306436064,0.9762841983861639,0.16214189290535475,"[0.8046875, 1.09375]",False,0.23326560330981547,0.31640625
B_recent,all,128,134,1.046875,1.0,0.8949497412537079,"[37, 58, 24, 8, 1, 0, 0]","[28.90625, 45.3125, 18.75, 6.25, 0.78125, 0.0, 0.0]",0.78125,4,1.03125,1.0625,0.09950657894736847,"[0.90625, 1.1875]","[0.8984375, 1.203125]",0.09739289030488173,0.6817502321341721,0.09829508524573771,"[0.8046875, 1.09375]",False,0.23649206740370332,0.3203125
C_gap,all,128,114,0.890625,1.0,0.7759614305700274,"[44, 56, 26, 2, 0, 0, 0]","[34.375, 43.75, 20.3125, 1.5625, 0.0, 0.0, 0.0]",0.0,3,0.9375,0.84375,-0.056743421052631526,"[0.7578125, 1.0234375]","[0.7578125, 1.0234375]",0.794846467737908,1.0,0.7925103744812759,"[0.8046875, 1.09375]",False,0.22921990522036095,0.29296875
D_trend,all,128,135,1.0546875,1.0,0.7967314503250188,"[30, 67, 26, 4, 1, 0, 0]","[23.4375, 52.34375, 20.3125, 3.125, 0.78125, 0.0, 0.0]",0.78125,4,1.078125,1.03125,0.10731907894736847,"[0.921875, 1.203125]","[0.921875, 1.1953125]",0.08066692669432575,0.645335413554606,0.08099595020248987,"[0.8046875, 1.09375]",False,0.23904354218922186,0.3255208333333333
E_pairs,all,128,123,0.9609375,1.0,0.787724158823189,"[38, 61, 25, 4, 0, 0, 0]","[29.6875, 47.65625, 19.53125, 3.125, 0.0, 0.0, 0.0]",0.0,3,0.890625,1.03125,0.013569078947368474,"[0.8357421875000002, 1.0859375]","[0.828125, 1.09375]",0.44424514436658064,1.0,0.4439278036098195,"[0.8046875, 1.09375]",False,,
F_structure,all,128,124,0.96875,1.0,0.8597518411416498,"[40, 60, 21, 6, 1, 0, 0]","[31.25, 46.875, 16.40625, 4.6875, 0.78125, 0.0, 0.0]",0.78125,4,0.90625,1.03125,0.021381578947368474,"[0.8125, 1.1328125]","[0.8279296875000002, 1.125]",0.40273712347564805,1.0,0.4040797960101995,"[0.8046875, 1.09375]",False,,
G_ensemble,all,128,127,0.9921875,1.0,0.837093713885591,"[40, 54, 29, 5, 0, 0, 0]","[31.25, 42.1875, 22.65625, 3.90625, 0.0, 0.0, 0.0]",0.0,3,1.0625,0.921875,0.044819078947368474,"[0.859375, 1.125]","[0.8515625, 1.1328125]",0.286621761795893,1.0,0.2855857207139643,"[0.8046875, 1.09375]",False,0.23252780527680966,0.328125
H_random,all,128,125,0.9765625,1.0,0.827336526660377,"[39, 59, 24, 6, 0, 0, 0]","[30.46875, 46.09375, 18.75, 4.6875, 0.0, 0.0, 0.0]",0.0,3,1.046875,0.90625,0.029194078947368474,"[0.8515625, 1.1015625]","[0.8359375, 1.1171875]",0.3623705631575956,1.0,0.3625318734063297,"[0.8046875, 1.09375]",False,0.22381929431105024,0.3072916666666667
A_long,development,88,86,0.9772727272727273,1.0,0.9094304486088225,"[31, 34, 17, 6, 0, 0, 0]","[35.22727272727273, 38.63636363636363, 19.318181818181817, 6.8181818181818175, 0.0, 0.0, 0.0]",0.0,3,1.0454545454545454,0.9090909090909091,0.029904306220095767,"[0.8068181818181818, 1.1477272727272727]","[0.7954545454545454, 1.1704545454545454]",0.38847165124695876,1.0,0.3904304784760762,"[0.7727272727272727, 1.125]",False,0.235807152590374,0.3143939393939394
B_recent,development,88,95,1.0795454545454546,1.0,0.9734591822564165,"[27, 37, 15, 8, 1, 0, 0]","[30.681818181818183, 42.04545454545455, 17.045454545454543, 9.090909090909092, 1.1363636363636365, 0.0, 0.0]",1.1363636363636365,4,0.9318181818181818,1.2272727272727273,0.13217703349282306,"[0.9090909090909091, 1.2386363636363635]","[0.8863636363636364, 1.2954545454545454]",0.07800422005096068,0.5460295403567248,0.07904604769761511,"[0.7727272727272727, 1.125]",False,0.2363397843527899,0.32575757575757575
C_gap,development,88,84,0.9545454545454546,1.0,0.8009920703482092,"[28, 38, 20, 2, 0, 0, 0]","[31.818181818181817, 43.18181818181818, 22.727272727272727, 2.272727272727273, 0.0, 0.0, 0.0]",0.0,3,0.9772727272727273,0.9318181818181818,0.0071770334928230595,"[0.7954545454545454, 1.1136363636363635]","[0.7954545454545454, 1.125]",0.4890447116073132,1.0,0.49002549872506374,"[0.7727272727272727, 1.125]",False,0.2307330285408695,0.3068181818181818
D_trend,development,88,96,1.0909090909090908,1.0,0.8392164330645586,"[20, 46, 17, 4, 1, 0, 0]","[22.727272727272727, 52.27272727272727, 19.318181818181817, 4.545454545454546, 1.1363636363636365, 0.0, 0.0]",1.1363636363636365,4,1.1590909090909092,1.0227272727272727,0.1435406698564593,"[0.9090909090909091, 1.2840909090909092]","[0.9204545454545454, 1.2727272727272727]",0.06138351614583294,0.49106812916666354,0.062146892655367235,"[0.7727272727272727, 1.125]",False,0.23421348531090222,0.32386363636363635
E_pairs,development,88,83,0.9431818181818182,1.0,0.7635060469986815,"[26, 43, 17, 2, 0, 0, 0]","[29.545454545454547, 48.86363636363637, 19.318181818181817, 2.272727272727273, 0.0, 0.0, 0.0]",0.0,3,0.9318181818181818,0.9545454545454546,-0.004186602870813294,"[0.7954545454545454, 1.0909090909090908]","[0.7840909090909091, 1.1022727272727273]",0.5402141598361707,1.0,0.5426228688565572,"[0.7727272727272727, 1.125]",False,,
F_structure,development,88,86,0.9772727272727273,1.0,0.8573853963465546,"[26, 44, 13, 4, 1, 0, 0]","[29.545454545454547, 50.0, 14.772727272727273, 4.545454545454546, 1.1363636363636365, 0.0, 0.0]",1.1363636363636365,4,0.9090909090909091,1.0454545454545454,0.029904306220095767,"[0.7840909090909091, 1.1818181818181819]","[0.8068181818181818, 1.1590909090909092]",0.38847165124695876,1.0,0.3904304784760762,"[0.7727272727272727, 1.125]",False,,
G_ensemble,development,88,92,1.0454545454545454,1.0,0.8564708516635089,"[26, 36, 22, 4, 0, 0, 0]","[29.545454545454547, 40.909090909090914, 25.0, 4.545454545454546, 0.0, 0.0, 0.0]",0.0,3,1.0454545454545454,1.0454545454545454,0.09808612440191389,"[0.8977272727272727, 1.2045454545454546]","[0.875, 1.2159090909090908]",0.148483520956126,0.890901125736756,0.15094245287735614,"[0.7727272727272727, 1.125]",False,0.23291230108098143,0.32954545454545453
H_random,development,88,90,1.0227272727272727,1.0,0.8019698840229805,"[24, 41, 20, 3, 0, 0, 0]","[27.27272727272727, 46.590909090909086, 22.727272727272727, 3.4090909090909087, 0.0, 0.0, 0.0]",0.0,3,1.0454545454545454,1.0,0.07535885167464118,"[0.8977272727272727, 1.1477272727272727]","[0.8636363636363636, 1.1931818181818181]",0.21446950550016697,1.0,0.2175891205439728,"[0.7727272727272727, 1.125]",False,0.21970603920598186,0.2992424242424242
A_long,confirmation,40,45,1.125,1.0,0.8223636976922384,"[8, 21, 10, 0, 1, 0, 0]","[20.0, 52.5, 25.0, 0.0, 2.5, 0.0, 0.0]",2.5,4,1.05,1.2,0.17763157894736847,"[0.925, 1.35]","[0.875, 1.375]",0.10570678277821173,0.8456542622256938,0.1056447177641118,"[0.7, 1.225]",False,0.22767419489258667,0.3208333333333333
B_recent,confirmation,40,39,0.975,1.0,0.6975230903263787,"[10, 21, 9, 0, 0, 0, 0]","[25.0, 52.5, 22.5, 0.0, 0.0, 0.0, 0.0]",0.0,2,0.75,1.2,0.02763157894736845,"[0.725, 1.225]","[0.775, 1.2]",0.4480136219216766,1.0,0.4489275536223189,"[0.7, 1.225]",False,0.23682709011571293,0.3083333333333333
C_gap,confirmation,40,30,0.75,1.0,0.7071067811865476,"[16, 18, 6, 0, 0, 0, 0]","[40.0, 45.0, 15.0, 0.0, 0.0, 0.0, 0.0]",0.0,2,0.7,0.8,-0.19736842105263153,"[0.55, 0.95]","[0.55, 0.975]",0.9480594089108143,1.0,0.9496025198740063,"[0.7, 1.225]",False,0.22589103391524215,0.2625
D_trend,confirmation,40,39,0.975,1.0,0.6975230903263787,"[10, 21, 9, 0, 0, 0, 0]","[25.0, 52.5, 22.5, 0.0, 0.0, 0.0, 0.0]",0.0,2,1.1,0.85,0.02763157894736845,"[0.8, 1.15]","[0.775, 1.2]",0.4480136219216766,1.0,0.4489275536223189,"[0.7, 1.225]",False,0.24966966732152507,0.32916666666666666
E_pairs,confirmation,40,40,1.0,1.0,0.8473185457363234,"[12, 18, 8, 2, 0, 0, 0]","[30.0, 45.0, 20.0, 5.0, 0.0, 0.0, 0.0]",0.0,3,1.15,0.85,0.052631578947368474,"[0.775, 1.2]","[0.75, 1.25]",0.37458885119586327,1.0,0.37473126343682817,"[0.7, 1.225]",False,,
F_structure,confirmation,40,38,0.95,1.0,0.8755950357709131,"[14, 16, 8, 2, 0, 0, 0]","[35.0, 40.0, 20.0, 5.0, 0.0, 0.0, 0.0]",0.0,3,0.95,0.95,0.0026315789473684292,"[0.7, 1.2]","[0.675, 1.225]",0.5237102188636549,1.0,0.5225738713064346,"[0.7, 1.225]",False,,
G_ensemble,confirmation,40,35,0.875,1.0,0.7905694150420949,"[14, 18, 7, 1, 0, 0, 0]","[35.0, 45.0, 17.5, 2.5, 0.0, 0.0, 0.0]",0.0,3,0.8,0.95,-0.07236842105263153,"[0.65, 1.125]","[0.625, 1.125]",0.7379387429561826,1.0,0.7377131143442828,"[0.7, 1.225]",False,0.23168191450763165,0.325
H_random,confirmation,40,35,0.875,1.0,0.8825226081218281,"[15, 18, 4, 3, 0, 0, 0]","[37.5, 45.0, 10.0, 7.5, 0.0, 0.0, 0.0]",0.0,3,1.05,0.7,-0.07236842105263153,"[0.625, 1.15]","[0.625, 1.15]",0.7379387429561826,1.0,0.7377131143442828,"[0.7, 1.225]",False,0.2328684555422007,0.325
