number,lag1_correlation,lag2_correlation,lag3_correlation,lag5_correlation
1,0.10053026955368999,-0.011268551686424698,0.0669445604740906,-0.12380049920103578
2,-0.13411400795404307,-0.004566210045661978,-0.0057471264367815545,0.005747126436781193
3,-0.030809171197797025,-0.031795748211782826,-0.11999999999999973,0.16797381777673598
4,-0.05589924878479884,0.22672325993086498,-0.1316198138134661,-0.007930008501972409
5,-0.12025316455696192,-0.062018102581294116,-0.06275303643724706,0.17224880382775148
6,0.010251630941286078,-0.197278911564626,0.13202645252716072,-0.15049261083743856
7,-0.04888888888888887,0.0005049201189622202,0.04396970533249301,-0.034835744152693485
8,-0.05926640926640916,0.14446820921641026,-0.021168238593859932,0.08799675587996761
9,0.021842105263157833,0.020927152317880764,-0.020344711469278905,-0.022268214795279084
10,-0.023348958464309028,0.014062381984288951,-0.025886942609237493,-0.060914628854359484
11,0.08222222222222224,0.0812826249067859,-0.05105105105105107,-0.009386098427194373
12,0.19727891156462596,-0.038416108248447475,-0.03961219114755598,0.03969176310262209
13,-0.08930922611961187,-0.050933853622639545,-0.005520440354383852,0.032419740640416764
14,0.13467023763357963,0.0005049201189620945,0.08844773095784722,0.13113364438057487
15,-0.0681034482758621,0.014062381984288903,-0.10332651451721302,0.09609268514311652
16,0.10050818746470896,0.09974424552429695,-0.15131578947368424,-0.1031884057971015
17,-0.036933265410086624,-0.12820512820512814,0.013118209497091058,-0.0808402001711364
18,0.009073359073359152,0.049496787232453904,-0.021168238593859953,0.08823591128362485
19,0.02184210526315782,-0.07231788079470204,0.020000000000000073,-0.009395191513613442
20,-0.060642377756471605,0.10810810810810781,0.06462585034013595,-0.015997740478724876
21,-0.05490217826217859,1.8341621280246803e-16,-0.0008589543914816009,-0.09797105784375172
22,0.06663470757430476,0.10810810810810809,-0.06292517006802716,-0.022660098522167604
23,-0.026556776556776428,0.02672811059907835,0.025974025974025986,0.024436090225564044
24,-0.12295375246258491,-0.08757248273233875,0.11207873171612621,0.10973172150574578
25,-0.029956896551724073,0.0527339324410837,-0.06460672856322526,0.13539300318037253
26,-0.07131578947368407,-0.02569536423841061,-0.02666666666666663,-0.11738923108128663
27,-0.04940711462450589,-0.0502983802216539,-0.0011441647597251487,0.047246376811594194
28,0.08150183150183123,0.08079877112135157,-0.028138528138528157,-0.08395989974937326
29,0.020644290167242278,-0.08119979429411518,-0.027861507220764848,0.13329946389008007
30,-0.018216682646212796,-0.06177606177606167,-0.10010957341130443,-0.05327245053272451
31,0.05323484462557313,0.09743589743589759,0.006195147134744519,0.0571731678841917
32,0.021842105263157788,-0.11894039735099352,0.02712628195903867,-0.06982872293828295
33,-0.05573837926779112,-0.01382723411563249,0.058653595387001864,0.019046806082461818
34,-0.03693326541008659,0.05230769230769225,-0.08415074858027889,-0.03483574415269355
35,0.08448275862068953,-0.0312499999999998,0.051552629298737954,-0.0284966728344444
36,0.015016234701447244,-0.03179574821178286,0.020000000000000073,-0.028648648648648658
37,-0.08367346938775509,-0.08493150684931498,0.1234968312247335,-0.1238004992010358
38,0.038430583501005935,0.03708206686930091,-0.10714285714285732,0.0687370600414077
