number,frequency,expected,deviation,appearance_rate,ew_rate,current_gap,mean_completed_gap,median_completed_gap,gap_sd,current_gap_percentile,longest_completed_gap,longest_observed_absence,gap_complete_intervals,trend_20_vs_previous40,short_long_ratio,block10_rate_volatility,frequency_p_two_sided,frequency_holm_p,last_100_count,last_50_count,last_30_count,last_20_count,last_10_count
1,32,28.105263157894736,3.8947368421052637,0.1797752808988764,0.20069331026348416,0,4.709677419354839,3.0,4.87984663957859,0.25806451612903225,17,17,31,0.1,1.390625,0.11048023512348792,0.4113033439382138,1.0,18,9,6,5,3
2,31,28.105263157894736,2.8947368421052637,0.17415730337078653,0.2066473964183936,1,4.833333333333333,3.0,5.356808966059045,0.2,25,25,30,0.175,1.7225806451612902,0.12126781251816648,0.5376642908296296,1.0,18,8,6,6,3
3,26,28.105263157894736,-2.1052631578947363,0.14606741573033707,0.1325526896437532,0,6.0,4.0,5.024937810560445,0.12,16,16,25,0.075,1.0269230769230768,0.12307338795828045,0.7577981995423863,1.0,13,5,4,3,2
4,31,28.105263157894736,2.8947368421052637,0.17415730337078653,0.20117081671440992,1,4.633333333333334,2.0,6.682366570946684,0.4666666666666667,32,32,30,0.175,1.7225806451612902,0.1411611511296054,0.5376642908296296,1.0,15,7,6,6,4
5,19,28.105263157894736,-9.105263157894736,0.10674157303370786,0.06158362881200975,10,7.944444444444445,6.5,6.101805154525246,0.7777777777777778,27,27,18,-0.024999999999999994,0.46842105263157896,0.0781213234429025,0.06399176313505148,1.0,8,4,1,1,0
6,29,28.105263157894736,0.8947368421052637,0.16292134831460675,0.16023147172987895,3,5.071428571428571,3.0,5.255886093166273,0.6071428571428571,20,20,28,-0.07500000000000001,0.9206896551724137,0.11694644324747673,0.8371867275756606,1.0,20,10,3,3,1
7,27,28.105263157894736,-1.1052631578947363,0.15168539325842698,0.19343278191368468,1,5.615384615384615,5.0,5.492372333168414,0.2692307692307692,22,22,26,0.15,1.6481481481481481,0.08702602720890289,0.9181416066501373,1.0,16,7,5,5,4
8,37,28.105263157894736,8.894736842105264,0.20786516853932585,0.21936141240544307,2,3.7777777777777777,2.0,4.598826627435128,0.5555555555555556,20,20,36,-0.07500000000000001,0.9621621621621622,0.13449251017851382,0.07962478458154992,1.0,23,10,7,4,2
9,25,28.105263157894736,-3.1052631578947363,0.1404494382022472,0.22520817463887294,2,5.875,3.0,7.583233794537044,0.4583333333333333,26,26,24,-0.024999999999999994,1.424,0.12631659571466125,0.6071735368461112,1.0,16,13,8,4,3
10,32,28.105263157894736,3.8947368421052637,0.1797752808988764,0.22647476589615614,0,4.516129032258065,3.0,4.610646865259693,0.16129032258064516,17,17,31,0.15,1.66875,0.10325582165612916,0.4113033439382138,1.0,20,11,8,6,2
11,27,28.105263157894736,-1.1052631578947363,0.15168539325842698,0.07002968987563751,16,4.730769230769231,3.0,6.003716797502642,0.9615384615384616,25,25,26,-0.05,0.3296296296296296,0.13719886811400708,0.9181416066501373,1.0,9,4,2,1,0
12,30,28.105263157894736,1.8947368421052637,0.16853932584269662,0.17353578762453184,5,4.896551724137931,3.0,6.371503677570978,0.7241379310344828,24,24,29,0.1,1.4833333333333334,0.12631659571466125,0.681104103577092,1.0,19,6,5,5,1
13,31,28.105263157894736,2.8947368421052637,0.17415730337078653,0.2365852858356249,0,4.566666666666666,3.0,4.553765651545477,0.1,21,21,30,0.19999999999999998,1.7225806451612902,0.1121317502394603,0.5376642908296296,1.0,19,9,7,6,5
14,27,28.105263157894736,-1.1052631578947363,0.15168539325842698,0.15613219170003279,11,5.384615384615385,2.0,6.945945136995673,0.8461538461538461,27,27,26,-0.024999999999999994,0.9888888888888888,0.14602578338007538,0.9181416066501373,1.0,14,8,7,3,0
15,32,28.105263157894736,3.8947368421052637,0.1797752808988764,0.1987693882139008,3,4.580645161290323,4.0,4.660287498630581,0.4838709677419355,17,17,31,0.04999999999999999,1.390625,0.10744355563298724,0.4113033439382138,1.0,20,11,6,5,2
16,23,28.105263157894736,-5.105263157894736,0.12921348314606743,0.12154371126928364,20,5.2727272727272725,5.0,5.624621199366552,1.0,19,20,22,-0.225,0.0,0.12217393579743306,0.35430083681799707,1.0,18,7,4,0,0
17,26,28.105263157894736,-2.1052631578947363,0.14606741573033707,0.14353379930781004,2,5.72,5.0,4.730398150966435,0.32,17,17,25,-0.07499999999999998,0.6846153846153846,0.09393364366277242,0.7577981995423863,1.0,14,8,3,2,2
18,38,28.105263157894736,9.894736842105264,0.21348314606741572,0.18010899878232234,0,3.7837837837837838,2.0,4.808182465196034,0.21621621621621623,20,20,37,0.024999999999999994,0.7026315789473684,0.13449251017851382,0.0501032702127733,1.0,19,7,4,3,3
19,25,28.105263157894736,-3.1052631578947363,0.1404494382022472,0.13097288878864674,4,6.083333333333333,5.5,5.460663016494439,0.4166666666666667,20,20,24,0.04999999999999999,1.0679999999999998,0.13719886811400706,0.6071735368461112,1.0,12,6,5,3,2
20,28,28.105263157894736,-0.10526315789473628,0.15730337078651685,0.12431839576639143,3,4.851851851851852,2.0,6.193692223692049,0.6666666666666666,27,27,27,-0.024999999999999994,0.6357142857142858,0.1460257833800754,0.9999999999999942,1.0,16,6,2,2,1
21,24,28.105263157894736,-4.105263157894736,0.1348314606741573,0.08887269566399288,5,6.478260869565218,5.0,5.868789291415698,0.5217391304347826,23,23,23,-0.075,0.37083333333333335,0.09963167462326072,0.4714845093204405,1.0,9,6,2,1,1
22,28,28.105263157894736,-0.10526315789473628,0.15730337078651685,0.18274468625705317,6,5.111111111111111,4.0,6.014938667973862,0.7407407407407407,20,20,27,0.125,1.5892857142857144,0.11788578719900636,0.9999999999999942,1.0,15,10,6,5,3
23,21,28.105263157894736,-7.105263157894736,0.11797752808988764,0.14708377558859323,7,6.95,4.5,6.597248230173421,0.65,20,20,20,-0.07499999999999998,0.8476190476190477,0.08828430011649196,0.18042635456396822,1.0,16,9,5,2,1
24,34,28.105263157894736,5.894736842105264,0.19101123595505617,0.24106578497173367,2,4.303030303030303,3.0,3.8688245023912664,0.42424242424242425,16,16,33,0.19999999999999998,1.8323529411764705,0.10744355563298723,0.21823790648581484,1.0,18,12,9,7,3
25,32,28.105263157894736,3.8947368421052637,0.1797752808988764,0.15934102279232812,1,4.580645161290323,3.0,5.998745388542435,0.3870967741935484,30,30,31,-0.024999999999999994,0.834375,0.10744355563298724,0.4113033439382138,1.0,14,10,5,3,1
26,25,28.105263157894736,-3.1052631578947363,0.1404494382022472,0.10925456947739315,8,5.916666666666667,5.0,4.7723539599280125,0.7083333333333334,17,17,24,-0.024999999999999994,0.712,0.07174300539794393,0.6071735368461112,1.0,12,5,3,2,2
27,23,28.105263157894736,-5.105263157894736,0.12921348314606743,0.10107325919521751,11,6.181818181818182,5.0,5.076897849562444,0.8636363636363636,20,20,22,-0.12499999999999999,0.3869565217391304,0.08617697249402123,0.35430083681799707,1.0,11,6,2,1,0
28,21,28.105263157894736,-7.105263157894736,0.11797752808988764,0.05927850854285441,15,6.8,4.5,7.783924054370682,0.85,25,25,20,0.0,0.42380952380952386,0.10914103126634983,0.18042635456396822,1.0,10,3,1,1,0
29,22,28.105263157894736,-6.105263157894736,0.12359550561797752,0.14853199895133587,0,7.190476190476191,4.0,6.384505052226426,0.14285714285714285,19,19,21,0.0,1.2136363636363636,0.08828430011649196,0.2573166715004921,1.0,13,6,4,3,2
30,28,28.105263157894736,-0.10526315789473628,0.15730337078651685,0.15124097558864014,4,5.333333333333333,5.0,4.898979485566356,0.48148148148148145,20,20,27,-0.175,0.3178571428571429,0.1277635684057263,0.9999999999999942,1.0,14,8,6,1,1
31,26,28.105263157894736,-2.1052631578947363,0.14606741573033707,0.17657202543547162,10,5.52,3.0,7.360480056807889,0.88,34,34,25,0.05000000000000002,1.3692307692307693,0.15048939771136507,0.7577981995423863,1.0,19,10,5,4,0
32,25,28.105263157894736,-3.1052631578947363,0.1404494382022472,0.12399384101839242,8,5.958333333333333,4.0,5.886455836820708,0.75,21,21,24,-0.15000000000000002,0.356,0.11245914290767742,0.6071735368461112,1.0,16,7,4,1,1
33,34,28.105263157894736,5.894736842105264,0.19101123595505617,0.12589869335002543,7,4.121212121212121,3.0,4.196408998756971,0.7575757575757576,17,17,33,0.04999999999999999,0.7852941176470588,0.1638237934309838,0.21823790648581484,1.0,16,6,4,3,1
34,26,28.105263157894736,-2.1052631578947363,0.14606741573033707,0.10589108391304348,15,5.36,4.0,5.29842743965918,0.96,21,21,25,-0.075,0.3423076923076923,0.08744746321952063,0.7577981995423863,1.0,13,5,3,1,0
35,32,28.105263157894736,3.8947368421052637,0.1797752808988764,0.21107224911891856,5,4.483870967741935,3.0,5.954667456384867,0.7419354838709677,24,24,31,-0.09999999999999998,1.1125,0.14677914581799015,0.4113033439382138,1.0,22,13,6,4,1
36,26,28.105263157894736,-2.1052631578947363,0.14606741573033707,0.16906388551643609,2,6.0,3.0,7.399324293474371,0.4,33,33,25,-0.17500000000000002,0.6846153846153846,0.11788578719900636,0.7577981995423863,1.0,16,10,5,2,1
37,30,28.105263157894736,1.8947368421052637,0.16853932584269662,0.13015329123932456,6,4.827586206896552,3.0,4.496577790126631,0.7586206896551724,15,15,29,-0.024999999999999994,0.5933333333333334,0.11048023512348794,0.681104103577092,1.0,15,7,4,2,2
38,35,28.105263157894736,6.894736842105264,0.19662921348314608,0.20598106777897768,12,3.6176470588235294,2.5,5.099106908625975,0.9705882352941176,27,27,34,-0.04999999999999999,1.0171428571428571,0.12485285456935956,0.15122099302434044,1.0,24,11,7,4,0
