previous,next,trials,count,rate,p,holm_p
1,1,27,5,0.18518518518518517,0.4355864076411027,1.0
1,2,27,3,0.1111111111111111,0.8487701883364767,1.0
1,3,27,2,0.07407407407407407,0.9396944690811296,1.0
1,4,27,3,0.1111111111111111,0.8487701883364767,1.0
1,5,27,4,0.14814814814814814,0.5949203853269708,1.0
1,6,27,7,0.25925925925925924,0.1677270038706862,1.0
1,7,27,3,0.1111111111111111,0.7820323231831684,1.0
1,8,27,3,0.1111111111111111,0.7553357222858904,1.0
1,9,27,1,0.037037037037037035,0.990946869450436,1.0
1,10,27,6,0.2222222222222222,0.15833557160044412,1.0
1,11,27,4,0.14814814814814814,0.7200700999690336,1.0
1,12,27,5,0.18518518518518517,0.6039152424721995,1.0
1,13,27,5,0.18518518518518517,0.22999592805779123,1.0
1,14,27,3,0.1111111111111111,0.5452874146869399,1.0
1,15,27,5,0.18518518518518517,0.33013673507820307,1.0
1,16,27,5,0.18518518518518517,0.1429821493450676,1.0
1,17,27,4,0.14814814814814814,0.8164325192739358,1.0
1,18,27,7,0.25925925925925924,0.09008537870980948,1.0
1,19,27,1,0.037037037037037035,0.9266944551204167,1.0
1,20,27,4,0.14814814814814814,0.5595606490391855,1.0
1,21,27,4,0.14814814814814814,0.3673725193735615,1.0
1,22,27,5,0.18518518518518517,0.5051582441539175,1.0
1,23,27,4,0.14814814814814814,0.6287632401740049,1.0
1,24,27,8,0.2962962962962963,0.09909406294351222,1.0
1,25,27,4,0.14814814814814814,0.5949203853269708,1.0
1,26,27,3,0.1111111111111111,0.8286476016142994,1.0
1,27,27,3,0.1111111111111111,0.8286476016142994,1.0
1,28,27,4,0.14814814814814814,0.3673725193735615,1.0
1,29,27,3,0.1111111111111111,0.8286476016142994,1.0
1,30,27,5,0.18518518518518517,0.22999592805779123,1.0
1,31,27,2,0.07407407407407407,0.8510249387252353,1.0
1,32,27,1,0.037037037037037035,0.9837217203209626,1.0
1,33,27,3,0.1111111111111111,0.6948055437052848,1.0
1,34,27,4,0.14814814814814814,0.446274687991727,1.0
1,35,27,2,0.07407407407407407,0.828385889308774,1.0
2,1,28,2,0.07142857142857142,0.9630811207575585,1.0
2,2,28,4,0.14285714285714285,0.692471259702473,1.0
2,3,28,1,0.03571428571428571,0.9925266103517021,1.0
2,4,28,7,0.25,0.12634981765554726,1.0
2,5,28,3,0.10714285714285714,0.827902320624589,1.0
2,6,28,5,0.17857142857142858,0.5766835652949233,1.0
2,7,28,2,0.07142857142857142,0.9390329770784283,1.0
2,8,28,4,0.14285714285714285,0.5556188690409296,1.0
2,9,28,5,0.17857142857142858,0.3990179537459854,1.0
2,10,28,4,0.14285714285714285,0.5924088156913172,1.0
2,11,28,8,0.2857142857142857,0.07240824480230297,1.0
2,12,28,5,0.17857142857142858,0.6411154090711949,1.0
2,13,28,3,0.10714285714285714,0.7208262239007982,1.0
2,14,28,4,0.14285714285714285,0.3147827849559883,1.0
2,15,28,3,0.10714285714285714,0.8047871440821905,1.0
2,16,28,3,0.10714285714285714,0.6136947696748153,1.0
2,17,28,6,0.21428571428571427,0.46630064015843314,1.0
2,18,28,6,0.21428571428571427,0.23811675660746945,1.0
2,19,28,3,0.10714285714285714,0.4381548170974222,1.0
2,20,28,3,0.10714285714285714,0.8047871440821905,1.0
2,21,28,2,0.07142857142857142,0.8663358084906274,1.0
2,22,28,9,0.32142857142857145,0.025479076419980443,1.0
2,23,28,4,0.14285714285714285,0.6609593789294885,1.0
2,24,28,5,0.17857142857142858,0.6411154090711949,1.0
2,25,28,2,0.07142857142857142,0.9482938651162481,1.0
2,26,28,6,0.21428571428571427,0.23811675660746945,1.0
2,27,28,6,0.21428571428571427,0.23811675660746945,1.0
2,28,28,3,0.10714285714285714,0.6519836317751392,1.0
2,29,28,4,0.14285714285714285,0.6609593789294885,1.0
2,30,28,2,0.07142857142857142,0.901569871720403,1.0
2,31,28,7,0.25,0.021705654546599215,1.0
2,32,28,2,0.07142857142857142,0.9158773466251089,1.0
2,33,28,0,0.0,1.0,1.0
2,34,28,1,0.03571428571428571,0.9831754693250218,1.0
2,35,28,6,0.21428571428571427,0.057343125281981225,1.0
3,1,26,3,0.11538461538461539,0.827902320624589,1.0
3,2,26,4,0.15384615384615385,0.6275707905904684,1.0
3,3,26,4,0.15384615384615385,0.560870268901696,1.0
3,4,26,1,0.038461538461538464,0.9925266103517021,1.0
3,5,26,5,0.19230769230769232,0.3314310078329498,1.0
3,6,26,4,0.15384615384615385,0.7160963083963768,1.0
3,7,26,2,0.07692307692307693,0.9185246063536313,1.0
3,8,26,6,0.23076923076923078,0.11608491248893073,1.0
3,9,26,4,0.15384615384615385,0.560870268901696,1.0
3,10,26,3,0.11538461538461539,0.7573132482782814,1.0
3,11,26,4,0.15384615384615385,0.6882313065149422,1.0
3,12,26,6,0.23076923076923078,0.35379042933591803,1.0
3,13,26,4,0.15384615384615385,0.4142333902237365,1.0
3,14,26,0,0.0,1.0,1.0
3,15,26,4,0.15384615384615385,0.5255719210449659,1.0
3,16,26,2,0.07692307692307693,0.810434723862388,1.0
3,17,26,4,0.15384615384615385,0.7895027735063737,1.0
3,18,26,3,0.11538461538461539,0.8064382281209332,1.0
3,19,26,3,0.11538461538461539,0.3866199362420634,1.0
3,20,26,2,0.07692307692307693,0.9185246063536313,1.0
3,21,26,5,0.19230769230769232,0.15000593656672356,1.0
3,22,26,3,0.11538461538461539,0.8651134923710049,1.0
3,23,26,2,0.07692307692307693,0.9396944690811296,1.0
3,24,26,1,0.038461538461538464,0.9971970803926403,1.0
3,25,26,8,0.3076923076923077,0.019460495618579935,1.0
3,26,26,6,0.23076923076923078,0.18336620468991893,1.0
3,27,26,6,0.23076923076923078,0.18336620468991893,1.0
3,28,26,3,0.11538461538461539,0.5960497862065042,1.0
3,29,26,4,0.15384615384615385,0.5949203853269708,1.0
3,30,26,4,0.15384615384615385,0.4142333902237365,1.0
3,31,26,3,0.11538461538461539,0.5960497862065042,1.0
3,32,26,4,0.15384615384615385,0.45201277412652774,1.0
3,33,26,4,0.15384615384615385,0.4142333902237365,1.0
3,34,26,4,0.15384615384615385,0.4142333902237365,1.0
3,35,26,5,0.19230769230769232,0.12547842563395667,1.0
4,1,28,3,0.10714285714285714,0.867526059772557,1.0
4,2,28,5,0.17857142857142858,0.47188809429158096,1.0
4,3,28,2,0.07142857142857142,0.9482938651162481,1.0
4,4,28,5,0.17857142857142858,0.47188809429158096,1.0
4,5,28,3,0.10714285714285714,0.827902320624589,1.0
4,6,28,5,0.17857142857142858,0.5766835652949233,1.0
4,7,28,3,0.10714285714285714,0.8047871440821905,1.0
4,8,28,5,0.17857142857142858,0.32625654539242,1.0
4,9,28,5,0.17857142857142858,0.3990179537459854,1.0
4,10,28,7,0.25,0.07378018912816905,1.0
4,11,28,6,0.21428571428571427,0.3326518149224552,1.0
4,12,28,6,0.21428571428571427,0.4327944761168205,1.0
4,13,28,3,0.10714285714285714,0.7208262239007982,1.0
4,14,28,1,0.03571428571428571,0.9629823162377861,1.0
4,15,28,4,0.14285714285714285,0.5924088156913172,1.0
4,16,28,1,0.03571428571428571,0.969542412094381,1.0
4,17,28,4,0.14285714285714285,0.8406286247412673,1.0
4,18,28,4,0.14285714285714285,0.6609593789294885,1.0
4,19,28,1,0.03571428571428571,0.9340742079606432,1.0
4,20,28,4,0.14285714285714285,0.5924088156913172,1.0
4,21,28,4,0.14285714285714285,0.3967245511063134,1.0
4,22,28,6,0.21428571428571427,0.3326518149224552,1.0
4,23,28,1,0.03571428571428571,0.9939216430860511,1.0
4,24,28,8,0.2857142857142857,0.11947106234666809,1.0
4,25,28,4,0.14285714285714285,0.6275707905904684,1.0
4,26,28,4,0.14285714285714285,0.6609593789294885,1.0
4,27,28,3,0.10714285714285714,0.8487701883364767,1.0
4,28,28,4,0.14285714285714285,0.3967245511063134,1.0
4,29,28,4,0.14285714285714285,0.6609593789294885,1.0
4,30,28,4,0.14285714285714285,0.47796654207600614,1.0
4,31,28,2,0.07142857142857142,0.8663358084906274,1.0
4,32,28,10,0.35714285714285715,0.0006181508156398308,0.7572347491587927
4,33,28,3,0.10714285714285714,0.7208262239007982,1.0
4,34,28,3,0.10714285714285714,0.7208262239007982,1.0
4,35,28,3,0.10714285714285714,0.6136947696748153,1.0
5,1,26,1,0.038461538461538464,0.9925266103517021,1.0
5,2,26,6,0.23076923076923078,0.20897716972411615,1.0
5,3,26,5,0.19230769230769232,0.3314310078329498,1.0
5,4,26,6,0.23076923076923078,0.20897716972411615,1.0
5,5,26,2,0.07692307692307693,0.9298236364174114,1.0
5,6,26,3,0.11538461538461539,0.8810796192254293,1.0
5,7,26,2,0.07692307692307693,0.9185246063536313,1.0
5,8,26,1,0.038461538461538464,0.9840409022754536,1.0
5,9,26,6,0.23076923076923078,0.1592626320852395,1.0
5,10,26,4,0.15384615384615385,0.5255719210449659,1.0
5,11,26,4,0.15384615384615385,0.6882313065149422,1.0
5,12,26,8,0.3076923076923077,0.08095682930509987,1.0
5,13,26,3,0.11538461538461539,0.6671910041815561,1.0
5,14,26,5,0.19230769230769232,0.10312459891311065,1.0
5,15,26,1,0.038461538461538464,0.9867707479388628,1.0
5,16,26,1,0.038461538461538464,0.9600277692489381,1.0
5,17,26,8,0.3076923076923077,0.09485976525708352,1.0
5,18,26,5,0.19230769230769232,0.36508209945636594,1.0
5,19,26,2,0.07692307692307693,0.6849778055011373,1.0
5,20,26,3,0.11538461538461539,0.7573132482782814,1.0
5,21,26,2,0.07692307692307693,0.8342552724908195,1.0
5,22,26,2,0.07692307692307693,0.9622407640687536,1.0
5,23,26,6,0.23076923076923078,0.18336620468991893,1.0
5,24,26,6,0.23076923076923078,0.35379042933591803,1.0
5,25,26,3,0.11538461538461539,0.7829362455882708,1.0
5,26,26,4,0.15384615384615385,0.5949203853269708,1.0
5,27,26,2,0.07692307692307693,0.9396944690811296,1.0
5,28,26,5,0.19230769230769232,0.15000593656672356,1.0
5,29,26,5,0.19230769230769232,0.36508209945636594,1.0
5,30,26,4,0.15384615384615385,0.4142333902237365,1.0
5,31,26,3,0.11538461538461539,0.5960497862065042,1.0
5,32,26,3,0.11538461538461539,0.6994677386898104,1.0
5,33,26,5,0.19230769230769232,0.20487263776243506,1.0
5,34,26,2,0.07692307692307693,0.874300050609521,1.0
5,35,26,2,0.07692307692307693,0.810434723862388,1.0
6,1,31,6,0.1935483870967742,0.3657352397065713,1.0
6,2,31,5,0.16129032258064516,0.5766835652949233,1.0
6,3,31,4,0.12903225806451613,0.7160963083963768,1.0
6,4,31,6,0.1935483870967742,0.3657352397065713,1.0
6,5,31,5,0.16129032258064516,0.5001425438152592,1.0
6,6,31,2,0.06451612903225806,0.9879610717856909,1.0
6,7,31,5,0.16129032258064516,0.4603545363210956,1.0
6,8,31,1,0.03225806451612903,0.9934118104458215,1.0
6,9,31,7,0.22580645161290322,0.14262342367570183,1.0
6,10,31,7,0.22580645161290322,0.11963479712351836,1.0
6,11,31,4,0.12903225806451613,0.8248893411462221,1.0
6,12,31,4,0.12903225806451613,0.8829104531485682,1.0
6,13,31,4,0.12903225806451613,0.5693891871302317,1.0
6,14,31,3,0.0967741935483871,0.650355755483847,1.0
6,15,31,3,0.0967741935483871,0.8620430833605387,1.0
6,16,31,6,0.1935483870967742,0.08994271043862484,1.0
6,17,31,5,0.16129032258064516,0.7671171015648436,1.0
6,18,31,2,0.06451612903225806,0.973436897355554,1.0
6,19,31,4,0.12903225806451613,0.25858502073768935,1.0
6,20,31,5,0.16129032258064516,0.4603545363210956,1.0
6,21,31,3,0.0967741935483871,0.7262584799570119,1.0
6,22,31,3,0.0967741935483871,0.9365781170268239,1.0
6,23,31,5,0.16129032258064516,0.5390142214398604,1.0
6,24,31,4,0.12903225806451613,0.8829104531485682,1.0
6,25,31,5,0.16129032258064516,0.5001425438152592,1.0
6,26,31,4,0.12903225806451613,0.7468931930844667,1.0
6,27,31,7,0.22580645161290322,0.1677270038706862,1.0
6,28,31,4,0.12903225806451613,0.48402205068132564,1.0
6,29,31,8,0.25806451612903225,0.07089890883288939,1.0
6,30,31,6,0.1935483870967742,0.16404956695536588,1.0
6,31,31,3,0.0967741935483871,0.7262584799570119,1.0
6,32,31,4,0.12903225806451613,0.6093882696837976,1.0
6,33,31,1,0.03225806451612903,0.9896554096844226,1.0
6,34,31,4,0.12903225806451613,0.5693891871302317,1.0
6,35,31,6,0.1935483870967742,0.08994271043862484,1.0
7,1,25,5,0.2,0.3624716491263952,1.0
7,2,25,7,0.28,0.07378018912816905,1.0
7,3,25,5,0.2,0.29832170480454395,1.0
7,4,25,6,0.24,0.18139613045651914,1.0
7,5,25,6,0.24,0.136799243415198,1.0
7,6,25,2,0.08,0.9611643563122108,1.0
7,7,25,3,0.12,0.730573864366745,1.0
7,8,25,4,0.16,0.454874244304987,1.0
7,9,25,5,0.2,0.29832170480454395,1.0
7,10,25,4,0.16,0.49061034931567016,1.0
7,11,25,3,0.12,0.844704009387613,1.0
7,12,25,4,0.16,0.735679284305163,1.0
7,13,25,3,0.12,0.638003587186423,1.0
7,14,25,4,0.16,0.23896708437055944,1.0
7,15,25,3,0.12,0.730573864366745,1.0
7,16,25,2,0.08,0.790967728366741,1.0
7,17,25,4,0.16,0.7597246892441654,1.0
7,18,25,3,0.12,0.7820323231831684,1.0
7,19,25,2,0.08,0.6620272001735162,1.0
7,20,25,3,0.12,0.730573864366745,1.0
7,21,25,3,0.12,0.5662913217545597,1.0
7,22,25,6,0.24,0.23161165549060564,1.0
7,23,25,5,0.2,0.33013673507820307,1.0
7,24,25,2,0.08,0.9715468328933573,1.0
7,25,25,3,0.12,0.7573132482782814,1.0
7,26,25,4,0.16,0.5595606490391855,1.0
7,27,25,4,0.16,0.5595606490391855,1.0
7,28,25,3,0.12,0.5662913217545597,1.0
7,29,25,5,0.2,0.33013673507820307,1.0
7,30,25,3,0.12,0.638003587186423,1.0
7,31,25,1,0.04,0.9615553704241379,1.0
7,32,25,4,0.16,0.4185925499048278,1.0
7,33,25,3,0.12,0.638003587186423,1.0
7,34,25,1,0.04,0.9729234060514089,1.0
7,35,25,0,0.0,1.0,1.0
8,1,23,4,0.17391304347826086,0.5173918150995114,1.0
8,2,23,4,0.17391304347826086,0.5173918150995114,1.0
8,3,23,4,0.17391304347826086,0.45201277412652774,1.0
8,4,23,4,0.17391304347826086,0.5173918150995114,1.0
8,5,23,2,0.08695652173913043,0.8909507469828267,1.0
8,6,23,3,0.13043478260869565,0.8163835218985013,1.0
8,7,23,2,0.08695652173913043,0.8762212848064408,1.0
8,8,23,3,0.13043478260869565,0.6406365196338023,1.0
8,9,23,8,0.34782608695652173,0.008409772335750333,1.0
8,10,23,2,0.08695652173913043,0.8762212848064408,1.0
8,11,23,3,0.13043478260869565,0.7963517232970784,1.0
8,12,23,2,0.08695652173913043,0.9575175363230557,1.0
8,13,23,1,0.043478260869565216,0.963024470412893,1.0
8,14,23,1,0.043478260869565216,0.9301665818896849,1.0
8,15,23,5,0.21739130434782608,0.20832363917663232,1.0
8,16,23,3,0.13043478260869565,0.46598624362198604,1.0
8,17,23,5,0.21739130434782608,0.46964538510278053,1.0
8,18,23,3,0.13043478260869565,0.7262753598508327,1.0
8,19,23,3,0.13043478260869565,0.30894078492040017,1.0
8,20,23,8,0.34782608695652173,0.006363862376288769,1.0
8,21,23,2,0.08695652173913043,0.7742505120428054,1.0
8,22,23,3,0.13043478260869565,0.7963517232970784,1.0
8,23,23,7,0.30434782608695654,0.0394178259601608,1.0
8,24,23,5,0.21739130434782608,0.43966802457289117,1.0
8,25,23,3,0.13043478260869565,0.6994677386898104,1.0
8,26,23,3,0.13043478260869565,0.7262753598508327,1.0
8,27,23,5,0.21739130434782608,0.2622973012946777,1.0
8,28,23,3,0.13043478260869565,0.5035988625577735,1.0
8,29,23,2,0.08695652173913043,0.9041247779533862,1.0
8,30,23,1,0.043478260869565216,0.963024470412893,1.0
8,31,23,4,0.17391304347826086,0.25284806965252354,1.0
8,32,23,2,0.08695652173913043,0.8415334446266839,1.0
8,33,23,1,0.043478260869565216,0.963024470412893,1.0
8,34,23,2,0.08695652173913043,0.8212849403289824,1.0
8,35,23,2,0.08695652173913043,0.7471853470943022,1.0
9,1,26,5,0.19230769230769232,0.3990179537459854,1.0
9,2,26,5,0.19230769230769232,0.3990179537459854,1.0
9,3,26,2,0.07692307692307693,0.9298236364174114,1.0
9,4,26,4,0.15384615384615385,0.6275707905904684,1.0
9,5,26,5,0.19230769230769232,0.3314310078329498,1.0
9,6,26,6,0.23076923076923078,0.293244904845608,1.0
9,7,26,4,0.15384615384615385,0.5255719210449659,1.0
9,8,26,5,0.19230769230769232,0.2660172125266748,1.0
9,9,26,1,0.038461538461538464,0.9890486323997209,1.0
9,10,26,4,0.15384615384615385,0.5255719210449659,1.0
9,11,26,5,0.19230769230769232,0.4667719568846704,1.0
9,12,26,7,0.2692307692307692,0.18559471568055572,1.0
9,13,26,4,0.15384615384615385,0.4142333902237365,1.0
9,14,26,3,0.11538461538461539,0.5168088161546747,1.0
9,15,26,8,0.3076923076923077,0.014994195039239652,1.0
9,16,26,3,0.11538461538461539,0.5573637824189763,1.0
9,17,26,6,0.23076923076923078,0.38479153739727107,1.0
9,18,26,6,0.23076923076923078,0.18336620468991893,1.0
9,19,26,1,0.038461538461538464,0.9185493945782408,1.0
9,20,26,1,0.038461538461538464,0.9867707479388628,1.0
9,21,26,0,0.0,1.0,1.0
9,22,26,4,0.15384615384615385,0.6882313065149422,1.0
9,23,26,4,0.15384615384615385,0.5949203853269708,1.0
9,24,26,4,0.15384615384615385,0.7667312973058614,1.0
9,25,26,5,0.19230769230769232,0.3314310078329498,1.0
9,26,26,5,0.19230769230769232,0.36508209945636594,1.0
9,27,26,1,0.038461538461538464,0.990946869450436,1.0
9,28,26,3,0.11538461538461539,0.5960497862065042,1.0
9,29,26,2,0.07692307692307693,0.9396944690811296,1.0
9,30,26,2,0.07692307692307693,0.874300050609521,1.0
9,31,26,3,0.11538461538461539,0.5960497862065042,1.0
9,32,26,3,0.11538461538461539,0.6994677386898104,1.0
9,33,26,3,0.11538461538461539,0.6671910041815561,1.0
9,34,26,4,0.15384615384615385,0.4142333902237365,1.0
9,35,26,2,0.07692307692307693,0.810434723862388,1.0
10,1,25,7,0.28,0.07378018912816905,1.0
10,2,25,3,0.12,0.8047871440821905,1.0
10,3,25,5,0.2,0.29832170480454395,1.0
10,4,25,3,0.12,0.8047871440821905,1.0
10,5,25,1,0.04,0.9867707479388628,1.0
10,6,25,4,0.16,0.6828726523069741,1.0
10,7,25,4,0.16,0.49061034931567016,1.0
10,8,25,4,0.16,0.454874244304987,1.0
10,9,25,1,0.04,0.9867707479388628,1.0
10,10,25,3,0.12,0.730573864366745,1.0
10,11,25,3,0.12,0.844704009387613,1.0
10,12,25,7,0.28,0.1574229770410099,1.0
10,13,25,2,0.08,0.8583685854996774,1.0
10,14,25,3,0.12,0.48759999714722324,1.0
10,15,25,2,0.08,0.9061237326555275,1.0
10,16,25,2,0.08,0.790967728366741,1.0
10,17,25,7,0.28,0.17835659997725878,1.0
10,18,25,3,0.12,0.7820323231831684,1.0
10,19,25,2,0.08,0.6620272001735162,1.0
10,20,25,5,0.2,0.2672596929989005,1.0
10,21,25,2,0.08,0.8159317735458722,1.0
10,22,25,2,0.08,0.9547694354766191,1.0
10,23,25,4,0.16,0.5595606490391855,1.0
10,24,25,4,0.16,0.735679284305163,1.0
10,25,25,2,0.08,0.9185246063536313,1.0
10,26,25,5,0.2,0.33013673507820307,1.0
10,27,25,3,0.12,0.7820323231831684,1.0
10,28,25,3,0.12,0.5662913217545597,1.0
10,29,25,5,0.2,0.33013673507820307,1.0
10,30,25,3,0.12,0.638003587186423,1.0
10,31,25,4,0.16,0.30919891617843187,1.0
10,32,25,4,0.16,0.4185925499048278,1.0
10,33,25,4,0.16,0.3820240436912286,1.0
10,34,25,3,0.12,0.638003587186423,1.0
10,35,25,6,0.24,0.03352274001486281,1.0
11,1,31,9,0.2903225806451613,0.031907729623038325,1.0
11,2,31,6,0.1935483870967742,0.3657352397065713,1.0
11,3,31,4,0.12903225806451613,0.7160963083963768,1.0
11,4,31,6,0.1935483870967742,0.3657352397065713,1.0
11,5,31,6,0.1935483870967742,0.293244904845608,1.0
11,6,31,5,0.16129032258064516,0.6803059257939362,1.0
11,7,31,6,0.1935483870967742,0.2584861014987066,1.0
11,8,31,6,0.1935483870967742,0.22516178844866142,1.0
11,9,31,4,0.12903225806451613,0.7160963083963768,1.0
11,10,31,3,0.0967741935483871,0.8620430833605387,1.0
11,11,31,6,0.1935483870967742,0.43995726003772456,1.0
11,12,31,5,0.16129032258064516,0.7401652007651837,1.0
11,13,31,1,0.03225806451612903,0.9896554096844226,1.0
11,14,31,8,0.25806451612903225,0.004750019307094972,1.0
11,15,31,2,0.06451612903225806,0.9611643563122108,1.0
11,16,31,2,0.06451612903225806,0.8866357020981559,1.0
11,17,31,6,0.1935483870967742,0.5838441761271556,1.0
11,18,31,5,0.16129032258064516,0.5390142214398604,1.0
11,19,31,2,0.06451612903225806,0.7828322748296812,1.0
11,20,31,4,0.12903225806451613,0.6828726523069741,1.0
11,21,31,5,0.16129032258064516,0.2605636391789485,1.0
11,22,31,5,0.16129032258064516,0.6475012853358546,1.0
11,23,31,6,0.1935483870967742,0.3291071622670142,1.0
11,24,31,5,0.16129032258064516,0.7401652007651837,1.0
11,25,31,5,0.16129032258064516,0.5001425438152592,1.0
11,26,31,3,0.0967741935483871,0.8978529224930497,1.0
11,27,31,1,0.03225806451612903,0.9966935050055553,1.0
11,28,31,4,0.12903225806451613,0.48402205068132564,1.0
11,29,31,6,0.1935483870967742,0.3291071622670142,1.0
11,30,31,4,0.12903225806451613,0.5693891871302317,1.0
11,31,31,0,0.0,1.0,1.0
11,32,31,3,0.0967741935483871,0.8163835218985013,1.0
11,33,31,4,0.12903225806451613,0.5693891871302317,1.0
11,34,31,3,0.0967741935483871,0.7893841411748442,1.0
11,35,31,5,0.16129032258064516,0.22343516465239963,1.0
12,1,33,5,0.15151515151515152,0.6411154090711949,1.0
12,2,33,8,0.24242424242424243,0.11947106234666809,1.0
12,3,33,7,0.21212121212121213,0.18559471568055572,1.0
12,4,33,5,0.15151515151515152,0.6411154090711949,1.0
12,5,33,8,0.24242424242424243,0.08095682930509987,1.0
12,6,33,4,0.12121212121212122,0.8829104531485682,1.0
12,7,33,4,0.12121212121212122,0.735679284305163,1.0
12,8,33,6,0.18181818181818182,0.27716330023635344,1.0
12,9,33,2,0.06060606060606061,0.9768165293492963,1.0
12,10,33,5,0.15151515151515152,0.5242965236733595,1.0
12,11,33,4,0.12121212121212122,0.8644917109055508,1.0
12,12,33,5,0.15151515151515152,0.7949975040616584,1.0
12,13,33,5,0.15151515151515152,0.39642763705377765,1.0
12,14,33,2,0.06060606060606061,0.8904465420102867,1.0
12,15,33,2,0.06060606060606061,0.9715468328933573,1.0
12,16,33,6,0.18181818181818182,0.11672833982109648,1.0
12,17,33,7,0.21212121212121213,0.46301980306082785,1.0
12,18,33,3,0.09090909090909091,0.922468393233712,1.0
12,19,33,3,0.09090909090909091,0.561074257543597,1.0
12,20,33,6,0.18181818181818182,0.31497603387698825,1.0
12,21,33,4,0.12121212121212122,0.5402782530040633,1.0
12,22,33,4,0.12121212121212122,0.8644917109055508,1.0
12,23,33,4,0.12121212121212122,0.795047132929107,1.0
12,24,33,7,0.21212121212121213,0.42612564552173765,1.0
12,25,33,3,0.09090909090909091,0.9083104754220892,1.0
12,26,33,6,0.18181818181818182,0.39319628224946007,1.0
12,27,33,7,0.21212121212121213,0.21586994413852093,1.0
12,28,33,2,0.06060606060606061,0.9242585743560597,1.0
12,29,33,5,0.15151515151515152,0.6039152424721995,1.0
12,30,33,4,0.12121212121212122,0.6260490052587252,1.0
12,31,33,6,0.18181818181818182,0.1438515677000057,1.0
12,32,33,5,0.15151515151515152,0.43966802457289117,1.0
12,33,33,2,0.06060606060606061,0.9483246097568973,1.0
12,34,33,3,0.09090909090909091,0.8274712580700827,1.0
12,35,33,6,0.18181818181818182,0.11672833982109648,1.0
13,1,23,4,0.17391304347826086,0.5173918150995114,1.0
13,2,23,5,0.21739130434782608,0.2906964952143565,1.0
13,3,23,5,0.21739130434782608,0.2347813166854781,1.0
13,4,23,3,0.13043478260869565,0.7513413852209913,1.0
13,5,23,3,0.13043478260869565,0.6994677386898104,1.0
13,6,23,1,0.043478260869565216,0.9917377622804154,1.0
13,7,23,5,0.21739130434782608,0.20832363917663232,1.0
13,8,23,3,0.13043478260869565,0.6406365196338023,1.0
13,9,23,5,0.21739130434782608,0.2347813166854781,1.0
13,10,23,5,0.21739130434782608,0.20832363917663232,1.0
13,11,23,4,0.17391304347826086,0.5797115310150229,1.0
13,12,23,5,0.21739130434782608,0.43966802457289117,1.0
13,13,23,2,0.08695652173913043,0.8212849403289824,1.0
13,14,23,2,0.08695652173913043,0.7175854414656373,1.0
13,15,23,2,0.08695652173913043,0.8762212848064408,1.0
13,16,23,5,0.21739130434782608,0.08013692899811935,1.0
13,17,23,3,0.13043478260869565,0.8673239980550818,1.0
13,18,23,1,0.043478260869565216,0.9837217203209626,1.0
13,19,23,2,0.08695652173913043,0.6126547074713071,1.0
13,20,23,4,0.17391304347826086,0.4185925499048278,1.0
13,21,23,1,0.043478260869565216,0.9490733478345723,1.0
13,22,23,2,0.08695652173913043,0.9356204183355425,1.0
13,23,23,8,0.34782608695652173,0.010929471970034577,1.0
13,24,23,6,0.2608695652173913,0.240762241984969,1.0
13,25,23,4,0.17391304347826086,0.45201277412652774,1.0
13,26,23,3,0.13043478260869565,0.7262753598508327,1.0
13,27,23,5,0.21739130434782608,0.2622973012946777,1.0
13,28,23,2,0.08695652173913043,0.7742505120428054,1.0
13,29,23,3,0.13043478260869565,0.7262753598508327,1.0
13,30,23,3,0.13043478260869565,0.5751057564990325,1.0
13,31,23,2,0.08695652173913043,0.7742505120428054,1.0
13,32,23,2,0.08695652173913043,0.8415334446266839,1.0
13,33,23,2,0.08695652173913043,0.8212849403289824,1.0
13,34,23,2,0.08695652173913043,0.8212849403289824,1.0
13,35,23,1,0.043478260869565216,0.9403322060449839,1.0
14,1,17,4,0.23529411764705882,0.27464516286353413,1.0
14,2,17,2,0.11764705882352941,0.7930503397721061,1.0
14,3,17,5,0.29411764705882354,0.08307323447413605,1.0
14,4,17,3,0.17647058823529413,0.5299204393715431,1.0
14,5,17,0,0.0,1.0,1.0
14,6,17,2,0.11764705882352941,0.8419765092900166,1.0
14,7,17,1,0.058823529411764705,0.9355446198943105,1.0
14,8,17,0,0.0,1.0,1.0
14,9,17,3,0.17647058823529413,0.4746182998105781,1.0
14,10,17,1,0.058823529411764705,0.9355446198943105,1.0
14,11,17,2,0.11764705882352941,0.826856062711763,1.0
14,12,17,1,0.058823529411764705,0.9758069446939384,1.0
14,13,17,2,0.11764705882352941,0.659503584749481,1.0
14,14,17,2,0.11764705882352941,0.5413479489676649,1.0
14,15,17,3,0.17647058823529413,0.44616117835111263,1.0
14,16,17,1,0.058823529411764705,0.8702654361752739,1.0
14,17,17,3,0.17647058823529413,0.6776213102765859,1.0
14,18,17,6,0.35294117647058826,0.027811674080322066,1.0
14,19,17,1,0.058823529411764705,0.7963662404543937,1.0
14,20,17,1,0.058823529411764705,0.9355446198943105,1.0
14,21,17,1,0.058823529411764705,0.8843131277996074,1.0
14,22,17,3,0.17647058823529413,0.5825050290769324,1.0
14,23,17,1,0.058823529411764705,0.9492837181349405,1.0
14,24,17,5,0.29411764705882354,0.19095728161520986,1.0
14,25,17,2,0.11764705882352941,0.7541304705902176,1.0
14,26,17,3,0.17647058823529413,0.5025695168885421,1.0
14,27,17,4,0.23529411764705882,0.2510085631868666,1.0
14,28,17,3,0.17647058823529413,0.3004870787315666,1.0
14,29,17,3,0.17647058823529413,0.5025695168885421,1.0
14,30,17,1,0.058823529411764705,0.9082255755770086,1.0
14,31,17,0,0.0,1.0,1.0
14,32,17,5,0.29411764705882354,0.05144419840984862,1.0
14,33,17,4,0.23529411764705882,0.14416593468956784,1.0
14,34,17,4,0.23529411764705882,0.14416593468956784,1.0
14,35,17,3,0.17647058823529413,0.2716928891269995,1.0
15,1,25,6,0.24,0.18139613045651914,1.0
15,2,25,3,0.12,0.8047871440821905,1.0
15,3,25,2,0.08,0.9185246063536313,1.0
15,4,25,5,0.2,0.3624716491263952,1.0
15,5,25,7,0.28,0.0504895312224177,1.0
15,6,25,6,0.24,0.2584861014987066,1.0
15,7,25,4,0.16,0.49061034931567016,1.0
15,8,25,5,0.2,0.23718407790403168,1.0
15,9,25,1,0.04,0.9867707479388628,1.0
15,10,25,3,0.12,0.730573864366745,1.0
15,11,25,3,0.12,0.844704009387613,1.0
15,12,25,5,0.2,0.5242965236733595,1.0
15,13,25,3,0.12,0.638003587186423,1.0
15,14,25,1,0.04,0.9456791136216202,1.0
15,15,25,2,0.08,0.9061237326555275,1.0
15,16,25,0,0.0,1.0,1.0
15,17,25,2,0.08,0.975720211380316,1.0
15,18,25,3,0.12,0.7820323231831684,1.0
15,19,25,2,0.08,0.6620272001735162,1.0
15,20,25,6,0.24,0.11688161752455639,1.0
15,21,25,6,0.24,0.04315588611187587,1.0
15,22,25,3,0.12,0.844704009387613,1.0
15,23,25,6,0.24,0.15833557160044412,1.0
15,24,25,5,0.2,0.5242965236733595,1.0
15,25,25,3,0.12,0.7573132482782814,1.0
15,26,25,5,0.2,0.33013673507820307,1.0
15,27,25,3,0.12,0.7820323231831684,1.0
15,28,25,4,0.16,0.30919891617843187,1.0
15,29,25,3,0.12,0.7820323231831684,1.0
15,30,25,3,0.12,0.638003587186423,1.0
15,31,25,5,0.2,0.13113862046459518,1.0
15,32,25,3,0.12,0.6709152427786623,1.0
15,33,25,2,0.08,0.8583685854996774,1.0
15,34,25,2,0.08,0.8583685854996774,1.0
15,35,25,3,0.12,0.5277274609181405,1.0
16,1,19,5,0.2631578947368421,0.1615993284892168,1.0
16,2,19,4,0.21052631578947367,0.35563170668046074,1.0
16,3,19,2,0.10526315789473684,0.810434723862388,1.0
16,4,19,0,0.0,1.0,1.0
16,5,19,2,0.10526315789473684,0.810434723862388,1.0
16,6,19,4,0.21052631578947367,0.4393303683808502,1.0
16,7,19,5,0.2631578947368421,0.10914293687641534,1.0
16,8,19,3,0.15789473684210525,0.4972305884522434,1.0
16,9,19,4,0.21052631578947367,0.30051566274506597,1.0
16,10,19,1,0.05263157894736842,0.9542741905802246,1.0
16,11,19,1,0.05263157894736842,0.976883816349624,1.0
16,12,19,6,0.3157894736842105,0.11672833982109648,1.0
16,13,19,1,0.05263157894736842,0.9319345165253891,1.0
16,14,19,4,0.21052631578947367,0.1105782307316334,1.0
16,15,19,2,0.10526315789473684,0.790967728366741,1.0
16,16,19,2,0.10526315789473684,0.6385073056392473,1.0
16,17,19,5,0.2631578947368421,0.29246637553822497,1.0
16,18,19,2,0.10526315789473684,0.828385889308774,1.0
16,19,19,2,0.10526315789473684,0.5004236976230075,1.0
16,20,19,4,0.21052631578947367,0.2735868570356645,1.0
16,21,19,3,0.15789473684210525,0.36919755084172456,1.0
16,22,19,2,0.10526315789473684,0.8739445610315432,1.0
16,23,19,4,0.21052631578947367,0.3279127955102831,1.0
16,24,19,3,0.15789473684210525,0.7348528966122384,1.0
16,25,19,2,0.10526315789473684,0.810434723862388,1.0
16,26,19,2,0.10526315789473684,0.828385889308774,1.0
16,27,19,2,0.10526315789473684,0.828385889308774,1.0
16,28,19,2,0.10526315789473684,0.6684306117278609,1.0
16,29,19,3,0.15789473684210525,0.586045155782563,1.0
16,30,19,3,0.15789473684210525,0.43412712590074937,1.0
16,31,19,2,0.10526315789473684,0.6684306117278609,1.0
16,32,19,3,0.15789473684210525,0.46598624362198604,1.0
16,33,19,2,0.10526315789473684,0.7227332511401877,1.0
16,34,19,1,0.05263157894736842,0.9319345165253891,1.0
16,35,19,2,0.10526315789473684,0.6385073056392473,1.0
17,1,35,4,0.11428571428571428,0.8587894453828082,1.0
17,2,35,4,0.11428571428571428,0.8587894453828082,1.0
17,3,35,5,0.14285714285714285,0.6259330148829764,1.0
17,4,35,8,0.22857142857142856,0.1587675382741479,1.0
17,5,35,4,0.11428571428571428,0.8106085488126183,1.0
17,6,35,7,0.2,0.42165193929614986,1.0
17,7,35,6,0.17142857142857143,0.37398220719453606,1.0
17,8,35,5,0.14285714285714285,0.5432483112581047,1.0
17,9,35,7,0.2,0.23386126012204542,1.0
17,10,35,8,0.22857142857142856,0.08956771235228368,1.0
17,11,35,6,0.17142857142857143,0.5795142387701543,1.0
17,12,35,7,0.2,0.4996170257303881,1.0
17,13,35,6,0.17142857142857143,0.2523177820156681,1.0
17,14,35,3,0.08571428571428572,0.7391132170515823,1.0
17,15,35,6,0.17142857142857143,0.37398220719453606,1.0
17,16,35,6,0.17142857142857143,0.14747598786763302,1.0
17,17,35,5,0.14285714285714285,0.8618050459915686,1.0
17,18,35,5,0.14285714285714285,0.6640992918951024,1.0
17,19,35,2,0.05714285714285714,0.8424363365491969,1.0
17,20,35,4,0.11428571428571428,0.7821969282080581,1.0
17,21,35,2,0.05714285714285714,0.9403525825241552,1.0
17,22,35,7,0.2,0.3825236770333625,1.0
17,23,35,3,0.08571428571428572,0.9417900709711008,1.0
17,24,35,6,0.17142857142857143,0.6877445113561608,1.0
17,25,35,4,0.11428571428571428,0.8106085488126183,1.0
17,26,35,6,0.17142857142857143,0.45800139602962187,1.0
17,27,35,8,0.22857142857142856,0.133241075271895,1.0
17,28,35,3,0.08571428571428572,0.8069650378553076,1.0
17,29,35,5,0.14285714285714285,0.6640992918951024,1.0
17,30,35,4,0.11428571428571428,0.6784429941954725,1.0
17,31,35,2,0.05714285714285714,0.9403525825241552,1.0
17,32,35,5,0.14285714285714285,0.4993131203126429,1.0
17,33,35,4,0.11428571428571428,0.6784429941954725,1.0
17,34,35,4,0.11428571428571428,0.6784429941954725,1.0
17,35,35,4,0.11428571428571428,0.5476286706861125,1.0
18,1,26,6,0.23076923076923078,0.20897716972411615,1.0
18,2,26,3,0.11538461538461539,0.827902320624589,1.0
18,3,26,2,0.07692307692307693,0.9298236364174114,1.0
18,4,26,3,0.11538461538461539,0.827902320624589,1.0
18,5,26,4,0.15384615384615385,0.560870268901696,1.0
18,6,26,4,0.15384615384615385,0.7160963083963768,1.0
18,7,26,4,0.15384615384615385,0.5255719210449659,1.0
18,8,26,3,0.11538461538461539,0.7295042890102835,1.0
18,9,26,6,0.23076923076923078,0.1592626320852395,1.0
18,10,26,2,0.07692307692307693,0.9185246063536313,1.0
18,11,26,6,0.23076923076923078,0.2640923601030455,1.0
18,12,26,6,0.23076923076923078,0.35379042933591803,1.0
18,13,26,3,0.11538461538461539,0.6671910041815561,1.0
18,14,26,5,0.19230769230769232,0.10312459891311065,1.0
18,15,26,3,0.11538461538461539,0.7573132482782814,1.0
18,16,26,3,0.11538461538461539,0.5573637824189763,1.0
18,17,26,5,0.19230769230769232,0.5959452258020203,1.0
18,18,26,9,0.34615384615384615,0.006686875961666724,1.0
18,19,26,2,0.07692307692307693,0.6849778055011373,1.0
18,20,26,3,0.11538461538461539,0.7573132482782814,1.0
18,21,26,2,0.07692307692307693,0.8342552724908195,1.0
18,22,26,4,0.15384615384615385,0.6882313065149422,1.0
18,23,26,2,0.07692307692307693,0.9396944690811296,1.0
18,24,26,6,0.23076923076923078,0.35379042933591803,1.0
18,25,26,2,0.07692307692307693,0.9298236364174114,1.0
18,26,26,5,0.19230769230769232,0.36508209945636594,1.0
18,27,26,4,0.15384615384615385,0.5949203853269708,1.0
18,28,26,1,0.038461538461538464,0.9666473743414705,1.0
18,29,26,5,0.19230769230769232,0.36508209945636594,1.0
18,30,26,3,0.11538461538461539,0.6671910041815561,1.0
18,31,26,3,0.11538461538461539,0.5960497862065042,1.0
18,32,26,1,0.038461538461538464,0.9807736854184598,1.0
18,33,26,4,0.15384615384615385,0.4142333902237365,1.0
18,34,26,4,0.15384615384615385,0.4142333902237365,1.0
18,35,26,2,0.07692307692307693,0.810434723862388,1.0
19,1,15,1,0.06666666666666667,0.9340742079606432,1.0
19,2,15,2,0.13333333333333333,0.7274411284343011,1.0
19,3,15,2,0.13333333333333333,0.6849778055011373,1.0
19,4,15,3,0.2,0.4381548170974222,1.0
19,5,15,1,0.06666666666666667,0.9185493945782408,1.0
19,6,15,7,0.4666666666666667,0.006294309721073477,1.0
19,7,15,3,0.2,0.3606757736977961,1.0
19,8,15,0,0.0,1.0,1.0
19,9,15,2,0.13333333333333333,0.6849778055011373,1.0
19,10,15,2,0.13333333333333333,0.6620272001735162,1.0
19,11,15,3,0.2,0.4886296671541786,1.0
19,12,15,1,0.06666666666666667,0.9616625796823236,1.0
19,13,15,3,0.2,0.2833737479619057,1.0
19,14,15,0,0.0,1.0,1.0
19,15,15,2,0.13333333333333333,0.6620272001735162,1.0
19,16,15,4,0.26666666666666666,0.061463082595334374,1.0
19,17,15,4,0.26666666666666666,0.32295704226099825,1.0
19,18,15,2,0.13333333333333333,0.7067778204816669,1.0
19,19,15,2,0.13333333333333333,0.3729525800941289,1.0
19,20,15,0,0.0,1.0,1.0
19,21,15,3,0.2,0.23344671955351237,1.0
19,22,15,6,0.4,0.024345442533605283,1.0
19,23,15,2,0.13333333333333333,0.7067778204816669,1.0
19,24,15,2,0.13333333333333333,0.8145538738121697,1.0
19,25,15,1,0.06666666666666667,0.9185493945782408,1.0
19,26,15,3,0.2,0.41247761824451645,1.0
19,27,15,2,0.13333333333333333,0.7067778204816669,1.0
19,28,15,1,0.06666666666666667,0.8490327341498421,1.0
19,29,15,1,0.06666666666666667,0.9266944551204167,1.0
19,30,15,2,0.13333333333333333,0.5862448011625326,1.0
19,31,15,0,0.0,1.0,1.0
19,32,15,1,0.06666666666666667,0.888758273426677,1.0
19,33,15,2,0.13333333333333333,0.5862448011625326,1.0
19,34,15,4,0.26666666666666666,0.09852287042161695,1.0
19,35,15,1,0.06666666666666667,0.8330854877572198,1.0
20,1,25,4,0.16,0.5924088156913172,1.0
20,2,25,7,0.28,0.07378018912816905,1.0
20,3,25,1,0.04,0.9867707479388628,1.0
20,4,25,5,0.2,0.3624716491263952,1.0
20,5,25,3,0.12,0.7573132482782814,1.0
20,6,25,4,0.16,0.6828726523069741,1.0
20,7,25,2,0.08,0.9061237326555275,1.0
20,8,25,3,0.12,0.7017782425606159,1.0
20,9,25,5,0.2,0.29832170480454395,1.0
20,10,25,1,0.04,0.9841458963394308,1.0
20,11,25,6,0.24,0.23161165549060564,1.0
20,12,25,4,0.16,0.735679284305163,1.0
20,13,25,3,0.12,0.638003587186423,1.0
20,14,25,2,0.08,0.7632582265300462,1.0
20,15,25,5,0.2,0.2672596929989005,1.0
20,16,25,3,0.12,0.5277274609181405,1.0
20,17,25,5,0.2,0.5553387472626453,1.0
20,18,25,6,0.24,0.15833557160044412,1.0
20,19,25,1,0.04,0.9095658719214291,1.0
20,20,25,3,0.12,0.730573864366745,1.0
20,21,25,2,0.08,0.8159317735458722,1.0
20,22,25,6,0.24,0.23161165549060564,1.0
20,23,25,2,0.08,0.9294439890072684,1.0
20,24,25,3,0.12,0.8919744164086784,1.0
20,25,25,3,0.12,0.7573132482782814,1.0
20,26,25,7,0.28,0.061422094766836535,1.0
20,27,25,3,0.12,0.7820323231831684,1.0
20,28,25,1,0.04,0.9615553704241379,1.0
20,29,25,4,0.16,0.5595606490391855,1.0
20,30,25,5,0.2,0.1808972595164329,1.0
20,31,25,4,0.16,0.30919891617843187,1.0
20,32,25,5,0.2,0.20832363917663232,1.0
20,33,25,3,0.12,0.638003587186423,1.0
20,34,25,3,0.12,0.638003587186423,1.0
20,35,25,1,0.04,0.9542741905802246,1.0
21,1,20,1,0.05,0.9749743385998417,1.0
21,2,20,3,0.15,0.6519836317751392,1.0
21,3,20,3,0.15,0.5960497862065042,1.0
21,4,20,5,0.25,0.19126032897705028,1.0
21,5,20,3,0.15,0.5960497862065042,1.0
21,6,20,5,0.25,0.2605636391789485,1.0
21,7,20,2,0.1,0.8159317735458722,1.0
21,8,20,2,0.1,0.7959605374025672,1.0
21,9,20,4,0.2,0.33814309428965156,1.0
21,10,20,3,0.15,0.5662913217545597,1.0
21,11,20,3,0.15,0.7028162448658164,1.0
21,12,20,3,0.15,0.7691895984254458,1.0
21,13,20,5,0.25,0.0823720374138989,1.0
21,14,20,3,0.15,0.3347744994766277,1.0
21,15,20,4,0.2,0.30919891617843187,1.0
21,16,20,2,0.1,0.6684306117278609,1.0
21,17,20,4,0.2,0.5674914898723395,1.0
21,18,20,2,0.1,0.8510249387252353,1.0
21,19,20,3,0.15,0.23344671955351237,1.0
21,20,20,3,0.15,0.5662913217545597,1.0
21,21,20,2,0.1,0.6978668434781603,1.0
21,22,20,4,0.2,0.4551887072616641,1.0
21,23,20,4,0.2,0.3673725193735615,1.0
21,24,20,2,0.1,0.9242585743560597,1.0
21,25,20,4,0.2,0.33814309428965156,1.0
21,26,20,1,0.05,0.9710943910959412,1.0
21,27,20,4,0.2,0.3673725193735615,1.0
21,28,20,2,0.1,0.6978668434781603,1.0
21,29,20,3,0.15,0.624634444560622,1.0
21,30,20,3,0.15,0.4708922373962192,1.0
21,31,20,1,0.05,0.9229194740344655,1.0
21,32,20,2,0.1,0.7742505120428054,1.0
21,33,20,1,0.05,0.9414723549740607,1.0
21,34,20,4,0.2,0.22579149409308685,1.0
21,35,20,0,0.0,1.0,1.0
22,1,30,8,0.26666666666666666,0.07240824480230297,1.0
22,2,30,6,0.2,0.3326518149224552,1.0
22,3,30,8,0.26666666666666666,0.0473472907413685,1.0
22,4,30,3,0.1,0.8992765652323954,1.0
22,5,30,2,0.06666666666666667,0.9622407640687536,1.0
22,6,30,5,0.16666666666666666,0.6475012853358546,1.0
22,7,30,8,0.26666666666666666,0.03736833410776598,1.0
22,8,30,1,0.03333333333333333,0.9921157731564749,1.0
22,9,30,8,0.26666666666666666,0.0473472907413685,1.0
22,10,30,4,0.13333333333333333,0.6541606373410543,1.0
22,11,30,3,0.1,0.9257695258125721,1.0
22,12,30,5,0.16666666666666666,0.7093492281662892,1.0
22,13,30,5,0.16666666666666666,0.3107828346036099,1.0
22,14,30,5,0.16666666666666666,0.1693156740311852,1.0
22,15,30,7,0.23333333333333334,0.10288235374576515,1.0
22,16,30,2,0.06666666666666667,0.8739445610315432,1.0
22,17,30,3,0.1,0.9611663554120884,1.0
22,18,30,1,0.03333333333333333,0.9959432918555554,1.0
22,19,30,3,0.1,0.4886296671541786,1.0
22,20,30,3,0.1,0.844704009387613,1.0
22,21,30,4,0.13333333333333333,0.4551887072616641,1.0
22,22,30,4,0.13333333333333333,0.8020005597513359,1.0
22,23,30,5,0.16666666666666666,0.5051582441539175,1.0
22,24,30,6,0.2,0.5110823942927244,1.0
22,25,30,4,0.13333333333333333,0.6882313065149422,1.0
22,26,30,6,0.2,0.297872292899983,1.0
22,27,30,6,0.2,0.297872292899983,1.0
22,28,30,2,0.06666666666666667,0.8929588183832906,1.0
22,29,30,4,0.13333333333333333,0.7200700999690336,1.0
22,30,30,1,0.03333333333333333,0.987820079144562,1.0
22,31,30,3,0.1,0.7028162448658164,1.0
22,32,30,5,0.16666666666666666,0.34942471244748363,1.0
22,33,30,3,0.1,0.7680943069124624,1.0
22,34,30,4,0.13333333333333333,0.539661649525016,1.0
22,35,30,3,0.1,0.6656721142251936,1.0
23,1,27,5,0.18518518518518517,0.4355864076411027,1.0
23,2,27,3,0.1111111111111111,0.8487701883364767,1.0
23,3,27,7,0.25925925925925924,0.07490012796886143,1.0
23,4,27,2,0.07407407407407407,0.9562557592586298,1.0
23,5,27,2,0.07407407407407407,0.9396944690811296,1.0
23,6,27,5,0.18518518518518517,0.5390142214398604,1.0
23,7,27,1,0.037037037037037035,0.9889756232823858,1.0
23,8,27,1,0.037037037037037035,0.986594357911381,1.0
23,9,27,3,0.1111111111111111,0.8064382281209332,1.0
23,10,27,3,0.1111111111111111,0.7820323231831684,1.0
23,11,27,7,0.25925925925925924,0.14586259531376433,1.0
23,12,27,4,0.14814814814814814,0.795047132929107,1.0
23,13,27,4,0.14814814814814814,0.446274687991727,1.0
23,14,27,0,0.0,1.0,1.0
23,15,27,7,0.25925925925925924,0.061422094766836535,1.0
23,16,27,4,0.14814814814814814,0.3279127955102831,1.0
23,17,27,4,0.14814814814814814,0.8164325192739358,1.0
23,18,27,3,0.1111111111111111,0.8286476016142994,1.0
23,19,27,2,0.07407407407407407,0.7067778204816669,1.0
23,20,27,6,0.2222222222222222,0.15833557160044412,1.0
23,21,27,3,0.1111111111111111,0.624634444560622,1.0
23,22,27,6,0.2222222222222222,0.297872292899983,1.0
23,23,27,2,0.07407407407407407,0.9485782184784761,1.0
23,24,27,6,0.2222222222222222,0.39319628224946007,1.0
23,25,27,5,0.18518518518518517,0.36508209945636594,1.0
23,26,27,4,0.14814814814814814,0.6287632401740049,1.0
23,27,27,6,0.2222222222222222,0.21001786925566449,1.0
23,28,27,5,0.18518518518518517,0.17007390005716921,1.0
23,29,27,4,0.14814814814814814,0.6287632401740049,1.0
23,30,27,4,0.14814814814814814,0.446274687991727,1.0
23,31,27,5,0.18518518518518517,0.17007390005716921,1.0
23,32,27,4,0.14814814814814814,0.48500676940163207,1.0
23,33,27,4,0.14814814814814814,0.446274687991727,1.0
23,34,27,2,0.07407407407407407,0.8886596111618599,1.0
23,35,27,2,0.07407407407407407,0.828385889308774,1.0
24,1,33,7,0.21212121212121213,0.2480029047358052,1.0
24,2,33,4,0.12121212121212122,0.820702420238759,1.0
24,3,33,7,0.21212121212121213,0.18559471568055572,1.0
24,4,33,3,0.09090909090909091,0.9346803099931064,1.0
24,5,33,6,0.18181818181818182,0.35379042933591803,1.0
24,6,33,3,0.09090909090909091,0.9617602116079615,1.0
24,7,33,3,0.09090909090909091,0.8919744164086784,1.0
24,8,33,4,0.12121212121212122,0.7018580426040745,1.0
24,9,33,4,0.12121212121212122,0.7667312973058614,1.0
24,10,33,4,0.12121212121212122,0.735679284305163,1.0
24,11,33,7,0.21212121212121213,0.3167031453970726,1.0
24,12,33,8,0.24242424242424243,0.25219604569459836,1.0
24,13,33,3,0.09090909090909091,0.8274712580700827,1.0
24,14,33,3,0.09090909090909091,0.6968733453733447,1.0
24,15,33,5,0.15151515151515152,0.5242965236733595,1.0
24,16,33,4,0.12121212121212122,0.4943157387659117,1.0
24,17,33,9,0.2727272727272727,0.1494194639785615,1.0
24,18,33,7,0.21212121212121213,0.21586994413852093,1.0
24,19,33,4,0.12121212121212122,0.3011447782656457,1.0
24,20,33,5,0.15151515151515152,0.5242965236733595,1.0
24,21,33,7,0.21212121212121213,0.053440808103641595,1.0
24,22,33,6,0.18181818181818182,0.5110823942927244,1.0
24,23,33,2,0.06060606060606061,0.981164380238543,1.0
24,24,33,5,0.15151515151515152,0.7949975040616584,1.0
24,25,33,5,0.15151515151515152,0.5648932128013218,1.0
24,26,33,6,0.18181818181818182,0.39319628224946007,1.0
24,27,33,2,0.06060606060606061,0.981164380238543,1.0
24,28,33,3,0.09090909090909091,0.7691895984254458,1.0
24,29,33,4,0.12121212121212122,0.795047132929107,1.0
24,30,33,5,0.15151515151515152,0.39642763705377765,1.0
24,31,33,8,0.24242424242424243,0.015885569502074967,1.0
24,32,33,2,0.06060606060606061,0.9575175363230557,1.0
24,33,33,6,0.18181818181818182,0.20616993196967823,1.0
24,34,33,2,0.06060606060606061,0.9483246097568973,1.0
24,35,33,2,0.06060606060606061,0.9087516767629984,1.0
25,1,26,3,0.11538461538461539,0.827902320624589,1.0
25,2,26,2,0.07692307692307693,0.9482938651162481,1.0
25,3,26,3,0.11538461538461539,0.7829362455882708,1.0
25,4,26,4,0.15384615384615385,0.6275707905904684,1.0
25,5,26,5,0.19230769230769232,0.3314310078329498,1.0
25,6,26,4,0.15384615384615385,0.7160963083963768,1.0
25,7,26,8,0.3076923076923077,0.014994195039239652,1.0
25,8,26,5,0.19230769230769232,0.2660172125266748,1.0
25,9,26,4,0.15384615384615385,0.560870268901696,1.0
25,10,26,4,0.15384615384615385,0.5255719210449659,1.0
25,11,26,5,0.19230769230769232,0.4667719568846704,1.0
25,12,26,1,0.038461538461538464,0.9971970803926403,1.0
25,13,26,3,0.11538461538461539,0.6671910041815561,1.0
25,14,26,2,0.07692307692307693,0.7837956773946605,1.0
25,15,26,4,0.15384615384615385,0.5255719210449659,1.0
25,16,26,1,0.038461538461538464,0.9600277692489381,1.0
25,17,26,5,0.19230769230769232,0.5959452258020203,1.0
25,18,26,3,0.11538461538461539,0.8064382281209332,1.0
25,19,26,3,0.11538461538461539,0.3866199362420634,1.0
25,20,26,4,0.15384615384615385,0.5255719210449659,1.0
25,21,26,2,0.07692307692307693,0.8342552724908195,1.0
25,22,26,6,0.23076923076923078,0.2640923601030455,1.0
25,23,26,4,0.15384615384615385,0.5949203853269708,1.0
25,24,26,6,0.23076923076923078,0.35379042933591803,1.0
25,25,26,2,0.07692307692307693,0.9298236364174114,1.0
25,26,26,4,0.15384615384615385,0.5949203853269708,1.0
25,27,26,2,0.07692307692307693,0.9396944690811296,1.0
25,28,26,5,0.19230769230769232,0.15000593656672356,1.0
25,29,26,3,0.11538461538461539,0.8064382281209332,1.0
25,30,26,4,0.15384615384615385,0.4142333902237365,1.0
25,31,26,3,0.11538461538461539,0.5960497862065042,1.0
25,32,26,1,0.038461538461538464,0.9807736854184598,1.0
25,33,26,5,0.19230769230769232,0.20487263776243506,1.0
25,34,26,7,0.2692307692307692,0.024842596037604095,1.0
25,35,26,3,0.11538461538461539,0.5573637824189763,1.0
26,1,27,1,0.037037037037037035,0.9939216430860511,1.0
26,2,27,4,0.14814814814814814,0.6609593789294885,1.0
26,3,27,4,0.14814814814814814,0.5949203853269708,1.0
26,4,27,4,0.14814814814814814,0.6609593789294885,1.0
26,5,27,6,0.2222222222222222,0.18336620468991893,1.0
26,6,27,6,0.2222222222222222,0.3291071622670142,1.0
26,7,27,3,0.1111111111111111,0.7820323231831684,1.0
26,8,27,3,0.1111111111111111,0.7553357222858904,1.0
26,9,27,3,0.1111111111111111,0.8064382281209332,1.0
26,10,27,6,0.2222222222222222,0.15833557160044412,1.0
26,11,27,4,0.14814814814814814,0.7200700999690336,1.0
26,12,27,7,0.25925925925925924,0.21586994413852093,1.0
26,13,27,6,0.2222222222222222,0.09433016046286787,1.0
26,14,27,4,0.14814814814814814,0.28898002789655347,1.0
26,15,27,3,0.1111111111111111,0.7820323231831684,1.0
26,16,27,2,0.07407407407407407,0.828385889308774,1.0
26,17,27,3,0.1111111111111111,0.9327299294233677,1.0
26,18,27,4,0.14814814814814814,0.6287632401740049,1.0
26,19,27,1,0.037037037037037035,0.9266944551204167,1.0
26,20,27,3,0.1111111111111111,0.7820323231831684,1.0
26,21,27,3,0.1111111111111111,0.624634444560622,1.0
26,22,27,1,0.037037037037037035,0.9959432918555554,1.0
26,23,27,7,0.25925925925925924,0.09008537870980948,1.0
26,24,27,6,0.2222222222222222,0.39319628224946007,1.0
26,25,27,6,0.2222222222222222,0.18336620468991893,1.0
26,26,27,3,0.1111111111111111,0.8286476016142994,1.0
26,27,27,6,0.2222222222222222,0.21001786925566449,1.0
26,28,27,0,0.0,1.0,1.0
26,29,27,6,0.2222222222222222,0.21001786925566449,1.0
26,30,27,3,0.1111111111111111,0.6948055437052848,1.0
26,31,27,2,0.07407407407407407,0.8510249387252353,1.0
26,32,27,4,0.14814814814814814,0.48500676940163207,1.0
26,33,27,5,0.18518518518518517,0.22999592805779123,1.0
26,34,27,5,0.18518518518518517,0.22999592805779123,1.0
26,35,27,1,0.037037037037037035,0.9650909184774059,1.0
27,1,28,1,0.03571428571428571,0.995063884653773,1.0
27,2,28,6,0.21428571428571427,0.2685986490489028,1.0
27,3,28,4,0.14285714285714285,0.6275707905904684,1.0
27,4,28,5,0.17857142857142858,0.47188809429158096,1.0
27,5,28,4,0.14285714285714285,0.6275707905904684,1.0
27,6,28,8,0.2857142857142857,0.08649538051682981,1.0
27,7,28,6,0.21428571428571427,0.18139613045651914,1.0
27,8,28,6,0.21428571428571427,0.1555683045377151,1.0
27,9,28,2,0.07142857142857142,0.9482938651162481,1.0
27,10,28,2,0.07142857142857142,0.9390329770784283,1.0
27,11,28,4,0.14285714285714285,0.7496385096617173,1.0
27,12,28,5,0.17857142857142858,0.6411154090711949,1.0
27,13,28,5,0.17857142857142858,0.2561235634860519,1.0
27,14,28,2,0.07142857142857142,0.8205631359617876,1.0
27,15,28,4,0.14285714285714285,0.5924088156913172,1.0
27,16,28,3,0.10714285714285714,0.6136947696748153,1.0
27,17,28,4,0.14285714285714285,0.8406286247412673,1.0
27,18,28,3,0.10714285714285714,0.8487701883364767,1.0
27,19,28,3,0.10714285714285714,0.4381548170974222,1.0
27,20,28,5,0.17857142857142858,0.3624716491263952,1.0
27,21,28,5,0.17857142857142858,0.19126032897705028,1.0
27,22,28,3,0.10714285714285714,0.8992765652323954,1.0
27,23,28,6,0.21428571428571427,0.23811675660746945,1.0
27,24,28,9,0.32142857142857145,0.04815156443562251,1.0
27,25,28,2,0.07142857142857142,0.9482938651162481,1.0
27,26,28,3,0.10714285714285714,0.8487701883364767,1.0
27,27,28,2,0.07142857142857142,0.9562557592586298,1.0
27,28,28,2,0.07142857142857142,0.8663358084906274,1.0
27,29,28,5,0.17857142857142858,0.4355864076411027,1.0
27,30,28,3,0.10714285714285714,0.7208262239007982,1.0
27,31,28,2,0.07142857142857142,0.8663358084906274,1.0
27,32,28,4,0.14285714285714285,0.5173918150995114,1.0
27,33,28,6,0.21428571428571427,0.109808805087792,1.0
27,34,28,4,0.14285714285714285,0.47796654207600614,1.0
27,35,28,2,0.07142857142857142,0.8449005908190785,1.0
28,1,20,3,0.15,0.6519836317751392,1.0
28,2,20,0,0.0,1.0,1.0
28,3,20,2,0.1,0.8342552724908195,1.0
28,4,20,2,0.1,0.8663358084906274,1.0
28,5,20,3,0.15,0.5960497862065042,1.0
28,6,20,5,0.25,0.2605636391789485,1.0
28,7,20,2,0.1,0.8159317735458722,1.0
28,8,20,3,0.15,0.5354402330854244,1.0
28,9,20,3,0.15,0.5960497862065042,1.0
28,10,20,4,0.2,0.30919891617843187,1.0
28,11,20,5,0.25,0.23660978464569116,1.0
28,12,20,2,0.1,0.9242585743560597,1.0
28,13,20,3,0.15,0.4708922373962192,1.0
28,14,20,1,0.05,0.8988649356235561,1.0
28,15,20,5,0.25,0.13113862046459518,1.0
28,16,20,2,0.1,0.6684306117278609,1.0
28,17,20,3,0.15,0.7887087702209077,1.0
28,18,20,3,0.15,0.624634444560622,1.0
28,19,20,2,0.1,0.5300878062973959,1.0
28,20,20,1,0.05,0.9615553704241379,1.0
28,21,20,2,0.1,0.6978668434781603,1.0
28,22,20,5,0.25,0.23660978464569116,1.0
28,23,20,3,0.15,0.624634444560622,1.0
28,24,20,6,0.3,0.1438515677000057,1.0
28,25,20,3,0.15,0.5960497862065042,1.0
28,26,20,2,0.1,0.8510249387252353,1.0
28,27,20,5,0.25,0.17007390005716921,1.0
28,28,20,2,0.1,0.6978668434781603,1.0
28,29,20,1,0.05,0.9710943910959412,1.0
28,30,20,2,0.1,0.7507155860006287,1.0
28,31,20,4,0.2,0.17479135841888435,1.0
28,32,20,3,0.15,0.5035988625577735,1.0
28,33,20,3,0.15,0.4708922373962192,1.0
28,34,20,2,0.1,0.7507155860006287,1.0
28,35,20,3,0.15,0.36919755084172456,1.0
29,1,27,6,0.2222222222222222,0.23811675660746945,1.0
29,2,27,7,0.25925925925925924,0.10698861563237964,1.0
29,3,27,4,0.14814814814814814,0.5949203853269708,1.0
29,4,27,3,0.1111111111111111,0.8487701883364767,1.0
29,5,27,5,0.18518518518518517,0.36508209945636594,1.0
29,6,27,3,0.1111111111111111,0.8978529224930497,1.0
29,7,27,2,0.07407407407407407,0.9294439890072684,1.0
29,8,27,5,0.18518518518518517,0.29577650238265124,1.0
29,9,27,3,0.1111111111111111,0.8064382281209332,1.0
29,10,27,5,0.18518518518518517,0.33013673507820307,1.0
29,11,27,3,0.1111111111111111,0.8832439164212513,1.0
29,12,27,8,0.2962962962962963,0.09909406294351222,1.0
29,13,27,4,0.14814814814814814,0.446274687991727,1.0
29,14,27,5,0.18518518518518517,0.11810843670296257,1.0
29,15,27,4,0.14814814814814814,0.5595606490391855,1.0
29,16,27,4,0.14814814814814814,0.3279127955102831,1.0
29,17,27,5,0.18518518518518517,0.6346567353428909,1.0
29,18,27,3,0.1111111111111111,0.8286476016142994,1.0
29,19,27,4,0.14814814814814814,0.17975848022243884,1.0
29,20,27,0,0.0,1.0,1.0
29,21,27,3,0.1111111111111111,0.624634444560622,1.0
29,22,27,4,0.14814814814814814,0.7200700999690336,1.0
29,23,27,3,0.1111111111111111,0.8286476016142994,1.0
29,24,27,4,0.14814814814814814,0.795047132929107,1.0
29,25,27,4,0.14814814814814814,0.5949203853269708,1.0
29,26,27,2,0.07407407407407407,0.9485782184784761,1.0
29,27,27,5,0.18518518518518517,0.40032396995652536,1.0
29,28,27,4,0.14814814814814814,0.3673725193735615,1.0
29,29,27,4,0.14814814814814814,0.6287632401740049,1.0
29,30,27,1,0.037037037037037035,0.9802609836962854,1.0
29,31,27,4,0.14814814814814814,0.3673725193735615,1.0
29,32,27,5,0.18518518518518517,0.2622973012946777,1.0
29,33,27,3,0.1111111111111111,0.6948055437052848,1.0
29,34,27,4,0.14814814814814814,0.446274687991727,1.0
29,35,27,2,0.07407407407407407,0.828385889308774,1.0
30,1,22,2,0.09090909090909091,0.901569871720403,1.0
30,2,22,0,0.0,1.0,1.0
30,3,22,1,0.045454545454545456,0.9768683402690844,1.0
30,4,22,1,0.045454545454545456,0.9831754693250218,1.0
30,5,22,3,0.13636363636363635,0.6671910041815561,1.0
30,6,22,3,0.13636363636363635,0.7893841411748442,1.0
30,7,22,1,0.045454545454545456,0.9729234060514089,1.0
30,8,22,3,0.13636363636363635,0.6072860419669998,1.0
30,9,22,6,0.2727272727272727,0.08020067088322394,1.0
30,10,22,4,0.18181818181818182,0.3820240436912286,1.0
30,11,22,4,0.18181818181818182,0.539661649525016,1.0
30,12,22,4,0.18181818181818182,0.6260490052587252,1.0
30,13,22,1,0.045454545454545456,0.9568618821483751,1.0
30,14,22,4,0.18181818181818182,0.16982477994936437,1.0
30,15,22,2,0.09090909090909091,0.8583685854996774,1.0
30,16,22,3,0.13636363636363635,0.43412712590074937,1.0
30,17,22,7,0.3181818181818182,0.10061903730763704,1.0
30,18,22,5,0.22727272727272727,0.22999592805779123,1.0
30,19,22,2,0.09090909090909091,0.5862448011625326,1.0
30,20,22,4,0.18181818181818182,0.3820240436912286,1.0
30,21,22,1,0.045454545454545456,0.9414723549740607,1.0
30,22,22,5,0.22727272727272727,0.3107828346036099,1.0
30,23,22,3,0.13636363636363635,0.6948055437052848,1.0
30,24,22,5,0.22727272727272727,0.39642763705377765,1.0
30,25,22,7,0.3181818181818182,0.024842596037604095,1.0
30,26,22,1,0.045454545454545456,0.9802609836962854,1.0
30,27,22,2,0.09090909090909091,0.8886596111618599,1.0
30,28,22,3,0.13636363636363635,0.4708922373962192,1.0
30,29,22,5,0.22727272727272727,0.22999592805779123,1.0
30,30,22,0,0.0,1.0,1.0
30,31,22,4,0.18181818181818182,0.22579149409308685,1.0
30,32,22,5,0.22727272727272727,0.13690953099740794,1.0
30,33,22,2,0.09090909090909091,0.7998780547785519,1.0
30,34,22,4,0.18181818181818182,0.2864263905494745,1.0
30,35,22,3,0.13636363636363635,0.43412712590074937,1.0
31,1,20,4,0.2,0.3967245511063134,1.0
31,2,20,2,0.1,0.8663358084906274,1.0
31,3,20,3,0.15,0.5960497862065042,1.0
31,4,20,3,0.15,0.6519836317751392,1.0
31,5,20,3,0.15,0.5960497862065042,1.0
31,6,20,7,0.35,0.03835963895899212,1.0
31,7,20,3,0.15,0.5662913217545597,1.0
31,8,20,3,0.15,0.5354402330854244,1.0
31,9,20,2,0.1,0.8342552724908195,1.0
31,10,20,1,0.05,0.9615553704241379,1.0
31,11,20,4,0.2,0.4551887072616641,1.0
31,12,20,3,0.15,0.7691895984254458,1.0
31,13,20,3,0.15,0.4708922373962192,1.0
31,14,20,1,0.05,0.8988649356235561,1.0
31,15,20,1,0.05,0.9615553704241379,1.0
31,16,20,1,0.05,0.9116668425066502,1.0
31,17,20,4,0.2,0.5674914898723395,1.0
31,18,20,3,0.15,0.624634444560622,1.0
31,19,20,1,0.05,0.8490327341498421,1.0
31,20,20,2,0.1,0.8159317735458722,1.0
31,21,20,3,0.15,0.40350452597516695,1.0
31,22,20,6,0.3,0.09778714066363811,1.0
31,23,20,2,0.1,0.8510249387252353,1.0
31,24,20,1,0.05,0.9880204888012135,1.0
31,25,20,4,0.2,0.33814309428965156,1.0
31,26,20,4,0.2,0.3673725193735615,1.0
31,27,20,3,0.15,0.624634444560622,1.0
31,28,20,3,0.15,0.40350452597516695,1.0
31,29,20,5,0.25,0.17007390005716921,1.0
31,30,20,3,0.15,0.4708922373962192,1.0
31,31,20,2,0.1,0.6978668434781603,1.0
31,32,20,3,0.15,0.5035988625577735,1.0
31,33,20,2,0.1,0.7507155860006287,1.0
31,34,20,2,0.1,0.7507155860006287,1.0
31,35,20,3,0.15,0.36919755084172456,1.0
32,1,23,3,0.13043478260869565,0.7513413852209913,1.0
32,2,23,5,0.21739130434782608,0.2906964952143565,1.0
32,3,23,4,0.17391304347826086,0.45201277412652774,1.0
32,4,23,4,0.17391304347826086,0.5173918150995114,1.0
32,5,23,3,0.13043478260869565,0.6994677386898104,1.0
32,6,23,4,0.17391304347826086,0.6093882696837976,1.0
32,7,23,4,0.17391304347826086,0.4185925499048278,1.0
32,8,23,3,0.13043478260869565,0.6406365196338023,1.0
32,9,23,1,0.043478260869565216,0.9807736854184598,1.0
32,10,23,4,0.17391304347826086,0.4185925499048278,1.0
32,11,23,5,0.21739130434782608,0.34942471244748363,1.0
32,12,23,6,0.2608695652173913,0.240762241984969,1.0
32,13,23,3,0.13043478260869565,0.5751057564990325,1.0
32,14,23,0,0.0,1.0,1.0
32,15,23,4,0.17391304347826086,0.4185925499048278,1.0
32,16,23,2,0.08695652173913043,0.7471853470943022,1.0
32,17,23,7,0.30434782608695654,0.1239224815836721,1.0
32,18,23,6,0.2608695652173913,0.11371098440499977,1.0
32,19,23,2,0.08695652173913043,0.6126547074713071,1.0
32,20,23,5,0.21739130434782608,0.20832363917663232,1.0
32,21,23,2,0.08695652173913043,0.7742505120428054,1.0
32,22,23,4,0.17391304347826086,0.5797115310150229,1.0
32,23,23,3,0.13043478260869565,0.7262753598508327,1.0
32,24,23,4,0.17391304347826086,0.665287106455743,1.0
32,25,23,5,0.21739130434782608,0.2347813166854781,1.0
32,26,23,3,0.13043478260869565,0.7262753598508327,1.0
32,27,23,3,0.13043478260869565,0.7262753598508327,1.0
32,28,23,1,0.043478260869565216,0.9490733478345723,1.0
32,29,23,4,0.17391304347826086,0.48500676940163207,1.0
32,30,23,0,0.0,1.0,1.0
32,31,23,1,0.043478260869565216,0.9490733478345723,1.0
32,32,23,4,0.17391304347826086,0.35130649847180523,1.0
32,33,23,3,0.13043478260869565,0.5751057564990325,1.0
32,34,23,1,0.043478260869565216,0.963024470412893,1.0
32,35,23,2,0.08695652173913043,0.7471853470943022,1.0
33,1,22,2,0.09090909090909091,0.901569871720403,1.0
33,2,22,1,0.045454545454545456,0.9831754693250218,1.0
33,3,22,2,0.09090909090909091,0.874300050609521,1.0
33,4,22,5,0.22727272727272727,0.2561235634860519,1.0
33,5,22,3,0.13636363636363635,0.6671910041815561,1.0
33,6,22,4,0.18181818181818182,0.5693891871302317,1.0
33,7,22,2,0.09090909090909091,0.8583685854996774,1.0
33,8,22,5,0.22727272727272727,0.15820295371999327,1.0
33,9,22,3,0.13636363636363635,0.6671910041815561,1.0
33,10,22,2,0.09090909090909091,0.8583685854996774,1.0
33,11,22,4,0.18181818181818182,0.539661649525016,1.0
33,12,22,4,0.18181818181818182,0.6260490052587252,1.0
33,13,22,2,0.09090909090909091,0.7998780547785519,1.0
33,14,22,2,0.09090909090909091,0.6923536590097205,1.0
33,15,22,2,0.09090909090909091,0.8583685854996774,1.0
33,16,22,2,0.09090909090909091,0.7227332511401877,1.0
33,17,22,7,0.3181818181818182,0.10061903730763704,1.0
33,18,22,0,0.0,1.0,1.0
33,19,22,3,0.13636363636363635,0.2833737479619057,1.0
33,20,22,5,0.22727272727272727,0.1808972595164329,1.0
33,21,22,3,0.13636363636363635,0.4708922373962192,1.0
33,22,22,4,0.18181818181818182,0.539661649525016,1.0
33,23,22,2,0.09090909090909091,0.8886596111618599,1.0
33,24,22,1,0.045454545454545456,0.9925655688565347,1.0
33,25,22,7,0.3181818181818182,0.024842596037604095,1.0
33,26,22,5,0.22727272727272727,0.22999592805779123,1.0
33,27,22,3,0.13636363636363635,0.6948055437052848,1.0
33,28,22,3,0.13636363636363635,0.4708922373962192,1.0
33,29,22,3,0.13636363636363635,0.6948055437052848,1.0
33,30,22,3,0.13636363636363635,0.5415576522782086,1.0
33,31,22,4,0.18181818181818182,0.22579149409308685,1.0
33,32,22,0,0.0,1.0,1.0
33,33,22,5,0.22727272727272727,0.11712053488022266,1.0
33,34,22,5,0.22727272727272727,0.11712053488022266,1.0
33,35,22,2,0.09090909090909091,0.7227332511401877,1.0
34,1,22,2,0.09090909090909091,0.901569871720403,1.0
34,2,22,3,0.13636363636363635,0.7208262239007982,1.0
34,3,22,5,0.22727272727272727,0.20487263776243506,1.0
34,4,22,8,0.36363636363636365,0.010264438903442778,1.0
34,5,22,4,0.18181818181818182,0.4142333902237365,1.0
34,6,22,3,0.13636363636363635,0.7893841411748442,1.0
34,7,22,6,0.2727272727272727,0.06742573053423476,1.0
34,8,22,3,0.13636363636363635,0.6072860419669998,1.0
34,9,22,2,0.09090909090909091,0.874300050609521,1.0
34,10,22,3,0.13636363636363635,0.638003587186423,1.0
34,11,22,3,0.13636363636363635,0.7680943069124624,1.0
34,12,22,1,0.045454545454545456,0.9925655688565347,1.0
34,13,22,1,0.045454545454545456,0.9568618821483751,1.0
34,14,22,0,0.0,1.0,1.0
34,15,22,2,0.09090909090909091,0.8583685854996774,1.0
34,16,22,1,0.045454545454545456,0.9319345165253891,1.0
34,17,22,3,0.13636363636363635,0.8443738247395673,1.0
34,18,22,3,0.13636363636363635,0.6948055437052848,1.0
34,19,22,1,0.045454545454545456,0.8767537705590522,1.0
34,20,22,3,0.13636363636363635,0.638003587186423,1.0
34,21,22,2,0.09090909090909091,0.7507155860006287,1.0
34,22,22,1,0.045454545454545456,0.987820079144562,1.0
34,23,22,5,0.22727272727272727,0.22999592805779123,1.0
34,24,22,4,0.18181818181818182,0.6260490052587252,1.0
34,25,22,4,0.18181818181818182,0.4142333902237365,1.0
34,26,22,2,0.09090909090909091,0.8886596111618599,1.0
34,27,22,4,0.18181818181818182,0.446274687991727,1.0
34,28,22,4,0.18181818181818182,0.22579149409308685,1.0
34,29,22,1,0.045454545454545456,0.9802609836962854,1.0
34,30,22,8,0.36363636363636365,0.0017353651179465917,1.0
34,31,22,1,0.045454545454545456,0.9414723549740607,1.0
34,32,22,3,0.13636363636363635,0.5751057564990325,1.0
34,33,22,6,0.2727272727272727,0.037040100957831994,1.0
34,34,22,4,0.18181818181818182,0.2864263905494745,1.0
34,35,22,4,0.18181818181818182,0.19710760275724926,1.0
35,1,19,3,0.15789473684210525,0.6136947696748153,1.0
35,2,19,4,0.21052631578947367,0.35563170668046074,1.0
35,3,19,4,0.21052631578947367,0.30051566274506597,1.0
35,4,19,2,0.10526315789473684,0.8449005908190785,1.0
35,5,19,4,0.21052631578947367,0.30051566274506597,1.0
35,6,19,5,0.2631578947368421,0.22343516465239963,1.0
35,7,19,4,0.21052631578947367,0.2735868570356645,1.0
35,8,19,3,0.15789473684210525,0.4972305884522434,1.0
35,9,19,0,0.0,1.0,1.0
35,10,19,1,0.05263157894736842,0.9542741905802246,1.0
35,11,19,4,0.21052631578947367,0.41147292273846947,1.0
35,12,19,5,0.2631578947368421,0.26881215328498037,1.0
35,13,19,1,0.05263157894736842,0.9319345165253891,1.0
35,14,19,2,0.10526315789473684,0.6067166052608931,1.0
35,15,19,4,0.21052631578947367,0.2735868570356645,1.0
35,16,19,2,0.10526315789473684,0.6385073056392473,1.0
35,17,19,4,0.21052631578947367,0.52122898719627,1.0
35,18,19,5,0.2631578947368421,0.1429821493450676,1.0
35,19,19,0,0.0,1.0,1.0
35,20,19,3,0.15789473684210525,0.5277274609181405,1.0
35,21,19,2,0.10526315789473684,0.6684306117278609,1.0
35,22,19,6,0.3157894736842105,0.07806801509800558,1.0
35,23,19,4,0.21052631578947367,0.3279127955102831,1.0
35,24,19,5,0.2631578947368421,0.26881215328498037,1.0
35,25,19,0,0.0,1.0,1.0
35,26,19,2,0.10526315789473684,0.828385889308774,1.0
35,27,19,3,0.15789473684210525,0.586045155782563,1.0
35,28,19,3,0.15789473684210525,0.36919755084172456,1.0
35,29,19,3,0.15789473684210525,0.586045155782563,1.0
35,30,19,4,0.21052631578947367,0.19710760275724926,1.0
35,31,19,0,0.0,1.0,1.0
35,32,19,0,0.0,1.0,1.0
35,33,19,0,0.0,1.0,1.0
35,34,19,2,0.10526315789473684,0.7227332511401877,1.0
35,35,19,1,0.05263157894736842,0.8995050309677107,1.0
