a,b,count,expected,lift,p,holm_p,first_half,second_half,last50,last100,gap
1,2,6,2.9747899159663866,2.016949152542373,0.07969362980009884,1.0,2,4,3,4,9
1,3,3,2.9747899159663866,1.0084745762711864,0.5730053573773617,1.0,2,1,0,1,55
1,4,0,2.9747899159663866,0.0,1.0000000000000924,1.0,0,0,0,0,
1,5,5,2.9747899159663866,1.6807909604519773,0.17906107418340508,1.0,1,4,3,4,0
1,6,3,2.9747899159663866,1.0084745762711864,0.5730053573773617,1.0,1,2,1,2,10
1,7,5,2.9747899159663866,1.6807909604519773,0.17906107418340508,1.0,2,3,1,3,29
1,8,3,2.9747899159663866,1.0084745762711864,0.5730053573773617,1.0,1,2,1,2,0
1,9,5,2.9747899159663866,1.6807909604519773,0.17906107418340508,1.0,1,4,1,4,7
1,10,4,2.9747899159663866,1.344632768361582,0.34706672436906144,1.0,2,2,2,2,12
1,11,2,2.9747899159663866,0.672316384180791,0.7995895293371107,1.0,1,1,0,1,60
1,12,3,2.9747899159663866,1.0084745762711864,0.5730053573773617,1.0,3,0,0,0,122
1,13,3,2.9747899159663866,1.0084745762711864,0.5730053573773617,1.0,2,1,1,1,10
1,14,3,2.9747899159663866,1.0084745762711864,0.5730053573773617,1.0,0,3,1,3,0
1,15,4,2.9747899159663866,1.344632768361582,0.34706672436906144,1.0,3,1,0,1,55
1,16,3,2.9747899159663866,1.0084745762711864,0.5730053573773617,1.0,1,2,2,2,10
1,17,6,2.9747899159663866,2.016949152542373,0.07969362980009884,1.0,2,4,1,4,10
1,18,4,2.9747899159663866,1.344632768361582,0.34706672436906144,1.0,2,2,2,3,0
1,19,1,2.9747899159663866,0.3361581920903955,0.9502165072876384,1.0,1,0,0,0,137
1,20,3,2.9747899159663866,1.0084745762711864,0.5730053573773617,1.0,1,2,0,2,60
1,21,4,2.9747899159663866,1.344632768361582,0.34706672436906144,1.0,3,1,1,1,5
1,22,3,2.9747899159663866,1.0084745762711864,0.5730053573773617,1.0,0,3,1,3,5
1,23,4,2.9747899159663866,1.344632768361582,0.34706672436906144,1.0,2,2,1,2,5
1,24,3,2.9747899159663866,1.0084745762711864,0.5730053573773617,1.0,1,2,1,2,29
1,25,3,2.9747899159663866,1.0084745762711864,0.5730053573773617,1.0,0,3,1,3,9
1,26,4,2.9747899159663866,1.344632768361582,0.34706672436906144,1.0,2,2,0,2,52
1,27,5,2.9747899159663866,1.6807909604519773,0.17906107418340508,1.0,1,4,2,5,7
1,28,2,2.9747899159663866,0.672316384180791,0.7995895293371107,1.0,1,1,0,1,52
1,29,3,2.9747899159663866,1.0084745762711864,0.5730053573773617,1.0,2,1,1,1,9
1,30,3,2.9747899159663866,1.0084745762711864,0.5730053573773617,1.0,1,2,2,3,9
1,31,1,2.9747899159663866,0.3361581920903955,0.9502165072876384,1.0,0,1,0,1,55
1,32,2,2.9747899159663866,0.672316384180791,0.7995895293371107,1.0,1,1,1,1,7
1,33,2,2.9747899159663866,0.672316384180791,0.7995895293371107,1.0,2,0,0,0,122
1,34,3,2.9747899159663866,1.0084745762711864,0.5730053573773617,1.0,2,1,0,2,87
1,35,4,2.9747899159663866,1.344632768361582,0.34706672436906144,1.0,2,2,2,2,5
2,3,5,2.9747899159663866,1.6807909604519773,0.17906107418340508,1.0,3,2,1,2,4
2,4,3,2.9747899159663866,1.0084745762711864,0.5730053573773617,1.0,3,0,0,1,90
2,5,4,2.9747899159663866,1.344632768361582,0.34706672436906144,1.0,3,1,1,1,34
2,6,4,2.9747899159663866,1.344632768361582,0.34706672436906144,1.0,2,2,1,3,44
2,7,2,2.9747899159663866,0.672316384180791,0.7995895293371107,1.0,1,1,0,1,82
2,8,3,2.9747899159663866,1.0084745762711864,0.5730053573773617,1.0,1,2,0,2,68
2,9,3,2.9747899159663866,1.0084745762711864,0.5730053573773617,1.0,1,2,0,2,58
2,10,8,2.9747899159663866,2.689265536723164,0.010667461052195423,1.0,6,2,2,3,12
2,11,4,2.9747899159663866,1.344632768361582,0.34706672436906144,1.0,3,1,0,2,61
2,12,5,2.9747899159663866,1.6807909604519773,0.17906107418340508,1.0,4,1,0,1,58
2,13,1,2.9747899159663866,0.3361581920903955,0.9502165072876384,1.0,1,0,0,0,116
2,14,2,2.9747899159663866,0.672316384180791,0.7995895293371107,1.0,2,0,0,0,101
2,15,2,2.9747899159663866,0.672316384180791,0.7995895293371107,1.0,1,1,1,1,4
2,16,3,2.9747899159663866,1.0084745762711864,0.5730053573773617,1.0,2,1,0,1,61
2,17,3,2.9747899159663866,1.0084745762711864,0.5730053573773617,1.0,1,2,0,2,68
2,18,3,2.9747899159663866,1.0084745762711864,0.5730053573773617,1.0,0,3,2,3,15
2,19,3,2.9747899159663866,1.0084745762711864,0.5730053573773617,1.0,1,2,0,2,68
2,20,3,2.9747899159663866,1.0084745762711864,0.5730053573773617,1.0,1,2,1,2,15
2,21,2,2.9747899159663866,0.672316384180791,0.7995895293371107,1.0,1,1,0,1,76
2,22,3,2.9747899159663866,1.0084745762711864,0.5730053573773617,1.0,2,1,0,1,61
2,23,6,2.9747899159663866,2.016949152542373,0.07969362980009884,1.0,3,3,2,3,4
2,24,6,2.9747899159663866,2.016949152542373,0.07969362980009884,1.0,1,5,2,5,4
2,25,4,2.9747899159663866,1.344632768361582,0.34706672436906144,1.0,1,3,3,3,9
2,26,1,2.9747899159663866,0.3361581920903955,0.9502165072876384,1.0,1,0,0,0,131
2,27,3,2.9747899159663866,1.0084745762711864,0.5730053573773617,1.0,1,2,2,2,12
2,28,3,2.9747899159663866,1.0084745762711864,0.5730053573773617,1.0,2,1,0,1,79
2,29,7,2.9747899159663866,2.353107344632768,0.031000751070957604,1.0,2,5,2,5,9
2,30,4,2.9747899159663866,1.344632768361582,0.34706672436906144,1.0,1,3,2,3,9
2,31,1,2.9747899159663866,0.3361581920903955,0.9502165072876384,1.0,1,0,0,0,151
2,32,2,2.9747899159663866,0.672316384180791,0.7995895293371107,1.0,1,1,1,1,15
2,33,2,2.9747899159663866,0.672316384180791,0.7995895293371107,1.0,1,1,1,1,44
2,34,1,2.9747899159663866,0.3361581920903955,0.9502165072876384,1.0,0,1,1,1,44
2,35,0,2.9747899159663866,0.0,1.0000000000000924,1.0,0,0,0,0,
3,4,5,2.9747899159663866,1.6807909604519773,0.17906107418340508,1.0,2,3,1,3,40
3,5,1,2.9747899159663866,0.3361581920903955,0.9502165072876384,1.0,1,0,0,0,155
3,6,3,2.9747899159663866,1.0084745762711864,0.5730053573773617,1.0,3,0,0,0,113
3,7,6,2.9747899159663866,2.016949152542373,0.07969362980009884,1.0,3,3,1,4,46
3,8,0,2.9747899159663866,0.0,1.0000000000000924,1.0,0,0,0,0,
3,9,2,2.9747899159663866,0.672316384180791,0.7995895293371107,1.0,2,0,0,0,144
3,10,2,2.9747899159663866,0.672316384180791,0.7995895293371107,1.0,2,0,0,0,154
3,11,3,2.9747899159663866,1.0084745762711864,0.5730053573773617,1.0,1,2,2,2,24
3,12,4,2.9747899159663866,1.344632768361582,0.34706672436906144,1.0,3,1,0,1,50
3,13,3,2.9747899159663866,1.0084745762711864,0.5730053573773617,1.0,2,1,0,1,72
3,14,2,2.9747899159663866,0.672316384180791,0.7995895293371107,1.0,1,1,1,1,46
3,15,5,2.9747899159663866,1.6807909604519773,0.17906107418340508,1.0,3,2,1,2,4
3,16,2,2.9747899159663866,0.672316384180791,0.7995895293371107,1.0,1,1,0,1,69
3,17,6,2.9747899159663866,2.016949152542373,0.07969362980009884,1.0,3,3,1,3,40
3,18,2,2.9747899159663866,0.672316384180791,0.7995895293371107,1.0,1,1,1,1,46
3,19,3,2.9747899159663866,1.0084745762711864,0.5730053573773617,1.0,2,1,0,2,76
3,20,3,2.9747899159663866,1.0084745762711864,0.5730053573773617,1.0,0,3,0,3,50
3,21,3,2.9747899159663866,1.0084745762711864,0.5730053573773617,1.0,1,2,1,2,40
3,22,1,2.9747899159663866,0.3361581920903955,0.9502165072876384,1.0,1,0,0,0,155
3,23,4,2.9747899159663866,1.344632768361582,0.34706672436906144,1.0,1,3,2,3,4
3,24,4,2.9747899159663866,1.344632768361582,0.34706672436906144,1.0,2,2,1,2,4
3,25,1,2.9747899159663866,0.3361581920903955,0.9502165072876384,1.0,1,0,0,0,165
3,26,2,2.9747899159663866,0.672316384180791,0.7995895293371107,1.0,1,1,0,1,55
3,27,1,2.9747899159663866,0.3361581920903955,0.9502165072876384,1.0,0,1,1,1,45
3,28,5,2.9747899159663866,1.6807909604519773,0.17906107418340508,1.0,3,2,1,3,24
3,29,2,2.9747899159663866,0.672316384180791,0.7995895293371107,1.0,0,2,2,2,31
3,30,4,2.9747899159663866,1.344632768361582,0.34706672436906144,1.0,2,2,1,2,31
3,31,3,2.9747899159663866,1.0084745762711864,0.5730053573773617,1.0,1,2,1,2,31
3,32,2,2.9747899159663866,0.672316384180791,0.7995895293371107,1.0,2,0,0,0,104
3,33,7,2.9747899159663866,2.353107344632768,0.031000751070957604,1.0,3,4,4,4,24
3,34,4,2.9747899159663866,1.344632768361582,0.34706672436906144,1.0,2,2,1,3,24
3,35,1,2.9747899159663866,0.3361581920903955,0.9502165072876384,1.0,1,0,0,0,109
4,5,4,2.9747899159663866,1.344632768361582,0.34706672436906144,1.0,1,3,2,4,17
4,6,6,2.9747899159663866,2.016949152542373,0.07969362980009884,1.0,4,2,2,3,19
4,7,4,2.9747899159663866,1.344632768361582,0.34706672436906144,1.0,2,2,1,3,17
4,8,2,2.9747899159663866,0.672316384180791,0.7995895293371107,1.0,2,0,0,1,92
4,9,4,2.9747899159663866,1.344632768361582,0.34706672436906144,1.0,2,2,2,3,16
4,10,4,2.9747899159663866,1.344632768361582,0.34706672436906144,1.0,4,0,0,2,89
4,11,4,2.9747899159663866,1.344632768361582,0.34706672436906144,1.0,3,1,1,2,17
4,12,5,2.9747899159663866,1.6807909604519773,0.17906107418340508,1.0,3,2,2,2,16
4,13,1,2.9747899159663866,0.3361581920903955,0.9502165072876384,1.0,0,1,1,1,33
4,14,2,2.9747899159663866,0.672316384180791,0.7995895293371107,1.0,1,1,1,1,16
4,15,3,2.9747899159663866,1.0084745762711864,0.5730053573773617,1.0,1,2,2,2,27
4,16,3,2.9747899159663866,1.0084745762711864,0.5730053573773617,1.0,1,2,1,2,27
4,17,6,2.9747899159663866,2.016949152542373,0.07969362980009884,1.0,5,1,1,2,40
4,18,3,2.9747899159663866,1.0084745762711864,0.5730053573773617,1.0,1,2,2,2,17
4,19,2,2.9747899159663866,0.672316384180791,0.7995895293371107,1.0,2,0,0,1,92
4,20,4,2.9747899159663866,1.344632768361582,0.34706672436906144,1.0,3,1,0,3,69
4,21,1,2.9747899159663866,0.3361581920903955,0.9502165072876384,1.0,0,1,1,1,40
4,22,3,2.9747899159663866,1.0084745762711864,0.5730053573773617,1.0,2,1,1,1,19
4,23,4,2.9747899159663866,1.344632768361582,0.34706672436906144,1.0,2,2,1,2,42
4,24,4,2.9747899159663866,1.344632768361582,0.34706672436906144,1.0,2,2,1,2,33
4,25,2,2.9747899159663866,0.672316384180791,0.7995895293371107,1.0,1,1,0,1,86
4,26,1,2.9747899159663866,0.3361581920903955,0.9502165072876384,1.0,0,1,1,1,35
4,27,3,2.9747899159663866,1.0084745762711864,0.5730053573773617,1.0,1,2,2,2,19
4,28,4,2.9747899159663866,1.344632768361582,0.34706672436906144,1.0,3,1,0,1,86
4,29,0,2.9747899159663866,0.0,1.0000000000000924,1.0,0,0,0,0,
4,30,8,2.9747899159663866,2.689265536723164,0.010667461052195423,1.0,5,3,2,4,27
4,31,3,2.9747899159663866,1.0084745762711864,0.5730053573773617,1.0,3,0,0,0,106
4,32,5,2.9747899159663866,1.6807909604519773,0.17906107418340508,1.0,3,2,2,3,16
4,33,3,2.9747899159663866,1.0084745762711864,0.5730053573773617,1.0,2,1,1,1,40
4,34,4,2.9747899159663866,1.344632768361582,0.34706672436906144,1.0,2,2,1,3,19
4,35,2,2.9747899159663866,0.672316384180791,0.7995895293371107,1.0,2,0,0,0,109
5,6,0,2.9747899159663866,0.0,1.0000000000000924,1.0,0,0,0,0,
5,7,5,2.9747899159663866,1.6807909604519773,0.17906107418340508,1.0,1,4,2,4,17
5,8,6,2.9747899159663866,2.016949152542373,0.07969362980009884,1.0,1,5,3,6,0
5,9,1,2.9747899159663866,0.3361581920903955,0.9502165072876384,1.0,0,1,1,1,26
5,10,4,2.9747899159663866,1.344632768361582,0.34706672436906144,1.0,2,2,2,2,32
5,11,5,2.9747899159663866,1.6807909604519773,0.17906107418340508,1.0,3,2,1,3,17
5,12,6,2.9747899159663866,2.016949152542373,0.07969362980009884,1.0,2,4,3,4,26
5,13,6,2.9747899159663866,2.016949152542373,0.07969362980009884,1.0,2,4,3,4,33
5,14,3,2.9747899159663866,1.0084745762711864,0.5730053573773617,1.0,2,1,1,2,0
5,15,0,2.9747899159663866,0.0,1.0000000000000924,1.0,0,0,0,0,
5,16,1,2.9747899159663866,0.3361581920903955,0.9502165072876384,1.0,0,1,1,1,29
5,17,2,2.9747899159663866,0.672316384180791,0.7995895293371107,1.0,1,1,0,1,57
5,18,5,2.9747899159663866,1.6807909604519773,0.17906107418340508,1.0,1,4,4,5,0
5,19,2,2.9747899159663866,0.672316384180791,0.7995895293371107,1.0,2,0,0,1,92
5,20,5,2.9747899159663866,1.6807909604519773,0.17906107418340508,1.0,4,1,1,3,2
5,21,3,2.9747899159663866,1.0084745762711864,0.5730053573773617,1.0,2,1,0,1,54
5,22,3,2.9747899159663866,1.0084745762711864,0.5730053573773617,1.0,2,1,1,2,47
5,23,4,2.9747899159663866,1.344632768361582,0.34706672436906144,1.0,2,2,1,3,26
5,24,5,2.9747899159663866,1.6807909604519773,0.17906107418340508,1.0,1,4,3,5,29
5,25,5,2.9747899159663866,1.6807909604519773,0.17906107418340508,1.0,3,2,0,4,54
5,26,4,2.9747899159663866,1.344632768361582,0.34706672436906144,1.0,0,4,3,4,2
5,27,3,2.9747899159663866,1.0084745762711864,0.5730053573773617,1.0,2,1,0,1,73
5,28,3,2.9747899159663866,1.0084745762711864,0.5730053573773617,1.0,0,3,2,3,2
5,29,1,2.9747899159663866,0.3361581920903955,0.9502165072876384,1.0,1,0,0,1,96
5,30,1,2.9747899159663866,0.3361581920903955,0.9502165072876384,1.0,0,1,0,1,54
5,31,4,2.9747899159663866,1.344632768361582,0.34706672436906144,1.0,1,3,1,3,47
5,32,2,2.9747899159663866,0.672316384180791,0.7995895293371107,1.0,0,2,1,2,49
5,33,3,2.9747899159663866,1.0084745762711864,0.5730053573773617,1.0,2,1,0,3,54
5,34,0,2.9747899159663866,0.0,1.0000000000000924,1.0,0,0,0,0,
5,35,2,2.9747899159663866,0.672316384180791,0.7995895293371107,1.0,1,1,0,1,80
6,7,4,2.9747899159663866,1.344632768361582,0.34706672436906144,1.0,1,3,0,3,74
6,8,3,2.9747899159663866,1.0084745762711864,0.5730053573773617,1.0,1,2,1,2,23
6,9,1,2.9747899159663866,0.3361581920903955,0.9502165072876384,1.0,0,1,0,1,87
6,10,3,2.9747899159663866,1.0084745762711864,0.5730053573773617,1.0,3,0,0,1,90
6,11,5,2.9747899159663866,1.6807909604519773,0.17906107418340508,1.0,4,1,1,2,6
6,12,7,2.9747899159663866,2.353107344632768,0.031000751070957604,1.0,4,3,2,3,6
6,13,6,2.9747899159663866,2.016949152542373,0.07969362980009884,1.0,3,3,1,3,10
6,14,1,2.9747899159663866,0.3361581920903955,0.9502165072876384,1.0,0,1,1,1,28
6,15,5,2.9747899159663866,1.6807909604519773,0.17906107418340508,1.0,3,2,1,2,6
6,16,3,2.9747899159663866,1.0084745762711864,0.5730053573773617,1.0,0,3,2,3,10
6,17,7,2.9747899159663866,2.353107344632768,0.031000751070957604,1.0,4,3,1,3,10
6,18,2,2.9747899159663866,0.672316384180791,0.7995895293371107,1.0,1,1,1,1,28
6,19,1,2.9747899159663866,0.3361581920903955,0.9502165072876384,1.0,0,1,1,1,11
6,20,1,2.9747899159663866,0.3361581920903955,0.9502165072876384,1.0,1,0,0,0,106
6,21,3,2.9747899159663866,1.0084745762711864,0.5730053573773617,1.0,2,1,1,1,28
6,22,8,2.9747899159663866,2.689265536723164,0.010667461052195423,1.0,5,3,2,3,6
6,23,4,2.9747899159663866,1.344632768361582,0.34706672436906144,1.0,2,2,2,2,11
6,24,5,2.9747899159663866,1.6807909604519773,0.17906107418340508,1.0,4,1,1,1,11
6,25,4,2.9747899159663866,1.344632768361582,0.34706672436906144,1.0,3,1,1,1,44
6,26,4,2.9747899159663866,1.344632768361582,0.34706672436906144,1.0,4,0,0,0,102
6,27,5,2.9747899159663866,1.6807909604519773,0.17906107418340508,1.0,1,4,3,4,19
6,28,1,2.9747899159663866,0.3361581920903955,0.9502165072876384,1.0,1,0,0,0,162
6,29,4,2.9747899159663866,1.344632768361582,0.34706672436906144,1.0,3,1,0,1,82
6,30,5,2.9747899159663866,1.6807909604519773,0.17906107418340508,1.0,3,2,2,2,23
6,31,3,2.9747899159663866,1.0084745762711864,0.5730053573773617,1.0,3,0,0,0,106
6,32,3,2.9747899159663866,1.0084745762711864,0.5730053573773617,1.0,1,2,0,2,70
6,33,1,2.9747899159663866,0.3361581920903955,0.9502165072876384,1.0,0,1,1,1,44
6,34,7,2.9747899159663866,2.353107344632768,0.031000751070957604,1.0,4,3,2,3,19
6,35,2,2.9747899159663866,0.672316384180791,0.7995895293371107,1.0,1,1,1,1,23
7,8,5,2.9747899159663866,1.6807909604519773,0.17906107418340508,1.0,1,4,0,4,63
7,9,2,2.9747899159663866,0.672316384180791,0.7995895293371107,1.0,0,2,1,2,36
7,10,2,2.9747899159663866,0.672316384180791,0.7995895293371107,1.0,1,1,0,2,83
7,11,4,2.9747899159663866,1.344632768361582,0.34706672436906144,1.0,1,3,1,3,17
7,12,4,2.9747899159663866,1.344632768361582,0.34706672436906144,1.0,2,2,0,2,50
7,13,1,2.9747899159663866,0.3361581920903955,0.9502165072876384,1.0,0,1,0,1,74
7,14,1,2.9747899159663866,0.3361581920903955,0.9502165072876384,1.0,0,1,1,1,46
7,15,4,2.9747899159663866,1.344632768361582,0.34706672436906144,1.0,1,3,1,3,36
7,16,4,2.9747899159663866,1.344632768361582,0.34706672436906144,1.0,1,3,1,3,29
7,17,4,2.9747899159663866,1.344632768361582,0.34706672436906144,1.0,2,2,0,2,50
7,18,2,2.9747899159663866,0.672316384180791,0.7995895293371107,1.0,0,2,2,2,17
7,19,1,2.9747899159663866,0.3361581920903955,0.9502165072876384,1.0,1,0,0,1,95
7,20,4,2.9747899159663866,1.344632768361582,0.34706672436906144,1.0,1,3,1,4,36
7,21,2,2.9747899159663866,0.672316384180791,0.7995895293371107,1.0,2,0,0,0,102
7,22,2,2.9747899159663866,0.672316384180791,0.7995895293371107,1.0,1,1,0,1,63
7,23,4,2.9747899159663866,1.344632768361582,0.34706672436906144,1.0,1,3,1,3,46
7,24,4,2.9747899159663866,1.344632768361582,0.34706672436906144,1.0,2,2,2,2,29
7,25,2,2.9747899159663866,0.672316384180791,0.7995895293371107,1.0,1,1,1,1,18
7,26,3,2.9747899159663866,1.0084745762711864,0.5730053573773617,1.0,3,0,0,0,102
7,27,3,2.9747899159663866,1.0084745762711864,0.5730053573773617,1.0,1,2,0,2,73
7,28,2,2.9747899159663866,0.672316384180791,0.7995895293371107,1.0,2,0,0,1,95
7,29,2,2.9747899159663866,0.672316384180791,0.7995895293371107,1.0,1,1,0,1,82
7,30,3,2.9747899159663866,1.0084745762711864,0.5730053573773617,1.0,2,1,1,2,18
7,31,0,2.9747899159663866,0.0,1.0000000000000924,1.0,0,0,0,0,
7,32,1,2.9747899159663866,0.3361581920903955,0.9502165072876384,1.0,0,1,1,1,18
7,33,1,2.9747899159663866,0.3361581920903955,0.9502165072876384,1.0,0,1,0,1,66
7,34,5,2.9747899159663866,1.6807909604519773,0.17906107418340508,1.0,2,3,1,4,18
7,35,2,2.9747899159663866,0.672316384180791,0.7995895293371107,1.0,1,1,0,1,80
8,9,1,2.9747899159663866,0.3361581920903955,0.9502165072876384,1.0,0,1,0,1,56
8,10,2,2.9747899159663866,0.672316384180791,0.7995895293371107,1.0,2,0,0,0,128
8,11,3,2.9747899159663866,1.0084745762711864,0.5730053573773617,1.0,1,2,0,2,63
8,12,3,2.9747899159663866,1.0084745762711864,0.5730053573773617,1.0,2,1,0,1,66
8,13,4,2.9747899159663866,1.344632768361582,0.34706672436906144,1.0,0,4,3,4,38
8,14,2,2.9747899159663866,0.672316384180791,0.7995895293371107,1.0,0,2,2,2,0
8,15,1,2.9747899159663866,0.3361581920903955,0.9502165072876384,1.0,1,0,0,0,107
8,16,0,2.9747899159663866,0.0,1.0000000000000924,1.0,0,0,0,0,
8,17,4,2.9747899159663866,1.344632768361582,0.34706672436906144,1.0,1,3,0,3,57
8,18,2,2.9747899159663866,0.672316384180791,0.7995895293371107,1.0,1,1,1,1,0
8,19,2,2.9747899159663866,0.672316384180791,0.7995895293371107,1.0,1,1,0,2,68
8,20,4,2.9747899159663866,1.344632768361582,0.34706672436906144,1.0,3,1,0,2,56
8,21,1,2.9747899159663866,0.3361581920903955,0.9502165072876384,1.0,1,0,0,0,133
8,22,6,2.9747899159663866,2.016949152542373,0.07969362980009884,1.0,1,5,2,5,8
8,23,5,2.9747899159663866,1.6807909604519773,0.17906107418340508,1.0,2,3,1,3,38
8,24,3,2.9747899159663866,1.0084745762711864,0.5730053573773617,1.0,2,1,1,1,38
8,25,2,2.9747899159663866,0.672316384180791,0.7995895293371107,1.0,1,1,0,1,84
8,26,4,2.9747899159663866,1.344632768361582,0.34706672436906144,1.0,2,2,2,2,38
8,27,2,2.9747899159663866,0.672316384180791,0.7995895293371107,1.0,1,1,1,1,23
8,28,3,2.9747899159663866,1.0084745762711864,0.5730053573773617,1.0,3,0,0,0,114
8,29,3,2.9747899159663866,1.0084745762711864,0.5730053573773617,1.0,1,2,1,2,8
8,30,2,2.9747899159663866,0.672316384180791,0.7995895293371107,1.0,0,2,1,2,23
8,31,3,2.9747899159663866,1.0084745762711864,0.5730053573773617,1.0,0,3,2,3,8
8,32,2,2.9747899159663866,0.672316384180791,0.7995895293371107,1.0,1,1,1,1,49
8,33,3,2.9747899159663866,1.0084745762711864,0.5730053573773617,1.0,2,1,0,1,66
8,34,2,2.9747899159663866,0.672316384180791,0.7995895293371107,1.0,1,1,0,1,66
8,35,5,2.9747899159663866,1.6807909604519773,0.17906107418340508,1.0,3,2,1,2,23
9,10,4,2.9747899159663866,1.344632768361582,0.34706672436906144,1.0,2,2,0,2,53
9,11,4,2.9747899159663866,1.344632768361582,0.34706672436906144,1.0,1,3,1,3,1
9,12,6,2.9747899159663866,2.016949152542373,0.07969362980009884,1.0,1,5,3,5,16
9,13,2,2.9747899159663866,0.672316384180791,0.7995895293371107,1.0,1,1,1,1,39
9,14,4,2.9747899159663866,1.344632768361582,0.34706672436906144,1.0,1,3,1,3,16
9,15,4,2.9747899159663866,1.344632768361582,0.34706672436906144,1.0,1,3,3,3,27
9,16,4,2.9747899159663866,1.344632768361582,0.34706672436906144,1.0,2,2,1,2,27
9,17,2,2.9747899159663866,0.672316384180791,0.7995895293371107,1.0,1,1,0,2,53
9,18,2,2.9747899159663866,0.672316384180791,0.7995895293371107,1.0,0,2,2,2,1
9,19,2,2.9747899159663866,0.672316384180791,0.7995895293371107,1.0,2,0,0,0,125
9,20,6,2.9747899159663866,2.016949152542373,0.07969362980009884,1.0,2,4,1,4,36
9,21,1,2.9747899159663866,0.3361581920903955,0.9502165072876384,1.0,1,0,0,0,127
9,22,3,2.9747899159663866,1.0084745762711864,0.5730053573773617,1.0,1,2,0,2,56
9,23,3,2.9747899159663866,1.0084745762711864,0.5730053573773617,1.0,1,2,1,2,26
9,24,4,2.9747899159663866,1.344632768361582,0.34706672436906144,1.0,1,3,1,3,36
9,25,2,2.9747899159663866,0.672316384180791,0.7995895293371107,1.0,1,1,1,1,14
9,26,2,2.9747899159663866,0.672316384180791,0.7995895293371107,1.0,0,2,1,2,14
9,27,4,2.9747899159663866,1.344632768361582,0.34706672436906144,1.0,1,3,2,3,7
9,28,3,2.9747899159663866,1.0084745762711864,0.5730053573773617,1.0,2,1,1,1,26
9,29,6,2.9747899159663866,2.016949152542373,0.07969362980009884,1.0,2,4,2,4,1
9,30,2,2.9747899159663866,0.672316384180791,0.7995895293371107,1.0,1,1,1,1,27
9,31,2,2.9747899159663866,0.672316384180791,0.7995895293371107,1.0,1,1,0,1,81
9,32,5,2.9747899159663866,1.6807909604519773,0.17906107418340508,1.0,3,2,2,3,7
9,33,1,2.9747899159663866,0.3361581920903955,0.9502165072876384,1.0,1,0,0,0,125
9,34,4,2.9747899159663866,1.344632768361582,0.34706672436906144,1.0,3,1,0,2,87
9,35,3,2.9747899159663866,1.0084745762711864,0.5730053573773617,1.0,1,2,2,2,1
10,11,4,2.9747899159663866,1.344632768361582,0.34706672436906144,1.0,3,1,0,2,67
10,12,6,2.9747899159663866,2.016949152542373,0.07969362980009884,1.0,5,1,1,1,32
10,13,2,2.9747899159663866,0.672316384180791,0.7995895293371107,1.0,1,1,0,1,51
10,14,3,2.9747899159663866,1.0084745762711864,0.5730053573773617,1.0,2,1,0,1,53
10,15,5,2.9747899159663866,1.6807909604519773,0.17906107418340508,1.0,4,1,0,1,83
10,16,6,2.9747899159663866,2.016949152542373,0.07969362980009884,1.0,5,1,0,1,67
10,17,4,2.9747899159663866,1.344632768361582,0.34706672436906144,1.0,2,2,0,2,53
10,18,2,2.9747899159663866,0.672316384180791,0.7995895293371107,1.0,0,2,1,2,34
10,19,1,2.9747899159663866,0.3361581920903955,0.9502165072876384,1.0,0,1,1,1,25
10,20,2,2.9747899159663866,0.672316384180791,0.7995895293371107,1.0,2,0,0,1,89
10,21,1,2.9747899159663866,0.3361581920903955,0.9502165072876384,1.0,1,0,0,0,141
10,22,4,2.9747899159663866,1.344632768361582,0.34706672436906144,1.0,4,0,0,0,105
10,23,3,2.9747899159663866,1.0084745762711864,0.5730053573773617,1.0,3,0,0,0,130
10,24,6,2.9747899159663866,2.016949152542373,0.07969362980009884,1.0,3,3,2,3,25
10,25,1,2.9747899159663866,0.3361581920903955,0.9502165072876384,1.0,0,1,1,1,25
10,26,2,2.9747899159663866,0.672316384180791,0.7995895293371107,1.0,0,2,1,2,32
10,27,4,2.9747899159663866,1.344632768361582,0.34706672436906144,1.0,1,3,2,3,12
10,28,1,2.9747899159663866,0.3361581920903955,0.9502165072876384,1.0,1,0,0,0,128
10,29,3,2.9747899159663866,1.0084745762711864,0.5730053573773617,1.0,2,1,0,1,53
10,30,4,2.9747899159663866,1.344632768361582,0.34706672436906144,1.0,3,1,1,2,12
10,31,1,2.9747899159663866,0.3361581920903955,0.9502165072876384,1.0,1,0,0,0,169
10,32,2,2.9747899159663866,0.672316384180791,0.7995895293371107,1.0,1,1,0,1,51
10,33,0,2.9747899159663866,0.0,1.0000000000000924,1.0,0,0,0,0,
10,34,0,2.9747899159663866,0.0,1.0000000000000924,1.0,0,0,0,0,
10,35,0,2.9747899159663866,0.0,1.0000000000000924,1.0,0,0,0,0,
11,12,4,2.9747899159663866,1.344632768361582,0.34706672436906144,1.0,1,3,3,4,3
11,13,1,2.9747899159663866,0.3361581920903955,0.9502165072876384,1.0,1,0,0,0,176
11,14,4,2.9747899159663866,1.344632768361582,0.34706672436906144,1.0,2,2,0,3,59
11,15,5,2.9747899159663866,1.6807909604519773,0.17906107418340508,1.0,2,3,3,3,3
11,16,4,2.9747899159663866,1.344632768361582,0.34706672436906144,1.0,2,2,0,2,61
11,17,2,2.9747899159663866,0.672316384180791,0.7995895293371107,1.0,2,0,0,1,97
11,18,6,2.9747899159663866,2.016949152542373,0.07969362980009884,1.0,2,4,2,4,1
11,19,1,2.9747899159663866,0.3361581920903955,0.9502165072876384,1.0,1,0,0,0,148
11,20,2,2.9747899159663866,0.672316384180791,0.7995895293371107,1.0,1,1,0,1,60
11,21,0,2.9747899159663866,0.0,1.0000000000000924,1.0,0,0,0,0,
11,22,6,2.9747899159663866,2.016949152542373,0.07969362980009884,1.0,2,4,1,4,6
11,23,3,2.9747899159663866,1.0084745762711864,0.5730053573773617,1.0,2,1,0,1,63
11,24,7,2.9747899159663866,2.353107344632768,0.031000751070957604,1.0,5,2,1,2,41
11,25,4,2.9747899159663866,1.344632768361582,0.34706672436906144,1.0,2,2,2,3,3
11,26,2,2.9747899159663866,0.672316384180791,0.7995895293371107,1.0,1,1,0,2,67
11,27,4,2.9747899159663866,1.344632768361582,0.34706672436906144,1.0,3,1,1,1,45
11,28,5,2.9747899159663866,1.6807909604519773,0.17906107418340508,1.0,3,2,2,2,24
11,29,10,2.9747899159663866,3.3615819209039546,0.000910614332734474,0.541815527977012,5,5,4,6,1
11,30,1,2.9747899159663866,0.3361581920903955,0.9502165072876384,1.0,0,1,0,1,85
11,31,3,2.9747899159663866,1.0084745762711864,0.5730053573773617,1.0,1,2,1,2,3
11,32,1,2.9747899159663866,0.3361581920903955,0.9502165072876384,1.0,0,1,1,1,41
11,33,4,2.9747899159663866,1.344632768361582,0.34706672436906144,1.0,1,3,2,4,24
11,34,2,2.9747899159663866,0.672316384180791,0.7995895293371107,1.0,1,1,1,1,24
11,35,5,2.9747899159663866,1.6807909604519773,0.17906107418340508,1.0,3,2,1,2,1
12,13,5,2.9747899159663866,1.6807909604519773,0.17906107418340508,1.0,0,5,3,5,13
12,14,3,2.9747899159663866,1.0084745762711864,0.5730053573773617,1.0,1,2,2,2,16
12,15,7,2.9747899159663866,2.353107344632768,0.031000751070957604,1.0,4,3,3,3,3
12,16,1,2.9747899159663866,0.3361581920903955,0.9502165072876384,1.0,1,0,0,0,118
12,17,4,2.9747899159663866,1.344632768361582,0.34706672436906144,1.0,2,2,0,3,50
12,18,4,2.9747899159663866,1.344632768361582,0.34706672436906144,1.0,2,2,2,2,13
12,19,2,2.9747899159663866,0.672316384180791,0.7995895293371107,1.0,1,1,0,1,77
12,20,4,2.9747899159663866,1.344632768361582,0.34706672436906144,1.0,3,1,0,1,50
12,21,1,2.9747899159663866,0.3361581920903955,0.9502165072876384,1.0,0,1,1,1,28
12,22,4,2.9747899159663866,1.344632768361582,0.34706672436906144,1.0,2,2,1,2,6
12,23,5,2.9747899159663866,1.6807909604519773,0.17906107418340508,1.0,3,2,2,2,13
12,24,4,2.9747899159663866,1.344632768361582,0.34706672436906144,1.0,1,3,2,3,32
12,25,3,2.9747899159663866,1.0084745762711864,0.5730053573773617,1.0,1,2,2,2,3
12,26,3,2.9747899159663866,1.0084745762711864,0.5730053573773617,1.0,1,2,1,3,32
12,27,5,2.9747899159663866,1.6807909604519773,0.17906107418340508,1.0,2,3,1,3,39
12,28,3,2.9747899159663866,1.0084745762711864,0.5730053573773617,1.0,1,2,2,2,26
12,29,3,2.9747899159663866,1.0084745762711864,0.5730053573773617,1.0,0,3,1,3,30
12,30,2,2.9747899159663866,0.672316384180791,0.7995895293371107,1.0,2,0,0,0,111
12,31,5,2.9747899159663866,1.6807909604519773,0.17906107418340508,1.0,2,3,1,3,3
12,32,4,2.9747899159663866,1.344632768361582,0.34706672436906144,1.0,1,3,1,3,16
12,33,3,2.9747899159663866,1.0084745762711864,0.5730053573773617,1.0,2,1,0,2,66
12,34,2,2.9747899159663866,0.672316384180791,0.7995895293371107,1.0,0,2,1,2,13
12,35,2,2.9747899159663866,0.672316384180791,0.7995895293371107,1.0,2,0,0,0,117
13,14,0,2.9747899159663866,0.0,1.0000000000000924,1.0,0,0,0,0,
13,15,2,2.9747899159663866,0.672316384180791,0.7995895293371107,1.0,0,2,1,2,39
13,16,3,2.9747899159663866,1.0084745762711864,0.5730053573773617,1.0,1,2,1,2,10
13,17,7,2.9747899159663866,2.353107344632768,0.031000751070957604,1.0,3,4,1,4,10
13,18,2,2.9747899159663866,0.672316384180791,0.7995895293371107,1.0,0,2,1,2,13
13,19,1,2.9747899159663866,0.3361581920903955,0.9502165072876384,1.0,0,1,0,1,77
13,20,3,2.9747899159663866,1.0084745762711864,0.5730053573773617,1.0,1,2,0,2,64
13,21,4,2.9747899159663866,1.344632768361582,0.34706672436906144,1.0,3,1,0,1,64
13,22,1,2.9747899159663866,0.3361581920903955,0.9502165072876384,1.0,0,1,1,1,47
13,23,4,2.9747899159663866,1.344632768361582,0.34706672436906144,1.0,2,2,2,2,13
13,24,4,2.9747899159663866,1.344632768361582,0.34706672436906144,1.0,1,3,2,3,33
13,25,1,2.9747899159663866,0.3361581920903955,0.9502165072876384,1.0,1,0,0,0,126
13,26,4,2.9747899159663866,1.344632768361582,0.34706672436906144,1.0,2,2,2,2,38
13,27,4,2.9747899159663866,1.344632768361582,0.34706672436906144,1.0,2,2,1,2,39
13,28,2,2.9747899159663866,0.672316384180791,0.7995895293371107,1.0,0,2,0,2,64
13,29,3,2.9747899159663866,1.0084745762711864,0.5730053573773617,1.0,2,1,0,1,77
13,30,1,2.9747899159663866,0.3361581920903955,0.9502165072876384,1.0,1,0,0,0,126
13,31,2,2.9747899159663866,0.672316384180791,0.7995895293371107,1.0,0,2,1,2,47
13,32,5,2.9747899159663866,1.6807909604519773,0.17906107418340508,1.0,1,4,1,4,49
13,33,1,2.9747899159663866,0.3361581920903955,0.9502165072876384,1.0,1,0,0,0,173
13,34,3,2.9747899159663866,1.0084745762711864,0.5730053573773617,1.0,2,1,1,1,13
13,35,0,2.9747899159663866,0.0,1.0000000000000924,1.0,0,0,0,0,
14,15,1,2.9747899159663866,0.3361581920903955,0.9502165072876384,1.0,1,0,0,0,146
14,16,0,2.9747899159663866,0.0,1.0000000000000924,1.0,0,0,0,0,
14,17,4,2.9747899159663866,1.344632768361582,0.34706672436906144,1.0,2,2,0,2,52
14,18,4,2.9747899159663866,1.344632768361582,0.34706672436906144,1.0,0,4,3,4,0
14,19,1,2.9747899159663866,0.3361581920903955,0.9502165072876384,1.0,1,0,0,0,146
14,20,1,2.9747899159663866,0.3361581920903955,0.9502165072876384,1.0,0,1,0,1,60
14,21,3,2.9747899159663866,1.0084745762711864,0.5730053573773617,1.0,2,1,1,1,28
14,22,3,2.9747899159663866,1.0084745762711864,0.5730053573773617,1.0,1,2,1,2,8
14,23,3,2.9747899159663866,1.0084745762711864,0.5730053573773617,1.0,2,1,1,1,46
14,24,0,2.9747899159663866,0.0,1.0000000000000924,1.0,0,0,0,0,
14,25,2,2.9747899159663866,0.672316384180791,0.7995895293371107,1.0,2,0,0,1,96
14,26,4,2.9747899159663866,1.344632768361582,0.34706672436906144,1.0,3,1,0,1,52
14,27,1,2.9747899159663866,0.3361581920903955,0.9502165072876384,1.0,1,0,0,0,110
14,28,2,2.9747899159663866,0.672316384180791,0.7995895293371107,1.0,1,1,0,1,52
14,29,5,2.9747899159663866,1.6807909604519773,0.17906107418340508,1.0,2,3,1,4,8
14,30,1,2.9747899159663866,0.3361581920903955,0.9502165072876384,1.0,1,0,0,0,166
14,31,2,2.9747899159663866,0.672316384180791,0.7995895293371107,1.0,1,1,1,1,8
14,32,3,2.9747899159663866,1.0084745762711864,0.5730053573773617,1.0,2,1,1,1,16
14,33,1,2.9747899159663866,0.3361581920903955,0.9502165072876384,1.0,1,0,0,0,175
14,34,1,2.9747899159663866,0.3361581920903955,0.9502165072876384,1.0,1,0,0,0,110
14,35,0,2.9747899159663866,0.0,1.0000000000000924,1.0,0,0,0,0,
15,16,4,2.9747899159663866,1.344632768361582,0.34706672436906144,1.0,2,2,1,2,27
15,17,2,2.9747899159663866,0.672316384180791,0.7995895293371107,1.0,1,1,0,1,83
15,18,2,2.9747899159663866,0.672316384180791,0.7995895293371107,1.0,1,1,1,1,35
15,19,1,2.9747899159663866,0.3361581920903955,0.9502165072876384,1.0,1,0,0,0,146
15,20,2,2.9747899159663866,0.672316384180791,0.7995895293371107,1.0,1,1,1,1,36
15,21,2,2.9747899159663866,0.672316384180791,0.7995895293371107,1.0,2,0,0,1,93
15,22,4,2.9747899159663866,1.344632768361582,0.34706672436906144,1.0,3,1,1,1,6
15,23,2,2.9747899159663866,0.672316384180791,0.7995895293371107,1.0,1,1,1,1,4
15,24,6,2.9747899159663866,2.016949152542373,0.07969362980009884,1.0,3,3,3,3,4
15,25,4,2.9747899159663866,1.344632768361582,0.34706672436906144,1.0,3,1,1,2,3
15,26,6,2.9747899159663866,2.016949152542373,0.07969362980009884,1.0,4,2,1,3,35
15,27,3,2.9747899159663866,1.0084745762711864,0.5730053573773617,1.0,1,2,1,2,39
15,28,0,2.9747899159663866,0.0,1.0000000000000924,1.0,0,0,0,0,
15,29,1,2.9747899159663866,0.3361581920903955,0.9502165072876384,1.0,0,1,1,1,41
15,30,2,2.9747899159663866,0.672316384180791,0.7995895293371107,1.0,1,1,1,1,27
15,31,3,2.9747899159663866,1.0084745762711864,0.5730053573773617,1.0,1,2,1,2,3
15,32,3,2.9747899159663866,1.0084745762711864,0.5730053573773617,1.0,1,2,2,2,35
15,33,4,2.9747899159663866,1.344632768361582,0.34706672436906144,1.0,4,0,0,1,93
15,34,1,2.9747899159663866,0.3361581920903955,0.9502165072876384,1.0,1,0,0,0,143
15,35,0,2.9747899159663866,0.0,1.0000000000000924,1.0,0,0,0,0,
16,17,5,2.9747899159663866,1.6807909604519773,0.17906107418340508,1.0,3,2,2,2,10
16,18,3,2.9747899159663866,1.0084745762711864,0.5730053573773617,1.0,0,3,2,3,21
16,19,1,2.9747899159663866,0.3361581920903955,0.9502165072876384,1.0,0,1,1,1,11
16,20,3,2.9747899159663866,1.0084745762711864,0.5730053573773617,1.0,0,3,2,3,22
16,21,1,2.9747899159663866,0.3361581920903955,0.9502165072876384,1.0,1,0,0,0,141
16,22,2,2.9747899159663866,0.672316384180791,0.7995895293371107,1.0,1,1,0,1,61
16,23,1,2.9747899159663866,0.3361581920903955,0.9502165072876384,1.0,0,1,1,1,11
16,24,6,2.9747899159663866,2.016949152542373,0.07969362980009884,1.0,1,5,5,5,11
16,25,2,2.9747899159663866,0.672316384180791,0.7995895293371107,1.0,1,1,1,1,37
16,26,2,2.9747899159663866,0.672316384180791,0.7995895293371107,1.0,1,1,0,1,67
16,27,1,2.9747899159663866,0.3361581920903955,0.9502165072876384,1.0,0,1,1,1,37
16,28,0,2.9747899159663866,0.0,1.0000000000000924,1.0,0,0,0,0,
16,29,1,2.9747899159663866,0.3361581920903955,0.9502165072876384,1.0,1,0,0,0,105
16,30,2,2.9747899159663866,0.672316384180791,0.7995895293371107,1.0,1,1,1,1,27
16,31,1,2.9747899159663866,0.3361581920903955,0.9502165072876384,1.0,0,1,1,1,21
16,32,0,2.9747899159663866,0.0,1.0000000000000924,1.0,0,0,0,0,
16,33,1,2.9747899159663866,0.3361581920903955,0.9502165072876384,1.0,0,1,1,1,21
16,34,2,2.9747899159663866,0.672316384180791,0.7995895293371107,1.0,2,0,0,0,139
16,35,1,2.9747899159663866,0.3361581920903955,0.9502165072876384,1.0,1,0,0,0,139
17,18,4,2.9747899159663866,1.344632768361582,0.34706672436906144,1.0,2,2,1,2,22
17,19,3,2.9747899159663866,1.0084745762711864,0.5730053573773617,1.0,0,3,1,3,20
17,20,3,2.9747899159663866,1.0084745762711864,0.5730053573773617,1.0,0,3,1,3,22
17,21,3,2.9747899159663866,1.0084745762711864,0.5730053573773617,1.0,0,3,2,3,20
17,22,7,2.9747899159663866,2.353107344632768,0.031000751070957604,1.0,2,5,1,5,20
17,23,4,2.9747899159663866,1.344632768361582,0.34706672436906144,1.0,3,1,0,1,79
17,24,2,2.9747899159663866,0.672316384180791,0.7995895293371107,1.0,1,1,1,1,22
17,25,5,2.9747899159663866,1.6807909604519773,0.17906107418340508,1.0,3,2,0,2,84
17,26,5,2.9747899159663866,1.6807909604519773,0.17906107418340508,1.0,4,1,0,2,52
17,27,5,2.9747899159663866,1.6807909604519773,0.17906107418340508,1.0,2,3,0,3,78
17,28,4,2.9747899159663866,1.344632768361582,0.34706672436906144,1.0,1,3,0,3,52
17,29,4,2.9747899159663866,1.344632768361582,0.34706672436906144,1.0,2,2,0,2,53
17,30,3,2.9747899159663866,1.0084745762711864,0.5730053573773617,1.0,2,1,0,1,68
17,31,4,2.9747899159663866,1.344632768361582,0.34706672436906144,1.0,2,2,1,2,20
17,32,4,2.9747899159663866,1.344632768361582,0.34706672436906144,1.0,2,2,0,3,70
17,33,4,2.9747899159663866,1.344632768361582,0.34706672436906144,1.0,3,1,1,2,40
17,34,4,2.9747899159663866,1.344632768361582,0.34706672436906144,1.0,4,0,0,1,91
17,35,4,2.9747899159663866,1.344632768361582,0.34706672436906144,1.0,4,0,0,0,100
18,19,2,2.9747899159663866,0.672316384180791,0.7995895293371107,1.0,1,1,0,1,75
18,20,5,2.9747899159663866,1.6807909604519773,0.17906107418340508,1.0,2,3,3,4,2
18,21,2,2.9747899159663866,0.672316384180791,0.7995895293371107,1.0,0,2,1,2,28
18,22,5,2.9747899159663866,1.6807909604519773,0.17906107418340508,1.0,2,3,0,3,59
18,23,3,2.9747899159663866,1.0084745762711864,0.5730053573773617,1.0,1,2,2,2,13
18,24,6,2.9747899159663866,2.016949152542373,0.07969362980009884,1.0,2,4,3,5,15
18,25,3,2.9747899159663866,1.0084745762711864,0.5730053573773617,1.0,2,1,1,1,14
18,26,4,2.9747899159663866,1.344632768361582,0.34706672436906144,1.0,1,3,3,3,2
18,27,2,2.9747899159663866,0.672316384180791,0.7995895293371107,1.0,2,0,0,1,99
18,28,2,2.9747899159663866,0.672316384180791,0.7995895293371107,1.0,1,1,1,1,2
18,29,4,2.9747899159663866,1.344632768361582,0.34706672436906144,1.0,1,3,2,3,1
18,30,2,2.9747899159663866,0.672316384180791,0.7995895293371107,1.0,2,0,0,1,99
18,31,1,2.9747899159663866,0.3361581920903955,0.9502165072876384,1.0,0,1,1,1,21
18,32,4,2.9747899159663866,1.344632768361582,0.34706672436906144,1.0,1,3,2,3,15
18,33,3,2.9747899159663866,1.0084745762711864,0.5730053573773617,1.0,2,1,1,2,21
18,34,2,2.9747899159663866,0.672316384180791,0.7995895293371107,1.0,1,1,1,2,13
18,35,6,2.9747899159663866,2.016949152542373,0.07969362980009884,1.0,5,1,1,1,1
19,20,2,2.9747899159663866,0.672316384180791,0.7995895293371107,1.0,2,0,0,1,92
19,21,3,2.9747899159663866,1.0084745762711864,0.5730053573773617,1.0,0,3,1,3,20
19,22,2,2.9747899159663866,0.672316384180791,0.7995895293371107,1.0,0,2,1,2,20
19,23,2,2.9747899159663866,0.672316384180791,0.7995895293371107,1.0,1,1,1,1,11
19,24,4,2.9747899159663866,1.344632768361582,0.34706672436906144,1.0,1,3,2,3,11
19,25,3,2.9747899159663866,1.0084745762711864,0.5730053573773617,1.0,2,1,1,1,25
19,26,1,2.9747899159663866,0.3361581920903955,0.9502165072876384,1.0,1,0,0,0,146
19,27,2,2.9747899159663866,0.672316384180791,0.7995895293371107,1.0,0,2,1,2,25
19,28,2,2.9747899159663866,0.672316384180791,0.7995895293371107,1.0,2,0,0,1,95
19,29,1,2.9747899159663866,0.3361581920903955,0.9502165072876384,1.0,0,1,0,1,77
19,30,1,2.9747899159663866,0.3361581920903955,0.9502165072876384,1.0,0,1,0,1,68
19,31,2,2.9747899159663866,0.672316384180791,0.7995895293371107,1.0,1,1,1,1,20
19,32,0,2.9747899159663866,0.0,1.0000000000000924,1.0,0,0,0,0,
19,33,1,2.9747899159663866,0.3361581920903955,0.9502165072876384,1.0,1,0,0,0,125
19,34,2,2.9747899159663866,0.672316384180791,0.7995895293371107,1.0,2,0,0,1,95
19,35,2,2.9747899159663866,0.672316384180791,0.7995895293371107,1.0,2,0,0,0,125
20,21,3,2.9747899159663866,1.0084745762711864,0.5730053573773617,1.0,2,1,0,1,64
20,22,2,2.9747899159663866,0.672316384180791,0.7995895293371107,1.0,1,1,0,1,56
20,23,1,2.9747899159663866,0.3361581920903955,0.9502165072876384,1.0,0,1,0,1,56
20,24,7,2.9747899159663866,2.353107344632768,0.031000751070957604,1.0,2,5,4,6,15
20,25,2,2.9747899159663866,0.672316384180791,0.7995895293371107,1.0,1,1,1,1,37
20,26,2,2.9747899159663866,0.672316384180791,0.7995895293371107,1.0,0,2,2,2,2
20,27,4,2.9747899159663866,1.344632768361582,0.34706672436906144,1.0,2,2,2,2,37
20,28,5,2.9747899159663866,1.6807909604519773,0.17906107418340508,1.0,2,3,1,3,2
20,29,2,2.9747899159663866,0.672316384180791,0.7995895293371107,1.0,2,0,0,0,123
20,30,2,2.9747899159663866,0.672316384180791,0.7995895293371107,1.0,2,0,0,1,89
20,31,3,2.9747899159663866,1.0084745762711864,0.5730053573773617,1.0,3,0,0,0,106
20,32,3,2.9747899159663866,1.0084745762711864,0.5730053573773617,1.0,1,2,1,2,15
20,33,1,2.9747899159663866,0.3361581920903955,0.9502165072876384,1.0,1,0,0,1,98
20,34,1,2.9747899159663866,0.3361581920903955,0.9502165072876384,1.0,0,1,1,1,43
20,35,2,2.9747899159663866,0.672316384180791,0.7995895293371107,1.0,1,1,1,1,43
21,22,5,2.9747899159663866,1.6807909604519773,0.17906107418340508,1.0,2,3,2,3,5
21,23,2,2.9747899159663866,0.672316384180791,0.7995895293371107,1.0,1,1,1,1,5
21,24,3,2.9747899159663866,1.0084745762711864,0.5730053573773617,1.0,2,1,0,1,76
21,25,2,2.9747899159663866,0.672316384180791,0.7995895293371107,1.0,1,1,0,2,54
21,26,7,2.9747899159663866,2.353107344632768,0.031000751070957604,1.0,7,0,0,1,93
21,27,1,2.9747899159663866,0.3361581920903955,0.9502165072876384,1.0,1,0,0,0,136
21,28,2,2.9747899159663866,0.672316384180791,0.7995895293371107,1.0,1,1,0,1,64
21,29,1,2.9747899159663866,0.3361581920903955,0.9502165072876384,1.0,1,0,0,0,135
21,30,2,2.9747899159663866,0.672316384180791,0.7995895293371107,1.0,1,1,0,1,54
21,31,1,2.9747899159663866,0.3361581920903955,0.9502165072876384,1.0,0,1,1,1,20
21,32,3,2.9747899159663866,1.0084745762711864,0.5730053573773617,1.0,2,1,0,1,64
21,33,5,2.9747899159663866,1.6807909604519773,0.17906107418340508,1.0,3,2,1,3,40
21,34,0,2.9747899159663866,0.0,1.0000000000000924,1.0,0,0,0,0,
21,35,3,2.9747899159663866,1.0084745762711864,0.5730053573773617,1.0,2,1,1,1,5
22,23,5,2.9747899159663866,1.6807909604519773,0.17906107418340508,1.0,2,3,1,4,5
22,24,2,2.9747899159663866,0.672316384180791,0.7995895293371107,1.0,2,0,0,0,156
22,25,3,2.9747899159663866,1.0084745762711864,0.5730053573773617,1.0,1,2,0,3,84
22,26,4,2.9747899159663866,1.344632768361582,0.34706672436906144,1.0,4,0,0,0,103
22,27,5,2.9747899159663866,1.6807909604519773,0.17906107418340508,1.0,1,4,1,4,19
22,28,2,2.9747899159663866,0.672316384180791,0.7995895293371107,1.0,2,0,0,0,162
22,29,6,2.9747899159663866,2.016949152542373,0.07969362980009884,1.0,4,2,1,2,8
22,30,2,2.9747899159663866,0.672316384180791,0.7995895293371107,1.0,2,0,0,0,131
22,31,6,2.9747899159663866,2.016949152542373,0.07969362980009884,1.0,2,4,3,4,8
22,32,3,2.9747899159663866,1.0084745762711864,0.5730053573773617,1.0,2,1,0,1,78
22,33,2,2.9747899159663866,0.672316384180791,0.7995895293371107,1.0,2,0,0,1,94
22,34,1,2.9747899159663866,0.3361581920903955,0.9502165072876384,1.0,0,1,1,1,19
22,35,2,2.9747899159663866,0.672316384180791,0.7995895293371107,1.0,1,1,1,1,5
23,24,5,2.9747899159663866,1.6807909604519773,0.17906107418340508,1.0,2,3,3,3,4
23,25,3,2.9747899159663866,1.0084745762711864,0.5730053573773617,1.0,2,1,1,2,48
23,26,2,2.9747899159663866,0.672316384180791,0.7995895293371107,1.0,1,1,1,1,38
23,27,3,2.9747899159663866,1.0084745762711864,0.5730053573773617,1.0,0,3,2,3,42
23,28,2,2.9747899159663866,0.672316384180791,0.7995895293371107,1.0,0,2,1,2,26
23,29,3,2.9747899159663866,1.0084745762711864,0.5730053573773617,1.0,1,2,1,2,48
23,30,2,2.9747899159663866,0.672316384180791,0.7995895293371107,1.0,0,2,1,2,42
23,31,1,2.9747899159663866,0.3361581920903955,0.9502165072876384,1.0,1,0,0,0,151
23,32,0,2.9747899159663866,0.0,1.0000000000000924,1.0,0,0,0,0,
23,33,4,2.9747899159663866,1.344632768361582,0.34706672436906144,1.0,4,0,0,1,94
23,34,3,2.9747899159663866,1.0084745762711864,0.5730053573773617,1.0,1,2,1,2,13
23,35,4,2.9747899159663866,1.344632768361582,0.34706672436906144,1.0,3,1,1,1,5
24,25,3,2.9747899159663866,1.0084745762711864,0.5730053573773617,1.0,0,3,2,3,25
24,26,3,2.9747899159663866,1.0084745762711864,0.5730053573773617,1.0,1,2,2,2,32
24,27,3,2.9747899159663866,1.0084745762711864,0.5730053573773617,1.0,1,2,2,2,25
24,28,4,2.9747899159663866,1.344632768361582,0.34706672436906144,1.0,3,1,0,1,86
24,29,3,2.9747899159663866,1.0084745762711864,0.5730053573773617,1.0,1,2,1,2,41
24,30,1,2.9747899159663866,0.3361581920903955,0.9502165072876384,1.0,0,1,0,1,85
24,31,3,2.9747899159663866,1.0084745762711864,0.5730053573773617,1.0,1,2,1,2,21
24,32,5,2.9747899159663866,1.6807909604519773,0.17906107418340508,1.0,2,3,2,3,15
24,33,4,2.9747899159663866,1.344632768361582,0.34706672436906144,1.0,2,2,1,3,21
24,34,1,2.9747899159663866,0.3361581920903955,0.9502165072876384,1.0,1,0,0,0,145
24,35,2,2.9747899159663866,0.672316384180791,0.7995895293371107,1.0,2,0,0,0,100
25,26,3,2.9747899159663866,1.0084745762711864,0.5730053573773617,1.0,2,1,1,2,14
25,27,5,2.9747899159663866,1.6807909604519773,0.17906107418340508,1.0,1,4,3,4,25
25,28,2,2.9747899159663866,0.672316384180791,0.7995895293371107,1.0,0,2,1,2,30
25,29,5,2.9747899159663866,1.6807909604519773,0.17906107418340508,1.0,1,4,4,5,9
25,30,4,2.9747899159663866,1.344632768361582,0.34706672436906144,1.0,1,3,2,3,9
25,31,3,2.9747899159663866,1.0084745762711864,0.5730053573773617,1.0,2,1,1,1,3
25,32,3,2.9747899159663866,1.0084745762711864,0.5730053573773617,1.0,2,1,1,1,18
25,33,4,2.9747899159663866,1.344632768361582,0.34706672436906144,1.0,2,2,1,4,44
25,34,7,2.9747899159663866,2.353107344632768,0.031000751070957604,1.0,5,2,2,2,18
25,35,2,2.9747899159663866,0.672316384180791,0.7995895293371107,1.0,2,0,0,0,157
26,27,3,2.9747899159663866,1.0084745762711864,0.5730053573773617,1.0,2,1,1,1,43
26,28,3,2.9747899159663866,1.0084745762711864,0.5730053573773617,1.0,1,2,1,2,2
26,29,4,2.9747899159663866,1.344632768361582,0.34706672436906144,1.0,3,1,1,1,14
26,30,2,2.9747899159663866,0.672316384180791,0.7995895293371107,1.0,2,0,0,0,131
26,31,2,2.9747899159663866,0.672316384180791,0.7995895293371107,1.0,0,2,0,2,55
26,32,4,2.9747899159663866,1.344632768361582,0.34706672436906144,1.0,1,3,2,3,35
26,33,4,2.9747899159663866,1.344632768361582,0.34706672436906144,1.0,4,0,0,2,93
26,34,3,2.9747899159663866,1.0084745762711864,0.5730053573773617,1.0,2,1,1,1,43
26,35,4,2.9747899159663866,1.344632768361582,0.34706672436906144,1.0,3,1,1,1,43
27,28,0,2.9747899159663866,0.0,1.0000000000000924,1.0,0,0,0,0,
27,29,6,2.9747899159663866,2.016949152542373,0.07969362980009884,1.0,3,3,2,3,45
27,30,4,2.9747899159663866,1.344632768361582,0.34706672436906144,1.0,1,3,3,4,12
27,31,3,2.9747899159663866,1.0084745762711864,0.5730053573773617,1.0,2,1,0,1,81
27,32,4,2.9747899159663866,1.344632768361582,0.34706672436906144,1.0,2,2,1,2,7
27,33,1,2.9747899159663866,0.3361581920903955,0.9502165072876384,1.0,0,1,1,1,45
27,34,5,2.9747899159663866,1.6807909604519773,0.17906107418340508,1.0,3,2,2,3,19
27,35,5,2.9747899159663866,1.6807909604519773,0.17906107418340508,1.0,2,3,3,3,7
28,29,3,2.9747899159663866,1.0084745762711864,0.5730053573773617,1.0,1,2,1,2,30
28,30,2,2.9747899159663866,0.672316384180791,0.7995895293371107,1.0,2,0,0,0,111
28,31,1,2.9747899159663866,0.3361581920903955,0.9502165072876384,1.0,1,0,0,0,144
28,32,2,2.9747899159663866,0.672316384180791,0.7995895293371107,1.0,1,1,0,1,64
28,33,2,2.9747899159663866,0.672316384180791,0.7995895293371107,1.0,1,1,1,1,24
28,34,2,2.9747899159663866,0.672316384180791,0.7995895293371107,1.0,1,1,1,2,24
28,35,1,2.9747899159663866,0.3361581920903955,0.9502165072876384,1.0,1,0,0,0,114
29,30,2,2.9747899159663866,0.672316384180791,0.7995895293371107,1.0,0,2,2,2,9
29,31,3,2.9747899159663866,1.0084745762711864,0.5730053573773617,1.0,1,2,2,2,8
29,32,3,2.9747899159663866,1.0084745762711864,0.5730053573773617,1.0,2,1,1,1,41
29,33,2,2.9747899159663866,0.672316384180791,0.7995895293371107,1.0,0,2,2,2,31
29,34,0,2.9747899159663866,0.0,1.0000000000000924,1.0,0,0,0,0,
29,35,2,2.9747899159663866,0.672316384180791,0.7995895293371107,1.0,1,1,1,1,1
30,31,3,2.9747899159663866,1.0084745762711864,0.5730053573773617,1.0,1,2,1,2,31
30,32,3,2.9747899159663866,1.0084745762711864,0.5730053573773617,1.0,2,1,1,1,18
30,33,3,2.9747899159663866,1.0084745762711864,0.5730053573773617,1.0,0,3,1,3,31
30,34,4,2.9747899159663866,1.344632768361582,0.34706672436906144,1.0,2,2,1,3,18
30,35,1,2.9747899159663866,0.3361581920903955,0.9502165072876384,1.0,0,1,1,1,23
31,32,2,2.9747899159663866,0.672316384180791,0.7995895293371107,1.0,1,1,0,1,71
31,33,3,2.9747899159663866,1.0084745762711864,0.5730053573773617,1.0,0,3,2,3,21
31,34,2,2.9747899159663866,0.672316384180791,0.7995895293371107,1.0,2,0,0,0,110
31,35,0,2.9747899159663866,0.0,1.0000000000000924,1.0,0,0,0,0,
32,33,2,2.9747899159663866,0.672316384180791,0.7995895293371107,1.0,2,0,0,0,129
32,34,3,2.9747899159663866,1.0084745762711864,0.5730053573773617,1.0,2,1,1,2,18
32,35,2,2.9747899159663866,0.672316384180791,0.7995895293371107,1.0,1,1,1,1,7
33,34,4,2.9747899159663866,1.344632768361582,0.34706672436906144,1.0,1,3,2,3,24
33,35,2,2.9747899159663866,0.672316384180791,0.7995895293371107,1.0,2,0,0,0,109
34,35,3,2.9747899159663866,1.0084745762711864,0.5730053573773617,1.0,2,1,1,1,43
