number,count,expected,deviation,ew_rate,current_gap,mean_gap,median_gap,gap_sd,gap_percentile,longest_absence,trend,short_long_ratio,volatility,complete_gaps,last100,last50,last30,last20,last10
1,16,17.7,-1.6999999999999993,0.07343759410206527,10,10.0,9.0,9.180725150319788,0.7333333333333333,31,0.05,1.10625,0.08724939396583133,"[10, 18, 14, 2, 9, 5, 27, 1, 5, 10, 0, 5, 10, 31, 3]",9,3,2,2,0
2,15,17.7,-2.6999999999999993,0.06594348415075987,28,9.357142857142858,5.5,11.836106057036096,0.8571428571428571,38,-0.175,0.0,0.0899826972986962,"[9, 38, 16, 3, 2, 5, 33, 6, 0, 4, 1, 6, 1, 7]",9,5,1,0,0
3,18,17.7,0.3000000000000007,0.16907382590756917,0,9.117647058823529,8.0,6.854581979788925,0.11764705882352941,20,0.07500000000000001,1.9666666666666666,0.07578881603955957,"[4, 16, 3, 16, 12, 18, 17, 7, 20, 0, 14, 0, 6, 8, 11, 2, 1]",12,8,5,4,3
4,22,17.7,4.300000000000001,0.1079834717594195,7,6.714285714285714,5.0,7.3221776620269,0.7619047619047619,21,0.0,0.8045454545454546,0.1071815715193447,"[19, 5, 0, 3, 1, 0, 0, 1, 6, 1, 21, 4, 6, 21, 1, 20, 6, 6, 5, 12, 3]",10,6,3,2,1
5,23,17.7,5.300000000000001,0.14952067026567056,1,6.590909090909091,4.5,5.351093265324305,0.18181818181818182,19,0.024999999999999994,1.1543478260869564,0.10154515589195334,"[12, 1, 4, 3, 10, 4, 12, 10, 1, 8, 7, 10, 0, 4, 19, 15, 2, 5, 2, 0, 3, 13]",13,8,6,3,1
6,22,17.7,4.300000000000001,0.09565532988601716,6,7.0,5.0,6.708203932499369,0.5714285714285714,22,0.0,0.8045454545454546,0.11646464631307842,"[8, 8, 18, 15, 0, 5, 3, 1, 16, 0, 1, 0, 4, 5, 6, 14, 11, 1, 0, 22, 9]",13,5,2,2,1
7,20,17.7,2.3000000000000007,0.12174828249567606,8,7.842105263157895,7.0,5.580354010024184,0.5789473684210527,17,0.04999999999999999,1.3275,0.08564835163859433,"[4, 12, 16, 9, 12, 4, 0, 16, 8, 5, 9, 3, 7, 16, 5, 3, 17, 3, 0]",12,6,3,3,2
8,15,17.7,-2.6999999999999993,0.08826392154925347,3,10.928571428571429,9.0,8.931054599751155,0.21428571428571427,31,0.02500000000000001,1.1800000000000002,0.07848037684780196,"[3, 6, 6, 25, 6, 12, 0, 12, 14, 17, 31, 1, 6, 14]",7,4,4,2,1
9,17,17.7,-0.6999999999999993,0.0858258490628954,4,8.875,8.0,7.762087348130012,0.375,21,-0.075,0.5205882352941177,0.09374927912064251,"[0, 3, 2, 6, 6, 0, 16, 12, 10, 19, 21, 0, 11, 20, 0, 16]",8,4,3,1,1
10,9,17.7,-8.7,0.042547570820673494,12,17.5,10.0,17.47651485361345,0.625,51,0.025,0.9833333333333333,0.060562530241100004,"[8, 51, 14, 11, 9, 0, 9, 38]",7,1,1,1,0
