target,top10,top12,top15,top18,top20,top25
2231,3,3,3,3,3,5
2232,3,4,4,5,5,6
2233,1,1,1,2,3,5
2234,0,0,0,0,0,1
2235,1,2,2,2,3,5
2236,3,3,3,4,5,5
2237,3,3,3,3,3,5
2238,1,1,1,1,1,1
2239,2,2,4,4,5,5
2240,3,3,3,3,3,4
2241,3,3,3,3,4,4
2242,2,2,2,2,3,4
2243,2,3,3,3,4,4
2244,1,2,3,3,3,3
2245,1,2,3,3,4,5
2246,0,0,1,2,2,2
2247,3,3,3,5,5,6
2248,2,2,4,4,4,5
2249,2,2,3,3,3,3
2250,1,1,1,2,3,3
2251,2,3,3,4,4,4
2252,2,2,2,3,3,5
2253,0,0,1,1,2,3
2254,0,1,1,1,1,2
2255,1,1,1,2,2,3
2256,0,1,3,3,5,5
2257,1,1,2,3,3,4
2258,1,3,3,3,3,3
2259,2,2,3,3,3,4
2260,2,2,2,2,2,3
2261,2,3,3,3,3,3
2262,1,1,1,2,2,2
2263,0,0,1,1,1,1
2264,2,3,3,3,3,4
2265,3,3,3,4,4,5
2266,1,1,2,3,3,5
2267,0,1,3,3,3,5
2268,1,1,1,1,2,3
2269,0,1,1,2,2,4
2270,2,2,3,3,3,3
2271,0,0,0,0,0,0
2272,4,4,4,4,5,5
2273,3,3,4,4,4,5
2274,1,1,2,2,2,4
2275,2,2,2,2,2,4
2276,3,3,4,4,4,6
2277,1,3,5,5,5,5
2278,3,3,4,4,4,4
2279,1,1,1,1,2,4
2280,0,0,0,1,1,2
2281,2,2,3,3,4,5
2282,3,3,4,5,5,5
2283,3,3,3,4,4,6
2284,2,3,3,3,3,4
2285,0,0,1,1,2,5
2286,3,3,5,5,5,5
2287,2,2,3,3,4,4
2288,2,2,2,4,4,6
2289,2,2,2,2,2,2
2290,1,1,1,2,3,4
2291,3,4,5,5,5,5
2292,0,0,2,4,4,4
2293,0,0,0,2,2,3
2294,2,2,2,2,2,2
2295,1,1,1,1,2,3
2296,1,2,2,3,3,3
2297,2,2,3,3,3,3
2298,0,1,2,2,2,2
2299,3,4,4,4,4,4
2300,1,2,2,3,4,4
2301,0,0,1,2,2,3
2302,2,2,2,3,3,4
2303,3,3,5,5,5,5
2304,2,2,2,3,3,3
2305,0,1,2,3,3,3
2306,2,2,3,3,3,4
2307,2,3,4,5,5,5
2308,1,1,1,1,1,2
2309,1,1,2,3,3,4
2310,4,4,5,5,5,5
2311,1,1,2,2,3,6
2312,1,2,3,3,3,3
2313,4,4,4,4,4,5
2314,0,1,2,4,4,5
2315,2,2,3,3,3,3
2316,3,4,4,4,4,5
2317,1,2,2,3,4,6
2318,1,3,3,3,3,5
2319,0,0,2,3,3,5
2320,1,1,2,3,3,5
2321,1,2,3,4,4,4
2322,0,1,2,4,4,4
2323,3,3,4,4,5,5
2324,1,2,2,2,2,3
2325,2,2,4,4,4,4
2326,3,5,5,5,5,5
2327,2,2,2,2,2,2
2328,1,2,2,3,3,4
2329,0,0,0,0,0,1
2330,0,0,1,1,1,3
2331,2,2,3,3,4,5
2332,2,3,3,3,3,3
2333,1,2,4,4,4,5
2334,0,0,2,3,4,5
2335,1,1,1,2,2,3
2336,3,3,4,4,4,4
2337,0,1,2,2,3,4
2338,2,2,2,3,3,4
2339,3,3,3,3,3,4
2340,0,2,3,4,5,6
2341,2,2,4,5,5,6
2342,3,3,3,4,5,6
