previous_number,next_number,trigger_draws,following_count,conditional_rate,unconditional_next_rate,p_enrichment,holm_p
1,1,31,8,0.25806451612903225,0.1751412429378531,0.14129039847575067,1.0
1,2,31,5,0.16129032258064516,0.1751412429378531,0.6745604802899784,1.0
1,3,31,5,0.16129032258064516,0.14689265536723164,0.4942979777426703,1.0
1,4,31,4,0.12903225806451613,0.1751412429378531,0.8425576220764868,1.0
1,5,31,2,0.06451612903225806,0.10734463276836158,0.8844129598774496,1.0
1,6,31,6,0.1935483870967742,0.1638418079096045,0.3967219993975157,1.0
1,7,31,5,0.16129032258064516,0.15254237288135594,0.5330846434971247,1.0
1,8,31,3,0.0967741935483871,0.20903954802259886,0.9805612259972512,1.0
1,9,31,6,0.1935483870967742,0.14124293785310735,0.2537792776215816,1.0
1,10,31,6,0.1935483870967742,0.1807909604519774,0.5067934715744105,1.0
1,11,31,6,0.1935483870967742,0.15254237288135594,0.3236366484230709,1.0
1,12,31,3,0.0967741935483871,0.1694915254237288,0.9346850869271526,1.0
1,13,31,6,0.1935483870967742,0.1751412429378531,0.47044395301937075,1.0
1,14,31,4,0.12903225806451613,0.14689265536723164,0.7112159973323968,1.0
1,15,31,5,0.16129032258064516,0.1807909604519774,0.7056284448669354,1.0
1,16,31,4,0.12903225806451613,0.12994350282485875,0.6041906487870066,1.0
1,17,31,7,0.22580645161290322,0.14689265536723164,0.13924656327820598,1.0
1,18,31,9,0.2903225806451613,0.20903954802259886,0.16238461849982538,1.0
1,19,31,3,0.0967741935483871,0.14124293785310735,0.8590062963935291,1.0
1,20,31,3,0.0967741935483871,0.15819209039548024,0.9102367375835165,1.0
1,21,31,5,0.16129032258064516,0.12994350282485875,0.3741447664180105,1.0
1,22,31,2,0.06451612903225806,0.15819209039548024,0.9773786952623339,1.0
1,23,31,4,0.12903225806451613,0.11864406779661017,0.5223419377983833,1.0
1,24,31,8,0.25806451612903225,0.1864406779661017,0.18877994963475261,1.0
1,25,31,5,0.16129032258064516,0.1807909604519774,0.7056284448669354,1.0
1,26,31,1,0.03225806451612903,0.14124293785310735,0.9945656741530505,1.0
1,27,31,3,0.0967741935483871,0.12994350282485875,0.8128751277931673,1.0
1,28,31,3,0.0967741935483871,0.11864406779661017,0.7554545844271511,1.0
1,29,31,2,0.06451612903225806,0.12429378531073447,0.9311400949061039,1.0
1,30,31,5,0.16129032258064516,0.15819209039548024,0.5707245730466648,1.0
1,31,31,8,0.25806451612903225,0.14689265536723164,0.05550498361207083,1.0
1,32,31,9,0.2903225806451613,0.14124293785310735,0.013610786584329147,1.0
1,33,31,7,0.22580645161290322,0.192090395480226,0.3803980405154218,1.0
1,34,31,3,0.0967741935483871,0.14689265536723164,0.8782832919232421,1.0
1,35,31,5,0.16129032258064516,0.1807909604519774,0.7056284448669354,1.0
1,36,31,3,0.0967741935483871,0.14124293785310735,0.8590062963935291,1.0
1,37,31,5,0.16129032258064516,0.1694915254237288,0.641638459762461,1.0
1,38,31,8,0.25806451612903225,0.1977401129943503,0.24279433533932093,1.0
2,1,31,5,0.16129032258064516,0.1751412429378531,0.6745604802899784,1.0
2,2,31,2,0.06451612903225806,0.1751412429378531,0.9874897579433509,1.0
2,3,31,6,0.1935483870967742,0.14689265536723164,0.28813909192459425,1.0
2,4,31,3,0.0967741935483871,0.1751412429378531,0.9445558867325812,1.0
2,5,31,5,0.16129032258064516,0.10734463276836158,0.21966419136952464,1.0
2,6,31,3,0.0967741935483871,0.1638418079096045,0.9233046353867763,1.0
2,7,31,7,0.22580645161290322,0.15254237288135594,0.1638976441799259,1.0
2,8,31,8,0.25806451612903225,0.20903954802259886,0.3020671743570817,1.0
2,9,31,1,0.03225806451612903,0.14124293785310735,0.9945656741530505,1.0
2,10,31,7,0.22580645161290322,0.1807909604519774,0.3129293726141986,1.0
2,11,31,6,0.1935483870967742,0.15254237288135594,0.3236366484230709,1.0
2,12,31,11,0.3548387096774194,0.1694915254237288,0.004643165807724145,1.0
2,13,31,5,0.16129032258064516,0.1751412429378531,0.6745604802899784,1.0
2,14,31,3,0.0967741935483871,0.14689265536723164,0.8782832919232421,1.0
2,15,31,4,0.12903225806451613,0.1807909604519774,0.8621189331064227,1.0
2,16,31,2,0.06451612903225806,0.12994350282485875,0.942403425107336,1.0
2,17,31,3,0.0967741935483871,0.14689265536723164,0.8782832919232421,1.0
2,18,31,7,0.22580645161290322,0.20903954802259886,0.4836544969715149,1.0
2,19,31,4,0.12903225806451613,0.14124293785310735,0.6778439943185927,1.0
2,20,31,10,0.3225806451612903,0.15819209039548024,0.009352836196072387,1.0
2,21,31,1,0.03225806451612903,0.12994350282485875,0.9914671740899756,1.0
2,22,31,6,0.1935483870967742,0.15819209039548024,0.3599409675692402,1.0
2,23,31,6,0.1935483870967742,0.11864406779661017,0.13386534192451066,1.0
2,24,31,6,0.1935483870967742,0.1864406779661017,0.542446639199277,1.0
2,25,31,5,0.16129032258064516,0.1807909604519774,0.7056284448669354,1.0
2,26,31,5,0.16129032258064516,0.14124293785310735,0.45465203816227107,1.0
2,27,31,6,0.1935483870967742,0.12994350282485875,0.189748613831612,1.0
2,28,31,1,0.03225806451612903,0.11864406779661017,0.9866887915803622,1.0
2,29,31,5,0.16129032258064516,0.12429378531073447,0.3340586462905325,1.0
2,30,31,3,0.0967741935483871,0.15819209039548024,0.9102367375835165,1.0
2,31,31,6,0.1935483870967742,0.14689265536723164,0.28813909192459425,1.0
2,32,31,1,0.03225806451612903,0.14124293785310735,0.9945656741530505,1.0
2,33,31,4,0.12903225806451613,0.192090395480226,0.8953838612664383,1.0
2,34,31,4,0.12903225806451613,0.14689265536723164,0.7112159973323968,1.0
2,35,31,6,0.1935483870967742,0.1807909604519774,0.5067934715744105,1.0
2,36,31,4,0.12903225806451613,0.14124293785310735,0.6778439943185927,1.0
2,37,31,5,0.16129032258064516,0.1694915254237288,0.641638459762461,1.0
2,38,31,10,0.3225806451612903,0.1977401129943503,0.05156565682253372,1.0
3,1,25,2,0.08,0.1751412429378531,0.9600443419285761,1.0
3,2,25,4,0.16,0.1751412429378531,0.6778439943185927,1.0
3,3,25,3,0.12,0.14689265536723164,0.753385429172632,1.0
3,4,25,6,0.24,0.1751412429378531,0.2537792776215816,1.0
3,5,25,1,0.04,0.10734463276836158,0.9533515552004874,1.0
3,6,25,2,0.08,0.1638418079096045,0.946055671836549,1.0
3,7,25,7,0.28,0.15254237288135594,0.059754415582094676,1.0
3,8,25,9,0.36,0.20903954802259886,0.04610182163792965,1.0
3,9,25,2,0.08,0.14124293785310735,0.9041401183245809,1.0
3,10,25,2,0.08,0.1807909604519774,0.9657190814723253,1.0
3,11,25,3,0.12,0.15254237288135594,0.7782616168417449,1.0
3,12,25,2,0.08,0.1694915254237288,0.9535257583456699,1.0
3,13,25,4,0.16,0.1751412429378531,0.6778439943185927,1.0
3,14,25,4,0.16,0.14689265536723164,0.5204363229378377,1.0
3,15,25,4,0.16,0.1807909604519774,0.7051424233983776,1.0
3,16,25,3,0.12,0.12994350282485875,0.6666385869672414,1.0
3,17,25,6,0.24,0.14689265536723164,0.13387349045951052,1.0
3,18,25,8,0.32,0.20903954802259886,0.11595860465684574,1.0
3,19,25,2,0.08,0.14124293785310735,0.9041401183245809,1.0
3,20,25,4,0.16,0.15819209039548024,0.5872124955429573,1.0
3,21,25,6,0.24,0.12994350282485875,0.0802473722271385,1.0
3,22,25,2,0.08,0.15819209039548024,0.9375160750106741,1.0
3,23,25,0,0.0,0.11864406779661017,1,1.0
3,24,25,6,0.24,0.1864406779661017,0.309635252289328,1.0
3,25,25,4,0.16,0.1807909604519774,0.7051424233983776,1.0
3,26,25,5,0.2,0.14124293785310735,0.263011724765162,1.0
3,27,25,2,0.08,0.12994350282485875,0.8739014425236411,1.0
3,28,25,6,0.24,0.11864406779661017,0.053097438016137935,1.0
3,29,25,2,0.08,0.12429378531073447,0.8558785855187367,1.0
3,30,25,6,0.24,0.15819209039548024,0.17774813244538865,1.0
3,31,25,5,0.2,0.14689265536723164,0.2937589234093647,1.0
3,32,25,4,0.16,0.14124293785310735,0.48556287685653415,1.0
3,33,25,7,0.28,0.192090395480226,0.1743354520686008,1.0
3,34,25,3,0.12,0.14689265536723164,0.753385429172632,1.0
3,35,25,4,0.16,0.1807909604519774,0.7051424233983776,1.0
3,36,25,2,0.08,0.14124293785310735,0.9041401183245809,1.0
3,37,25,6,0.24,0.1694915254237288,0.22724795034671275,1.0
3,38,25,2,0.08,0.1977401129943503,0.9786110672882485,1.0
4,1,31,6,0.1935483870967742,0.1751412429378531,0.47044395301937075,1.0
4,2,31,7,0.22580645161290322,0.1751412429378531,0.2803850378197416,1.0
4,3,31,5,0.16129032258064516,0.14689265536723164,0.4942979777426703,1.0
4,4,31,4,0.12903225806451613,0.1751412429378531,0.8425576220764868,1.0
4,5,31,4,0.12903225806451613,0.10734463276836158,0.43445138072597,1.0
4,6,31,5,0.16129032258064516,0.1638418079096045,0.6069751092235709,1.0
4,7,31,4,0.12903225806451613,0.15254237288135594,0.7421953632167919,1.0
4,8,31,9,0.2903225806451613,0.20903954802259886,0.16238461849982538,1.0
4,9,31,5,0.16129032258064516,0.14124293785310735,0.45465203816227107,1.0
4,10,31,5,0.16129032258064516,0.1807909604519774,0.7056284448669354,1.0
4,11,31,2,0.06451612903225806,0.15254237288135594,0.9725828411424184,1.0
4,12,31,5,0.16129032258064516,0.1694915254237288,0.641638459762461,1.0
4,13,31,8,0.25806451612903225,0.1751412429378531,0.14129039847575067,1.0
4,14,31,3,0.0967741935483871,0.14689265536723164,0.8782832919232421,1.0
4,15,31,12,0.3870967741935484,0.1807909604519774,0.002226852479632836,1.0
4,16,31,1,0.03225806451612903,0.12994350282485875,0.9914671740899756,1.0
4,17,31,4,0.12903225806451613,0.14689265536723164,0.7112159973323968,1.0
4,18,31,8,0.25806451612903225,0.20903954802259886,0.3020671743570817,1.0
4,19,31,5,0.16129032258064516,0.14124293785310735,0.45465203816227107,1.0
4,20,31,4,0.12903225806451613,0.15819209039548024,0.7707738282451464,1.0
4,21,31,3,0.0967741935483871,0.12994350282485875,0.8128751277931673,1.0
4,22,31,3,0.0967741935483871,0.15819209039548024,0.9102367375835165,1.0
4,23,31,1,0.03225806451612903,0.11864406779661017,0.9866887915803622,1.0
4,24,31,3,0.0967741935483871,0.1864406779661017,0.960423775023904,1.0
4,25,31,7,0.22580645161290322,0.1807909604519774,0.3129293726141986,1.0
4,26,31,3,0.0967741935483871,0.14124293785310735,0.8590062963935291,1.0
4,27,31,6,0.1935483870967742,0.12994350282485875,0.189748613831612,1.0
4,28,31,6,0.1935483870967742,0.11864406779661017,0.13386534192451066,1.0
4,29,31,5,0.16129032258064516,0.12429378531073447,0.3340586462905325,1.0
4,30,31,4,0.12903225806451613,0.15819209039548024,0.7707738282451464,1.0
4,31,31,5,0.16129032258064516,0.14689265536723164,0.4942979777426703,1.0
4,32,31,3,0.0967741935483871,0.14124293785310735,0.8590062963935291,1.0
4,33,31,5,0.16129032258064516,0.192090395480226,0.7619399002812931,1.0
4,34,31,4,0.12903225806451613,0.14689265536723164,0.7112159973323968,1.0
4,35,31,8,0.25806451612903225,0.1807909604519774,0.1641552706966807,1.0
4,36,31,4,0.12903225806451613,0.14124293785310735,0.6778439943185927,1.0
4,37,31,3,0.0967741935483871,0.1694915254237288,0.9346850869271526,1.0
4,38,31,7,0.22580645161290322,0.1977401129943503,0.414798966809447,1.0
5,1,19,6,0.3157894736842105,0.1751412429378531,0.08786296153716046,1.0
5,2,19,3,0.15789473684210525,0.1751412429378531,0.6856756825625265,1.0
5,3,19,3,0.15789473684210525,0.14689265536723164,0.5530104244584015,1.0
5,4,19,5,0.2631578947368421,0.1751412429378531,0.21966419136952464,1.0
5,5,19,0,0.0,0.10734463276836158,1,1.0
5,6,19,1,0.05263157894736842,0.1638418079096045,0.9728118706831197,1.0
5,7,19,3,0.15789473684210525,0.15254237288135594,0.5816700310321854,1.0
5,8,19,2,0.10526315789473684,0.20903954802259886,0.940497099474732,1.0
5,9,19,1,0.05263157894736842,0.14124293785310735,0.9533515552004874,1.0
5,10,19,2,0.10526315789473684,0.1807909604519774,0.8961194022398355,1.0
5,11,19,6,0.3157894736842105,0.15254237288135594,0.0472526613916289,1.0
5,12,19,2,0.10526315789473684,0.1694915254237288,0.8715912000506805,1.0
5,13,19,4,0.21052631578947367,0.1751412429378531,0.43445138072597,1.0
5,14,19,0,0.0,0.14689265536723164,1,1.0
5,15,19,2,0.10526315789473684,0.1807909604519774,0.8961194022398355,1.0
5,16,19,4,0.21052631578947367,0.12994350282485875,0.2185330963747408,1.0
5,17,19,6,0.3157894736842105,0.14689265536723164,0.03950399852368617,1.0
5,18,19,5,0.2631578947368421,0.20903954802259886,0.36088577795104143,1.0
5,19,19,4,0.21052631578947367,0.14124293785310735,0.26987061025240466,1.0
5,20,19,3,0.15789473684210525,0.15819209039548024,0.609320819454572,1.0
5,21,19,2,0.10526315789473684,0.12994350282485875,0.744007956094615,1.0
5,22,19,3,0.15789473684210525,0.15819209039548024,0.609320819454572,1.0
5,23,19,2,0.10526315789473684,0.11864406779661017,0.69316649960367,1.0
5,24,19,1,0.05263157894736842,0.1864406779661017,0.9844025585234984,1.0
5,25,19,3,0.15789473684210525,0.1807909604519774,0.7088163244416614,1.0
5,26,19,6,0.3157894736842105,0.14124293785310735,0.03265589095561304,1.0
5,27,19,6,0.3157894736842105,0.12994350282485875,0.021481862693150944,1.0
5,28,19,3,0.15789473684210525,0.11864406779661017,0.3979374493449128,1.0
5,29,19,3,0.15789473684210525,0.12429378531073447,0.4301098458474697,1.0
5,30,19,3,0.15789473684210525,0.15819209039548024,0.609320819454572,1.0
5,31,19,5,0.2631578947368421,0.14689265536723164,0.12307886231363986,1.0
5,32,19,2,0.10526315789473684,0.14124293785310735,0.7879932620678867,1.0
5,33,19,2,0.10526315789473684,0.192090395480226,0.9164886987612313,1.0
5,34,19,3,0.15789473684210525,0.14689265536723164,0.5530104244584015,1.0
5,35,19,2,0.10526315789473684,0.1807909604519774,0.8961194022398355,1.0
5,36,19,0,0.0,0.14124293785310735,1,1.0
5,37,19,3,0.15789473684210525,0.1694915254237288,0.6613636533525372,1.0
5,38,19,3,0.15789473684210525,0.1977401129943503,0.7711625373119045,1.0
6,1,29,7,0.2413793103448276,0.1751412429378531,0.21894701222751775,1.0
6,2,29,5,0.1724137931034483,0.1751412429378531,0.6069751092235709,1.0
6,3,29,4,0.13793103448275862,0.14689265536723164,0.6536025713293654,1.0
6,4,29,3,0.10344827586206896,0.1751412429378531,0.9233046353867763,1.0
6,5,29,1,0.034482758620689655,0.10734463276836158,0.9728118706831197,1.0
6,6,29,5,0.1724137931034483,0.1638418079096045,0.5379384206575543,1.0
6,7,29,2,0.06896551724137931,0.15254237288135594,0.9617886009507934,1.0
6,8,29,4,0.13793103448275862,0.20903954802259886,0.9044962152605834,1.0
6,9,29,7,0.2413793103448276,0.14124293785310735,0.08533218283008233,1.0
6,10,29,8,0.27586206896551724,0.1807909604519774,0.11892683842835063,1.0
6,11,29,7,0.2413793103448276,0.15254237288135594,0.12254619168027166,1.0
6,12,29,1,0.034482758620689655,0.1694915254237288,0.9973092179285341,1.0
6,13,29,4,0.13793103448275862,0.1751412429378531,0.7969816232885986,1.0
6,14,29,4,0.13793103448275862,0.14689265536723164,0.6536025713293654,1.0
6,15,29,5,0.1724137931034483,0.1807909604519774,0.6395104712210071,1.0
6,16,29,6,0.20689655172413793,0.12994350282485875,0.14783410953027762,1.0
6,17,29,4,0.13793103448275862,0.14689265536723164,0.6536025713293654,1.0
6,18,29,10,0.3448275862068966,0.20903954802259886,0.04744456396098098,1.0
6,19,29,3,0.10344827586206896,0.14124293785310735,0.8222315178613626,1.0
6,20,29,2,0.06896551724137931,0.15819209039548024,0.9679598474535912,1.0
6,21,29,6,0.20689655172413793,0.12994350282485875,0.14783410953027762,1.0
6,22,29,5,0.1724137931034483,0.15819209039548024,0.5017976760422104,1.0
6,23,29,1,0.034482758620689655,0.11864406779661017,0.9819023465580776,1.0
6,24,29,7,0.2413793103448276,0.1864406779661017,0.2761914495227397,1.0
6,25,29,8,0.27586206896551724,0.1807909604519774,0.11892683842835063,1.0
6,26,29,3,0.10344827586206896,0.14124293785310735,0.8222315178613626,1.0
6,27,29,3,0.10344827586206896,0.12994350282485875,0.7708626009808017,1.0
6,28,29,6,0.20689655172413793,0.11864406779661017,0.10210975123960728,1.0
6,29,29,4,0.13793103448275862,0.12429378531073447,0.5040362254357296,1.0
6,30,29,3,0.10344827586206896,0.15819209039548024,0.8815623964144217,1.0
6,31,29,3,0.10344827586206896,0.14689265536723164,0.844226597843797,1.0
6,32,29,6,0.20689655172413793,0.14124293785310735,0.20185664104068593,1.0
6,33,29,7,0.2413793103448276,0.192090395480226,0.30646803466426203,1.0
6,34,29,2,0.06896551724137931,0.14689265536723164,0.9545414280026117,1.0
6,35,29,7,0.2413793103448276,0.1807909604519774,0.24695266089128454,1.0
6,36,29,4,0.13793103448275862,0.14124293785310735,0.6188061220449851,1.0
6,37,29,5,0.1724137931034483,0.1694915254237288,0.5730633173161426,1.0
6,38,29,2,0.06896551724137931,0.1977401129943503,0.9912690913645776,1.0
7,1,27,6,0.2222222222222222,0.1751412429378531,0.3236366484230709,1.0
7,2,27,3,0.1111111111111111,0.1751412429378531,0.8952942830115482,1.0
7,3,27,4,0.14814814814814814,0.14689265536723164,0.589726299770573,1.0
7,4,27,8,0.2962962962962963,0.1751412429378531,0.06881490355900623,1.0
7,5,27,0,0.0,0.10734463276836158,1,1.0
7,6,27,4,0.14814814814814814,0.1638418079096045,0.6864252513914529,1.0
7,7,27,3,0.1111111111111111,0.15254237288135594,0.825259731081413,1.0
7,8,27,6,0.2222222222222222,0.20903954802259886,0.5152653298552023,1.0
7,9,27,7,0.25925925925925924,0.14124293785310735,0.059754415582094676,1.0
7,10,27,7,0.25925925925925924,0.1807909604519774,0.18687380232448783,1.0
7,11,27,1,0.037037037037037035,0.15254237288135594,0.9923278554664712,1.0
7,12,27,5,0.18518518518518517,0.1694915254237288,0.4993027088077612,1.0
7,13,27,9,0.3333333333333333,0.1751412429378531,0.023893923738099294,1.0
7,14,27,2,0.07407407407407407,0.14689265536723164,0.9381887488442913,1.0
7,15,27,3,0.1111111111111111,0.1807909604519774,0.9085286251572452,1.0
7,16,27,3,0.1111111111111111,0.12994350282485875,0.7221860617076259,1.0
7,17,27,4,0.14814814814814814,0.14689265536723164,0.589726299770573,1.0
7,18,27,7,0.25925925925925924,0.20903954802259886,0.3201073115979276,1.0
7,19,27,4,0.14814814814814814,0.14124293785310735,0.5543759278197282,1.0
7,20,27,8,0.2962962962962963,0.15819209039548024,0.038131966368502954,1.0
7,21,27,3,0.1111111111111111,0.12994350282485875,0.7221860617076259,1.0
7,22,27,6,0.2222222222222222,0.15819209039548024,0.2336717348795003,1.0
7,23,27,1,0.037037037037037035,0.11864406779661017,0.9755037212677468,1.0
7,24,27,7,0.25925925925925924,0.1864406779661017,0.21125168895001775,1.0
7,25,27,3,0.1111111111111111,0.1807909604519774,0.9085286251572452,1.0
7,26,27,4,0.14814814814814814,0.14124293785310735,0.5543759278197282,1.0
7,27,27,2,0.07407407407407407,0.12994350282485875,0.9021151800087246,1.0
7,28,27,2,0.07407407407407407,0.11864406779661017,0.8686622594124577,1.0
7,29,27,3,0.1111111111111111,0.12429378531073447,0.6905931563203092,1.0
7,30,27,5,0.18518518518518517,0.15819209039548024,0.4300081689113391,1.0
7,31,27,4,0.14814814814814814,0.14689265536723164,0.589726299770573,1.0
7,32,27,4,0.14814814814814814,0.14124293785310735,0.5543759278197282,1.0
7,33,27,4,0.14814814814814814,0.192090395480226,0.8123245919534603,1.0
7,34,27,6,0.2222222222222222,0.14689265536723164,0.1796893885298831,1.0
7,35,27,1,0.037037037037037035,0.1807909604519774,0.9971978855979283,1.0
7,36,27,3,0.1111111111111111,0.14124293785310735,0.7782616168417449,1.0
7,37,27,3,0.1111111111111111,0.1694915254237288,0.8804782585152815,1.0
7,38,27,7,0.25925925925925924,0.1977401129943503,0.2637062302047171,1.0
8,1,37,7,0.1891891891891892,0.1751412429378531,0.4836544969715149,1.0
8,2,37,10,0.2702702702702703,0.1751412429378531,0.07465555564032446,1.0
8,3,37,5,0.13513513513513514,0.14689265536723164,0.6765417477205892,1.0
8,4,37,8,0.21621621621621623,0.1751412429378531,0.3020671743570817,1.0
8,5,37,0,0.0,0.10734463276836158,1,1.0
8,6,37,7,0.1891891891891892,0.1638418079096045,0.40143704420134063,1.0
8,7,37,5,0.13513513513513514,0.15254237288135594,0.7131954790536317,1.0
8,8,37,6,0.16216216216216217,0.20903954802259886,0.8454564257288264,1.0
8,9,37,3,0.08108108108108109,0.14124293785310735,0.9338114382741488,1.0
8,10,37,5,0.13513513513513514,0.1807909604519774,0.8545112918506627,1.0
8,11,37,8,0.21621621621621623,0.15254237288135594,0.16885984744853963,1.0
8,12,37,5,0.13513513513513514,0.1694915254237288,0.8062469265105772,1.0
8,13,37,8,0.21621621621621623,0.1751412429378531,0.3020671743570817,1.0
8,14,37,8,0.21621621621621623,0.14689265536723164,0.14108253539171905,1.0
8,15,37,7,0.1891891891891892,0.1807909604519774,0.5240514575093012,1.0
8,16,37,7,0.1891891891891892,0.12994350282485875,0.17435887526065957,1.0
8,17,37,6,0.16216216216216217,0.14689265536723164,0.47189688135358576,1.0
8,18,37,11,0.2972972972972973,0.20903954802259886,0.10638523109981403,1.0
8,19,37,4,0.10810810810810811,0.14124293785310735,0.8184574767280101,1.0
8,20,37,4,0.10810810810810811,0.15819209039548024,0.887055861755335,1.0
8,21,37,4,0.10810810810810811,0.12994350282485875,0.7570974087541461,1.0
8,22,37,2,0.05405405405405406,0.15819209039548024,0.9924617733168716,1.0
8,23,37,5,0.13513513513513514,0.11864406779661017,0.4577426886682056,1.0
8,24,37,6,0.16216216216216217,0.1864406779661017,0.7407186271624664,1.0
8,25,37,8,0.21621621621621623,0.1807909604519774,0.33937963790799264,1.0
8,26,37,4,0.10810810810810811,0.14124293785310735,0.8184574767280101,1.0
8,27,37,4,0.10810810810810811,0.12994350282485875,0.7570974087541461,1.0
8,28,37,4,0.10810810810810811,0.11864406779661017,0.6819953872784356,1.0
8,29,37,7,0.1891891891891892,0.12429378531073447,0.14383528213965097,1.0
8,30,37,5,0.13513513513513514,0.15819209039548024,0.74704440311945,1.0
8,31,37,5,0.13513513513513514,0.14689265536723164,0.6765417477205892,1.0
8,32,37,7,0.1891891891891892,0.14124293785310735,0.2432531870468706,1.0
8,33,37,8,0.21621621621621623,0.192090395480226,0.41631602429030173,1.0
8,34,37,6,0.16216216216216217,0.14689265536723164,0.47189688135358576,1.0
8,35,37,4,0.10810810810810811,0.1807909604519774,0.9437966618711628,1.0
8,36,37,6,0.16216216216216217,0.14124293785310735,0.42781952552069274,1.0
8,37,37,6,0.16216216216216217,0.1694915254237288,0.6370872815323055,1.0
8,38,37,7,0.1891891891891892,0.1977401129943503,0.6382496525500798,1.0
9,1,25,2,0.08,0.1751412429378531,0.9600443419285761,1.0
9,2,25,7,0.28,0.1751412429378531,0.11670075336809267,1.0
9,3,25,1,0.04,0.14689265536723164,0.9863851765174774,1.0
9,4,25,4,0.16,0.1751412429378531,0.6778439943185927,1.0
9,5,25,2,0.08,0.10734463276836158,0.7879932620678867,1.0
9,6,25,2,0.08,0.1638418079096045,0.946055671836549,1.0
9,7,25,6,0.24,0.15254237288135594,0.15505036899591507,1.0
9,8,25,1,0.04,0.20903954802259886,0.9982771071568435,1.0
9,9,25,4,0.16,0.14124293785310735,0.48556287685653415,1.0
9,10,25,3,0.12,0.1807909604519774,0.8749232487723378,1.0
9,11,25,3,0.12,0.15254237288135594,0.7782616168417449,1.0
9,12,25,2,0.08,0.1694915254237288,0.9535257583456699,1.0
9,13,25,3,0.12,0.1751412429378531,0.8590062963935291,1.0
9,14,25,3,0.12,0.14689265536723164,0.753385429172632,1.0
9,15,25,5,0.2,0.1807909604519774,0.48675499076009815,1.0
9,16,25,4,0.16,0.12994350282485875,0.41384071011436013,1.0
9,17,25,5,0.2,0.14689265536723164,0.2937589234093647,1.0
9,18,25,6,0.24,0.20903954802259886,0.42781952552069274,1.0
9,19,25,5,0.2,0.14124293785310735,0.263011724765162,1.0
9,20,25,2,0.08,0.15819209039548024,0.9375160750106741,1.0
9,21,25,3,0.12,0.12994350282485875,0.6666385869672414,1.0
9,22,25,3,0.12,0.15819209039548024,0.8011875113975995,1.0
9,23,25,5,0.2,0.11864406779661017,0.15226441826115208,1.0
9,24,25,4,0.16,0.1864406779661017,0.7309022727654613,1.0
9,25,25,7,0.28,0.1807909604519774,0.13453973940108094,1.0
9,26,25,6,0.24,0.14124293785310735,0.11430709132229061,1.0
9,27,25,1,0.04,0.12994350282485875,0.9767477837277636,1.0
9,28,25,1,0.04,0.11864406779661017,0.966985402850107,1.0
9,29,25,2,0.08,0.12429378531073447,0.8558785855187367,1.0
9,30,25,6,0.24,0.15819209039548024,0.17774813244538865,1.0
9,31,25,5,0.2,0.14689265536723164,0.2937589234093647,1.0
9,32,25,3,0.12,0.14124293785310735,0.7265066861455404,1.0
9,33,25,2,0.08,0.192090395480226,0.9749185454562674,1.0
9,34,25,4,0.16,0.14689265536723164,0.5204363229378377,1.0
9,35,25,9,0.36,0.1807909604519774,0.017152840237577703,1.0
9,36,25,5,0.2,0.14124293785310735,0.263011724765162,1.0
9,37,25,5,0.2,0.1694915254237288,0.42225320581699854,1.0
9,38,25,9,0.36,0.1977401129943503,0.03200979409015793,1.0
10,1,31,3,0.0967741935483871,0.1751412429378531,0.9445558867325812,1.0
10,2,31,4,0.12903225806451613,0.1751412429378531,0.8425576220764868,1.0
10,3,31,6,0.1935483870967742,0.14689265536723164,0.28813909192459425,1.0
10,4,31,4,0.12903225806451613,0.1751412429378531,0.8425576220764868,1.0
10,5,31,1,0.03225806451612903,0.10734463276836158,0.9793652145945796,1.0
10,6,31,6,0.1935483870967742,0.1638418079096045,0.3967219993975157,1.0
10,7,31,5,0.16129032258064516,0.15254237288135594,0.5330846434971247,1.0
10,8,31,6,0.1935483870967742,0.20903954802259886,0.6739111498268953,1.0
10,9,31,5,0.16129032258064516,0.14124293785310735,0.45465203816227107,1.0
10,10,31,5,0.16129032258064516,0.1807909604519774,0.7056284448669354,1.0
10,11,31,5,0.16129032258064516,0.15254237288135594,0.5330846434971247,1.0
10,12,31,7,0.22580645161290322,0.1694915254237288,0.24897657087109848,1.0
10,13,31,8,0.25806451612903225,0.1751412429378531,0.14129039847575067,1.0
10,14,31,8,0.25806451612903225,0.14689265536723164,0.05550498361207083,1.0
10,15,31,6,0.1935483870967742,0.1807909604519774,0.5067934715744105,1.0
10,16,31,4,0.12903225806451613,0.12994350282485875,0.6041906487870066,1.0
10,17,31,4,0.12903225806451613,0.14689265536723164,0.7112159973323968,1.0
10,18,31,9,0.2903225806451613,0.20903954802259886,0.16238461849982538,1.0
10,19,31,4,0.12903225806451613,0.14124293785310735,0.6778439943185927,1.0
10,20,31,5,0.16129032258064516,0.15819209039548024,0.5707245730466648,1.0
10,21,31,6,0.1935483870967742,0.12994350282485875,0.189748613831612,1.0
10,22,31,5,0.16129032258064516,0.15819209039548024,0.5707245730466648,1.0
10,23,31,4,0.12903225806451613,0.11864406779661017,0.5223419377983833,1.0
10,24,31,5,0.16129032258064516,0.1864406779661017,0.7347680530218744,1.0
10,25,31,3,0.0967741935483871,0.1807909604519774,0.9530838474525286,1.0
10,26,31,5,0.16129032258064516,0.14124293785310735,0.45465203816227107,1.0
10,27,31,4,0.12903225806451613,0.12994350282485875,0.6041906487870066,1.0
10,28,31,2,0.06451612903225806,0.11864406779661017,0.9179142147455663,1.0
10,29,31,4,0.12903225806451613,0.12429378531073447,0.5641826692445724,1.0
10,30,31,4,0.12903225806451613,0.15819209039548024,0.7707738282451464,1.0
10,31,31,5,0.16129032258064516,0.14689265536723164,0.4942979777426703,1.0
10,32,31,4,0.12903225806451613,0.14124293785310735,0.6778439943185927,1.0
10,33,31,4,0.12903225806451613,0.192090395480226,0.8953838612664383,1.0
10,34,31,5,0.16129032258064516,0.14689265536723164,0.4942979777426703,1.0
10,35,31,7,0.22580645161290322,0.1807909604519774,0.3129293726141986,1.0
10,36,31,4,0.12903225806451613,0.14124293785310735,0.6778439943185927,1.0
10,37,31,3,0.0967741935483871,0.1694915254237288,0.9346850869271526,1.0
10,38,31,7,0.22580645161290322,0.1977401129943503,0.414798966809447,1.0
11,1,27,4,0.14814814814814814,0.1751412429378531,0.7421953632167919,1.0
11,2,27,4,0.14814814814814814,0.1751412429378531,0.7421953632167919,1.0
11,3,27,5,0.18518518518518517,0.14689265536723164,0.35994888209008213,1.0
11,4,27,5,0.18518518518518517,0.1751412429378531,0.5330846434971247,1.0
11,5,27,2,0.07407407407407407,0.10734463276836158,0.8256475759355965,1.0
11,6,27,2,0.07407407407407407,0.1638418079096045,0.9617886009507934,1.0
11,7,27,7,0.25925925925925924,0.15254237288135594,0.0877689845289869,1.0
11,8,27,3,0.1111111111111111,0.20903954802259886,0.9552967407543377,1.0
11,9,27,3,0.1111111111111111,0.14124293785310735,0.7782616168417449,1.0
11,10,27,6,0.2222222222222222,0.1807909604519774,0.3551973052150516,1.0
11,11,27,6,0.2222222222222222,0.15254237288135594,0.20595236110156773,1.0
11,12,27,3,0.1111111111111111,0.1694915254237288,0.8804782585152815,1.0
11,13,27,5,0.18518518518518517,0.1751412429378531,0.5330846434971247,1.0
11,14,27,4,0.14814814814814814,0.14689265536723164,0.589726299770573,1.0
11,15,27,8,0.2962962962962963,0.1807909604519774,0.08183993652077604,1.0
11,16,27,3,0.1111111111111111,0.12994350282485875,0.7221860617076259,1.0
11,17,27,4,0.14814814814814814,0.14689265536723164,0.589726299770573,1.0
11,18,27,3,0.1111111111111111,0.20903954802259886,0.9552967407543377,1.0
11,19,27,4,0.14814814814814814,0.14124293785310735,0.5543759278197282,1.0
11,20,27,4,0.14814814814814814,0.15819209039548024,0.6558662044370956,1.0
11,21,27,2,0.07407407407407407,0.12994350282485875,0.9021151800087246,1.0
11,22,27,2,0.07407407407407407,0.15819209039548024,0.9550412330335207,1.0
11,23,27,1,0.037037037037037035,0.11864406779661017,0.9755037212677468,1.0
11,24,27,5,0.18518518518518517,0.1864406779661017,0.5979627294715572,1.0
11,25,27,5,0.18518518518518517,0.1807909604519774,0.56602674317899,1.0
11,26,27,4,0.14814814814814814,0.14124293785310735,0.5543759278197282,1.0
11,27,27,4,0.14814814814814814,0.12994350282485875,0.47997378707153143,1.0
11,28,27,3,0.1111111111111111,0.11864406779661017,0.6566105030584488,1.0
11,29,27,3,0.1111111111111111,0.12429378531073447,0.6905931563203092,1.0
11,30,27,5,0.18518518518518517,0.15819209039548024,0.4300081689113391,1.0
11,31,27,6,0.2222222222222222,0.14689265536723164,0.1796893885298831,1.0
11,32,27,5,0.18518518518518517,0.14124293785310735,0.3252835948669669,1.0
11,33,27,9,0.3333333333333333,0.192090395480226,0.0444518039735496,1.0
11,34,27,5,0.18518518518518517,0.14689265536723164,0.35994888209008213,1.0
11,35,27,5,0.18518518518518517,0.1807909604519774,0.56602674317899,1.0
11,36,27,4,0.14814814814814814,0.14124293785310735,0.5543759278197282,1.0
11,37,27,5,0.18518518518518517,0.1694915254237288,0.4993027088077612,1.0
11,38,27,4,0.14814814814814814,0.1977401129943503,0.8322016596331808,1.0
12,1,30,3,0.1,0.1751412429378531,0.9346850869271526,1.0
12,2,30,8,0.26666666666666666,0.1751412429378531,0.12027846239860965,1.0
12,3,30,5,0.16666666666666666,0.14689265536723164,0.4610465445462064,1.0
12,4,30,7,0.23333333333333334,0.1751412429378531,0.24897657087109848,1.0
12,5,30,5,0.16666666666666666,0.10734463276836158,0.19840592849333688,1.0
12,6,30,6,0.2,0.1638418079096045,0.3623139373646128,1.0
12,7,30,4,0.13333333333333333,0.15254237288135594,0.7152133348658671,1.0
12,8,30,4,0.13333333333333333,0.20903954802259886,0.9196114904528921,1.0
12,9,30,5,0.16666666666666666,0.14124293785310735,0.42225320581699854,1.0
12,10,30,7,0.23333333333333334,0.1807909604519774,0.27933522056830745,1.0
12,11,30,3,0.1,0.15254237288135594,0.8804782585152815,1.0
12,12,30,10,0.3333333333333333,0.1694915254237288,0.012643840185318146,1.0
12,13,30,6,0.2,0.1751412429378531,0.43365835652911994,1.0
12,14,30,3,0.1,0.14689265536723164,0.8621154892209022,1.0
12,15,30,6,0.2,0.1807909604519774,0.46927138790469203,1.0
12,16,30,7,0.23333333333333334,0.12994350282485875,0.0664950714801634,1.0
12,17,30,0,0.0,0.14689265536723164,1,1.0
12,18,30,4,0.13333333333333333,0.20903954802259886,0.9196114904528921,1.0
12,19,30,5,0.16666666666666666,0.14124293785310735,0.42225320581699854,1.0
12,20,30,5,0.16666666666666666,0.15819209039548024,0.5367272173244996,1.0
12,21,30,5,0.16666666666666666,0.12994350282485875,0.3444034514847204,1.0
12,22,30,5,0.16666666666666666,0.15819209039548024,0.5367272173244996,1.0
12,23,30,2,0.06666666666666667,0.11864406779661017,0.9074329482734105,1.0
12,24,30,3,0.1,0.1864406779661017,0.9526103037382463,1.0
12,25,30,3,0.1,0.1807909604519774,0.944280791225486,1.0
12,26,30,6,0.2,0.14124293785310735,0.22724795034671275,1.0
12,27,30,3,0.1,0.12994350282485875,0.7926798556312807,1.0
12,28,30,2,0.06666666666666667,0.11864406779661017,0.9074329482734105,1.0
12,29,30,5,0.16666666666666666,0.12429378531073447,0.30609158573647816,1.0
12,30,30,5,0.16666666666666666,0.15819209039548024,0.5367272173244996,1.0
12,31,30,5,0.16666666666666666,0.14689265536723164,0.4610465445462064,1.0
12,32,30,4,0.13333333333333333,0.14124293785310735,0.649045032233906,1.0
12,33,30,5,0.16666666666666666,0.192090395480226,0.7321385194161242,1.0
12,34,30,3,0.1,0.14689265536723164,0.8621154892209022,1.0
12,35,30,6,0.2,0.1807909604519774,0.46927138790469203,1.0
12,36,30,4,0.13333333333333333,0.14124293785310735,0.649045032233906,1.0
12,37,30,5,0.16666666666666666,0.1694915254237288,0.6080932818215996,1.0
12,38,30,6,0.2,0.1977401129943503,0.5728365926095851,1.0
13,1,30,8,0.26666666666666666,0.1751412429378531,0.12027846239860965,1.0
13,2,30,6,0.2,0.1751412429378531,0.43365835652911994,1.0
13,3,30,2,0.06666666666666667,0.14689265536723164,0.9611432807727338,1.0
13,4,30,10,0.3333333333333333,0.1751412429378531,0.016453685127029574,1.0
13,5,30,3,0.1,0.10734463276836158,0.6613636533525372,1.0
13,6,30,4,0.13333333333333333,0.1638418079096045,0.7724646537318207,1.0
13,7,30,10,0.3333333333333333,0.15254237288135594,0.005166171561615253,1.0
13,8,30,7,0.23333333333333334,0.20903954802259886,0.44265090799406226,1.0
13,9,30,4,0.13333333333333333,0.14124293785310735,0.649045032233906,1.0
13,10,30,2,0.06666666666666667,0.1807909604519774,0.9874157667379942,1.0
13,11,30,4,0.13333333333333333,0.15254237288135594,0.7152133348658671,1.0
13,12,30,3,0.1,0.1694915254237288,0.9236717467267884,1.0
13,13,30,3,0.1,0.1751412429378531,0.9346850869271526,1.0
13,14,30,5,0.16666666666666666,0.14689265536723164,0.4610465445462064,1.0
13,15,30,2,0.06666666666666667,0.1807909604519774,0.9874157667379942,1.0
13,16,30,3,0.1,0.12994350282485875,0.7926798556312807,1.0
13,17,30,8,0.26666666666666666,0.14689265536723164,0.04588145530366418,1.0
13,18,30,8,0.26666666666666666,0.20903954802259886,0.26602006316811233,1.0
13,19,30,4,0.13333333333333333,0.14124293785310735,0.649045032233906,1.0
13,20,30,3,0.1,0.15819209039548024,0.8967403270023839,1.0
13,21,30,2,0.06666666666666667,0.12994350282485875,0.9340467607644865,1.0
13,22,30,5,0.16666666666666666,0.15819209039548024,0.5367272173244996,1.0
13,23,30,3,0.1,0.11864406779661017,0.7328952960437219,1.0
13,24,30,6,0.2,0.1864406779661017,0.5044932672115159,1.0
13,25,30,3,0.1,0.1807909604519774,0.944280791225486,1.0
13,26,30,7,0.23333333333333334,0.14124293785310735,0.10029140381657874,1.0
13,27,30,2,0.06666666666666667,0.12994350282485875,0.9340467607644865,1.0
13,28,30,2,0.06666666666666667,0.11864406779661017,0.9074329482734105,1.0
13,29,30,5,0.16666666666666666,0.12429378531073447,0.30609158573647816,1.0
13,30,30,1,0.03333333333333333,0.15819209039548024,0.9966308695071562,1.0
13,31,30,4,0.13333333333333333,0.14689265536723164,0.6832265754498514,1.0
13,32,30,7,0.23333333333333334,0.14124293785310735,0.10029140381657874,1.0
13,33,30,7,0.23333333333333334,0.192090395480226,0.3430596537219067,1.0
13,34,30,5,0.16666666666666666,0.14689265536723164,0.4610465445462064,1.0
13,35,30,7,0.23333333333333334,0.1807909604519774,0.27933522056830745,1.0
13,36,30,3,0.1,0.14124293785310735,0.8414744607088578,1.0
13,37,30,6,0.2,0.1694915254237288,0.39791349478885774,1.0
13,38,30,6,0.2,0.1977401129943503,0.5728365926095851,1.0
14,1,27,3,0.1111111111111111,0.1751412429378531,0.8952942830115482,1.0
14,2,27,6,0.2222222222222222,0.1751412429378531,0.3236366484230709,1.0
14,3,27,2,0.07407407407407407,0.14689265536723164,0.9381887488442913,1.0
14,4,27,4,0.14814814814814814,0.1751412429378531,0.7421953632167919,1.0
14,5,27,5,0.18518518518518517,0.10734463276836158,0.14031208979591506,1.0
14,6,27,1,0.037037037037037035,0.1638418079096045,0.9948488500729247,1.0
14,7,27,3,0.1111111111111111,0.15254237288135594,0.825259731081413,1.0
14,8,27,7,0.25925925925925924,0.20903954802259886,0.3201073115979276,1.0
14,9,27,4,0.14814814814814814,0.14124293785310735,0.5543759278197282,1.0
14,10,27,4,0.14814814814814814,0.1807909604519774,0.7673623089364778,1.0
14,11,27,5,0.18518518518518517,0.15254237288135594,0.39494809140565357,1.0
14,12,27,6,0.2222222222222222,0.1694915254237288,0.2927194217953654,1.0
14,13,27,4,0.14814814814814814,0.1751412429378531,0.7421953632167919,1.0
14,14,27,7,0.25925925925925924,0.14689265536723164,0.07292030388268828,1.0
14,15,27,3,0.1111111111111111,0.1807909604519774,0.9085286251572452,1.0
14,16,27,4,0.14814814814814814,0.12994350282485875,0.47997378707153143,1.0
14,17,27,5,0.18518518518518517,0.14689265536723164,0.35994888209008213,1.0
14,18,27,7,0.25925925925925924,0.20903954802259886,0.3201073115979276,1.0
14,19,27,2,0.07407407407407407,0.14124293785310735,0.927778320466883,1.0
14,20,27,6,0.2222222222222222,0.15819209039548024,0.2336717348795003,1.0
14,21,27,3,0.1111111111111111,0.12994350282485875,0.7221860617076259,1.0
14,22,27,4,0.14814814814814814,0.15819209039548024,0.6558662044370956,1.0
14,23,27,5,0.18518518518518517,0.11864406779661017,0.1957115737536496,1.0
14,24,27,8,0.2962962962962963,0.1864406779661017,0.09632736628680524,1.0
14,25,27,3,0.1111111111111111,0.1807909604519774,0.9085286251572452,1.0
14,26,27,2,0.07407407407407407,0.14124293785310735,0.927778320466883,1.0
14,27,27,5,0.18518518518518517,0.12994350282485875,0.25809994771022354,1.0
14,28,27,4,0.14814814814814814,0.11864406779661017,0.4022554922802816,1.0
14,29,27,5,0.18518518518518517,0.12429378531073447,0.22616356174155045,1.0
14,30,27,5,0.18518518518518517,0.15819209039548024,0.4300081689113391,1.0
14,31,27,2,0.07407407407407407,0.14689265536723164,0.9381887488442913,1.0
14,32,27,6,0.2222222222222222,0.14124293785310735,0.15505036899591507,1.0
14,33,27,4,0.14814814814814814,0.192090395480226,0.8123245919534603,1.0
14,34,27,3,0.1111111111111111,0.14689265536723164,0.8028531799379848,1.0
14,35,27,4,0.14814814814814814,0.1807909604519774,0.7673623089364778,1.0
14,36,27,3,0.1111111111111111,0.14124293785310735,0.7782616168417449,1.0
14,37,27,5,0.18518518518518517,0.1694915254237288,0.4993027088077612,1.0
14,38,27,3,0.1111111111111111,0.1977401129943503,0.9399985175577072,1.0
15,1,32,5,0.15625,0.1751412429378531,0.7056284448669354,1.0
15,2,32,2,0.0625,0.1751412429378531,0.9897834853094057,1.0
15,3,32,7,0.21875,0.14689265536723164,0.15964280007908105,1.0
15,4,32,7,0.21875,0.1751412429378531,0.3129293726141986,1.0
15,5,32,2,0.0625,0.10734463276836158,0.8961194022398355,1.0
15,6,32,7,0.21875,0.1638418079096045,0.24695266089128454,1.0
15,7,32,5,0.15625,0.15254237288135594,0.56602674317899,1.0
15,8,32,7,0.21875,0.20903954802259886,0.5240514575093012,1.0
15,9,32,3,0.09375,0.14124293785310735,0.8749232487723378,1.0
15,10,32,2,0.0625,0.1807909604519774,0.9917273930680349,1.0
15,11,32,5,0.15625,0.15254237288135594,0.56602674317899,1.0
15,12,32,5,0.15625,0.1694915254237288,0.6735582878842701,1.0
15,13,32,4,0.125,0.1751412429378531,0.8621189331064227,1.0
15,14,32,2,0.0625,0.14689265536723164,0.971792048352478,1.0
15,15,32,4,0.125,0.1807909604519774,0.8801873065039368,1.0
15,16,32,4,0.125,0.12994350282485875,0.6327775637193573,1.0
15,17,32,8,0.25,0.14689265536723164,0.06640286041793773,1.0
15,18,32,6,0.1875,0.20903954802259886,0.7084941557463401,1.0
15,19,32,7,0.21875,0.14124293785310735,0.13453973940108094,1.0
15,20,32,3,0.09375,0.15819209039548024,0.9221935245674155,1.0
15,21,32,2,0.0625,0.12994350282485875,0.9497965927622544,1.0
15,22,32,7,0.21875,0.15819209039548024,0.2160498761588522,1.0
15,23,32,4,0.125,0.11864406779661017,0.5510818531361766,1.0
15,24,32,10,0.3125,0.1864406779661017,0.042753635806500136,1.0
15,25,32,6,0.1875,0.1807909604519774,0.5435643227997404,1.0
15,26,32,6,0.1875,0.14124293785310735,0.2812960941340048,1.0
15,27,32,3,0.09375,0.12994350282485875,0.8315059102835615,1.0
15,28,32,3,0.09375,0.11864406779661017,0.7765965911124243,1.0
15,29,32,5,0.15625,0.12429378531073447,0.3624301011752772,1.0
15,30,32,9,0.28125,0.15819209039548024,0.03807582576922945,1.0
15,31,32,6,0.1875,0.14689265536723164,0.3177920823504819,1.0
15,32,32,2,0.0625,0.14124293785310735,0.9657190814723253,1.0
15,33,32,8,0.25,0.192090395480226,0.2456218087333504,1.0
15,34,32,2,0.0625,0.14689265536723164,0.971792048352478,1.0
15,35,32,6,0.1875,0.1807909604519774,0.5435643227997404,1.0
15,36,32,6,0.1875,0.14124293785310735,0.2812960941340048,1.0
15,37,32,6,0.1875,0.1694915254237288,0.46927138790469203,1.0
15,38,32,6,0.1875,0.1977401129943503,0.6470060317864718,1.0
16,1,23,5,0.21739130434782608,0.1751412429378531,0.3741447664180105,1.0
16,2,23,2,0.08695652173913043,0.1751412429378531,0.942403425107336,1.0
16,3,23,3,0.13043478260869565,0.14689265536723164,0.6952735867480598,1.0
16,4,23,2,0.08695652173913043,0.1751412429378531,0.942403425107336,1.0
16,5,23,3,0.13043478260869565,0.10734463276836158,0.461846358268379,1.0
16,6,23,2,0.08695652173913043,0.1638418079096045,0.9246223004222727,1.0
16,7,23,2,0.08695652173913043,0.15254237288135594,0.9021151800087246,1.0
16,8,23,9,0.391304347826087,0.20903954802259886,0.025927002426497606,1.0
16,9,23,3,0.13043478260869565,0.14124293785310735,0.6666385869672414,1.0
16,10,23,2,0.08695652173913043,0.1807909604519774,0.9497965927622544,1.0
16,11,23,2,0.08695652173913043,0.15254237288135594,0.9021151800087246,1.0
16,12,23,3,0.13043478260869565,0.1694915254237288,0.7926798556312807,1.0
16,13,23,3,0.13043478260869565,0.1751412429378531,0.8128751277931673,1.0
16,14,23,3,0.13043478260869565,0.14689265536723164,0.6952735867480598,1.0
16,15,23,5,0.21739130434782608,0.1807909604519774,0.40408224426055106,1.0
16,16,23,5,0.21739130434782608,0.12994350282485875,0.1563382754589759,1.0
16,17,23,4,0.17391304347826086,0.14689265536723164,0.447103588647634,1.0
16,18,23,2,0.08695652173913043,0.20903954802259886,0.9754377392549413,1.0
16,19,23,1,0.043478260869565216,0.14124293785310735,0.9767477837277636,1.0
16,20,23,5,0.21739130434782608,0.15819209039548024,0.28620396736265585,1.0
16,21,23,4,0.17391304347826086,0.12994350282485875,0.34696601197663174,1.0
16,22,23,6,0.2608695652173913,0.15819209039548024,0.12882145730903483,1.0
16,23,23,3,0.13043478260869565,0.11864406779661017,0.5357100752085401,1.0
16,24,23,9,0.391304347826087,0.1864406779661017,0.011423018824433006,1.0
16,25,23,3,0.13043478260869565,0.1807909604519774,0.8315059102835615,1.0
16,26,23,2,0.08695652173913043,0.14124293785310735,0.8739014425236411,1.0
16,27,23,5,0.21739130434782608,0.12994350282485875,0.1563382754589759,1.0
16,28,23,3,0.13043478260869565,0.11864406779661017,0.5357100752085401,1.0
16,29,23,4,0.17391304347826086,0.12429378531073447,0.31381336214747424,1.0
16,30,23,3,0.13043478260869565,0.15819209039548024,0.7473761382697797,1.0
16,31,23,6,0.2608695652173913,0.14689265536723164,0.0949922601739778,1.0
16,32,23,5,0.21739130434782608,0.14124293785310735,0.20475975933378154,1.0
16,33,23,3,0.13043478260869565,0.192090395480226,0.8643417721440262,1.0
16,34,23,5,0.21739130434782608,0.14689265536723164,0.23089487818135387,1.0
16,35,23,1,0.043478260869565216,0.1807909604519774,0.99281138639087,1.0
16,36,23,3,0.13043478260869565,0.14124293785310735,0.6666385869672414,1.0
16,37,23,5,0.21739130434782608,0.1694915254237288,0.3444034514847204,1.0
16,38,23,2,0.08695652173913043,0.1977401129943503,0.9671250165646419,1.0
17,1,26,3,0.11538461538461539,0.1751412429378531,0.8782832919232421,1.0
17,2,26,5,0.19230769230769232,0.1751412429378531,0.4942979777426703,1.0
17,3,26,2,0.07692307692307693,0.14689265536723164,0.9281638918882685,1.0
17,4,26,5,0.19230769230769232,0.1751412429378531,0.4942979777426703,1.0
17,5,26,2,0.07692307692307693,0.10734463276836158,0.8075751652020104,1.0
17,6,26,3,0.11538461538461539,0.1638418079096045,0.844226597843797,1.0
17,7,26,5,0.19230769230769232,0.15254237288135594,0.35994888209008213,1.0
17,8,26,6,0.23076923076923078,0.20903954802259886,0.47189688135358576,1.0
17,9,26,8,0.3076923076923077,0.14124293785310735,0.014478524295658372,1.0
17,10,26,5,0.19230769230769232,0.1807909604519774,0.5269842546671496,1.0
17,11,26,2,0.07692307692307693,0.15254237288135594,0.9381887488442913,1.0
17,12,26,5,0.19230769230769232,0.1694915254237288,0.4610465445462064,1.0
17,13,26,4,0.15384615384615385,0.1751412429378531,0.7112159973323968,1.0
17,14,26,1,0.038461538461538464,0.14689265536723164,0.9887140279026456,1.0
17,15,26,5,0.19230769230769232,0.1807909604519774,0.5269842546671496,1.0
17,16,26,0,0.0,0.12994350282485875,1,1.0
17,17,26,3,0.11538461538461539,0.14689265536723164,0.779172415474939,1.0
17,18,26,8,0.3076923076923077,0.20903954802259886,0.14108253539171905,1.0
17,19,26,7,0.2692307692307692,0.14124293785310735,0.04908576086489088,1.0
17,20,26,4,0.15384615384615385,0.15819209039548024,0.6224057547295762,1.0
17,21,26,4,0.15384615384615385,0.12994350282485875,0.447103588647634,1.0
17,22,26,2,0.07692307692307693,0.15819209039548024,0.9469335086813142,1.0
17,23,26,1,0.038461538461538464,0.11864406779661017,0.9715466300879212,1.0
17,24,26,7,0.2692307692307692,0.1864406779661017,0.18145649418548118,1.0
17,25,26,7,0.2692307692307692,0.1807909604519774,0.15964280007908105,1.0
17,26,26,2,0.07692307692307693,0.14124293785310735,0.9167030090872432,1.0
17,27,26,4,0.15384615384615385,0.12994350282485875,0.447103588647634,1.0
17,28,26,4,0.15384615384615385,0.11864406779661017,0.37165639323929905,1.0
17,29,26,6,0.23076923076923078,0.12429378531073447,0.07832412597320293,1.0
17,30,26,5,0.19230769230769232,0.15819209039548024,0.3936495700165541,1.0
17,31,26,3,0.11538461538461539,0.14689265536723164,0.779172415474939,1.0
17,32,26,3,0.11538461538461539,0.14124293785310735,0.753385429172632,1.0
17,33,26,4,0.15384615384615385,0.192090395480226,0.7851285916373487,1.0
17,34,26,4,0.15384615384615385,0.14689265536723164,0.5556852008549447,1.0
17,35,26,7,0.2692307692307692,0.1807909604519774,0.15964280007908105,1.0
17,36,26,6,0.23076923076923078,0.14124293785310735,0.13387349045951052,1.0
17,37,26,1,0.038461538461538464,0.1694915254237288,0.9947444348717002,1.0
17,38,26,3,0.11538461538461539,0.1977401129943503,0.9280210888994266,1.0
18,1,37,8,0.21621621621621623,0.1751412429378531,0.3020671743570817,1.0
18,2,37,5,0.13513513513513514,0.1751412429378531,0.8316961143343622,1.0
18,3,37,7,0.1891891891891892,0.14689265536723164,0.2808950060777159,1.0
18,4,37,6,0.16216216216216217,0.1751412429378531,0.6739111498268953,1.0
18,5,37,4,0.10810810810810811,0.10734463276836158,0.5933105066990136,1.0
18,6,37,3,0.08108108108108109,0.1638418079096045,0.9702921190388681,1.0
18,7,37,6,0.16216216216216217,0.15254237288135594,0.5152653298552023,1.0
18,8,37,11,0.2972972972972973,0.20903954802259886,0.10638523109981403,1.0
18,9,37,7,0.1891891891891892,0.14124293785310735,0.2432531870468706,1.0
18,10,37,8,0.21621621621621623,0.1807909604519774,0.33937963790799264,1.0
18,11,37,8,0.21621621621621623,0.15254237288135594,0.16885984744853963,1.0
18,12,37,6,0.16216216216216217,0.1694915254237288,0.6370872815323055,1.0
18,13,37,8,0.21621621621621623,0.1751412429378531,0.3020671743570817,1.0
18,14,37,7,0.1891891891891892,0.14689265536723164,0.2808950060777159,1.0
18,15,37,5,0.13513513513513514,0.1807909604519774,0.8545112918506627,1.0
18,16,37,4,0.10810810810810811,0.12994350282485875,0.7570974087541461,1.0
18,17,37,7,0.1891891891891892,0.14689265536723164,0.2808950060777159,1.0
18,18,37,8,0.21621621621621623,0.20903954802259886,0.5320028803327613,1.0
18,19,37,3,0.08108108108108109,0.14124293785310735,0.9338114382741488,1.0
18,20,37,5,0.13513513513513514,0.15819209039548024,0.74704440311945,1.0
18,21,37,5,0.13513513513513514,0.12994350282485875,0.5511905873942883,1.0
18,22,37,5,0.13513513513513514,0.15819209039548024,0.74704440311945,1.0
18,23,37,2,0.05405405405405406,0.11864406779661017,0.9614996132242716,1.0
18,24,37,5,0.13513513513513514,0.1864406779661017,0.8748314105449833,1.0
18,25,37,7,0.1891891891891892,0.1807909604519774,0.5240514575093012,1.0
18,26,37,6,0.16216216216216217,0.14124293785310735,0.42781952552069274,1.0
18,27,37,7,0.1891891891891892,0.12994350282485875,0.17435887526065957,1.0
18,28,37,5,0.13513513513513514,0.11864406779661017,0.4577426886682056,1.0
18,29,37,3,0.08108108108108109,0.12429378531073447,0.8845384593144673,1.0
18,30,37,6,0.16216216216216217,0.15819209039548024,0.5574904283508673,1.0
18,31,37,5,0.13513513513513514,0.14689265536723164,0.6765417477205892,1.0
18,32,37,4,0.10810810810810811,0.14124293785310735,0.8184574767280101,1.0
18,33,37,11,0.2972972972972973,0.192090395480226,0.05945324469049193,1.0
18,34,37,4,0.10810810810810811,0.14689265536723164,0.8442603365475411,1.0
18,35,37,4,0.10810810810810811,0.1807909604519774,0.9437966618711628,1.0
18,36,37,4,0.10810810810810811,0.14124293785310735,0.8184574767280101,1.0
18,37,37,5,0.13513513513513514,0.1694915254237288,0.8062469265105772,1.0
18,38,37,8,0.21621621621621623,0.1977401129943503,0.4551949080730366,1.0
19,1,25,7,0.28,0.1751412429378531,0.11670075336809267,1.0
19,2,25,5,0.2,0.1751412429378531,0.45465203816227107,1.0
19,3,25,5,0.2,0.14689265536723164,0.2937589234093647,1.0
19,4,25,2,0.08,0.1751412429378531,0.9600443419285761,1.0
19,5,25,4,0.16,0.10734463276836158,0.26987061025240466,1.0
19,6,25,6,0.24,0.1638418079096045,0.20185664104068593,1.0
19,7,25,3,0.12,0.15254237288135594,0.7782616168417449,1.0
19,8,25,4,0.16,0.20903954802259886,0.8184574767280101,1.0
19,9,25,2,0.08,0.14124293785310735,0.9041401183245809,1.0
19,10,25,4,0.16,0.1807909604519774,0.7051424233983776,1.0
19,11,25,5,0.2,0.15254237288135594,0.3252835948669669,1.0
19,12,25,2,0.08,0.1694915254237288,0.9535257583456699,1.0
19,13,25,4,0.16,0.1751412429378531,0.6778439943185927,1.0
19,14,25,3,0.12,0.14689265536723164,0.753385429172632,1.0
19,15,25,6,0.24,0.1807909604519774,0.2812960941340048,1.0
19,16,25,4,0.16,0.12994350282485875,0.41384071011436013,1.0
19,17,25,2,0.08,0.14689265536723164,0.9167030090872432,1.0
19,18,25,5,0.2,0.20903954802259886,0.6371869657269347,1.0
19,19,25,4,0.16,0.14124293785310735,0.48556287685653415,1.0
19,20,25,5,0.2,0.15819209039548024,0.3573565214803535,1.0
19,21,25,0,0.0,0.12994350282485875,1,1.0
19,22,25,6,0.24,0.15819209039548024,0.17774813244538865,1.0
19,23,25,5,0.2,0.11864406779661017,0.15226441826115208,1.0
19,24,25,5,0.2,0.1864406779661017,0.5183835154870213,1.0
19,25,25,10,0.4,0.1807909604519774,0.00455887169269395,1.0
19,26,25,5,0.2,0.14124293785310735,0.263011724765162,1.0
19,27,25,0,0.0,0.12994350282485875,1,1.0
19,28,25,2,0.08,0.11864406779661017,0.8356773460039422,1.0
19,29,25,2,0.08,0.12429378531073447,0.8558785855187367,1.0
19,30,25,5,0.2,0.15819209039548024,0.3573565214803535,1.0
19,31,25,3,0.12,0.14689265536723164,0.753385429172632,1.0
19,32,25,4,0.16,0.14124293785310735,0.48556287685653415,1.0
19,33,25,3,0.12,0.192090395480226,0.9023143349349361,1.0
19,34,25,3,0.12,0.14689265536723164,0.753385429172632,1.0
19,35,25,2,0.08,0.1807909604519774,0.9657190814723253,1.0
19,36,25,3,0.12,0.14124293785310735,0.7265066861455404,1.0
19,37,25,5,0.2,0.1694915254237288,0.42225320581699854,1.0
19,38,25,5,0.2,0.1977401129943503,0.5795879268197749,1.0
20,1,28,6,0.21428571428571427,0.1751412429378531,0.3599409675692402,1.0
20,2,28,5,0.17857142857142858,0.1751412429378531,0.5707245730466648,1.0
20,3,28,3,0.10714285714285714,0.14689265536723164,0.8245068709629938,1.0
20,4,28,5,0.17857142857142858,0.1751412429378531,0.5707245730466648,1.0
20,5,28,2,0.07142857142857142,0.10734463276836158,0.8422880956649061,1.0
20,6,28,3,0.10714285714285714,0.1638418079096045,0.8815623964144217,1.0
20,7,28,3,0.10714285714285714,0.15254237288135594,0.8455869542787311,1.0
20,8,28,4,0.14285714285714285,0.20903954802259886,0.887055861755335,1.0
20,9,28,4,0.14285714285714285,0.14124293785310735,0.5872124955429573,1.0
20,10,28,7,0.25,0.1807909604519774,0.2160498761588522,1.0
20,11,28,5,0.17857142857142858,0.15254237288135594,0.4300081689113391,1.0
20,12,28,3,0.10714285714285714,0.1694915254237288,0.8967403270023839,1.0
20,13,28,7,0.25,0.1751412429378531,0.19052081155378336,1.0
20,14,28,4,0.14285714285714285,0.14689265536723164,0.6224057547295762,1.0
20,15,28,5,0.17857142857142858,0.1807909604519774,0.6036093821203878,1.0
20,16,28,4,0.14285714285714285,0.12994350282485875,0.5122687570230107,1.0
20,17,28,6,0.21428571428571427,0.14689265536723164,0.20492571762831097,1.0
20,18,28,4,0.14285714285714285,0.20903954802259886,0.887055861755335,1.0
20,19,28,2,0.07142857142857142,0.14124293785310735,0.9375160750106741,1.0
20,20,28,3,0.10714285714285714,0.15819209039548024,0.8645590292628946,1.0
20,21,28,6,0.21428571428571427,0.12994350282485875,0.12882145730903483,1.0
20,22,28,4,0.14285714285714285,0.15819209039548024,0.6874863294107015,1.0
20,23,28,5,0.17857142857142858,0.11864406779661017,0.2191198845200012,1.0
20,24,28,3,0.10714285714285714,0.1864406779661017,0.9327484813532022,1.0
20,25,28,3,0.10714285714285714,0.1807909604519774,0.9221935245674155,1.0
20,26,28,5,0.17857142857142858,0.14124293785310735,0.3573565214803535,1.0
20,27,28,6,0.21428571428571427,0.12994350282485875,0.12882145730903483,1.0
20,28,28,3,0.10714285714285714,0.11864406779661017,0.6834703921966233,1.0
20,29,28,2,0.07142857142857142,0.12429378531073447,0.8995275706150967,1.0
20,30,28,5,0.17857142857142858,0.15819209039548024,0.46614545459546014,1.0
20,31,28,6,0.21428571428571427,0.14689265536723164,0.20492571762831097,1.0
20,32,28,5,0.17857142857142858,0.14124293785310735,0.3573565214803535,1.0
20,33,28,3,0.10714285714285714,0.192090395480226,0.9420337222353223,1.0
20,34,28,4,0.14285714285714285,0.14689265536723164,0.6224057547295762,1.0
20,35,28,6,0.21428571428571427,0.1807909604519774,0.39314660404856056,1.0
20,36,28,6,0.21428571428571427,0.14124293785310735,0.17774813244538865,1.0
20,37,28,6,0.21428571428571427,0.1694915254237288,0.3271499696307647,1.0
20,38,28,5,0.17857142857142858,0.1977401129943503,0.694221681489787,1.0
21,1,24,4,0.16666666666666666,0.1751412429378531,0.6421332813335813,1.0
21,2,24,8,0.3333333333333333,0.1751412429378531,0.03429637991930071,1.0
21,3,24,3,0.125,0.14689265536723164,0.7254315364244567,1.0
21,4,24,5,0.20833333333333334,0.1751412429378531,0.41447748605413315,1.0
21,5,24,4,0.16666666666666666,0.10734463276836158,0.24381239631174217,1.0
21,6,24,5,0.20833333333333334,0.1638418079096045,0.3521731921323646,1.0
21,7,24,5,0.20833333333333334,0.15254237288135594,0.29123694969275654,1.0
21,8,24,4,0.16666666666666666,0.20903954802259886,0.789454194967838,1.0
21,9,24,3,0.125,0.14124293785310735,0.6975934290308596,1.0
21,10,24,4,0.16666666666666666,0.1807909604519774,0.6702004341762529,1.0
21,11,24,1,0.041666666666666664,0.15254237288135594,0.9862048477296294,1.0
21,12,24,7,0.2916666666666667,0.1694915254237288,0.08234033863278305,1.0
21,13,24,2,0.08333333333333333,0.1751412429378531,0.9519612982857724,1.0
21,14,24,2,0.08333333333333333,0.14689265536723164,0.9036376026940743,1.0
21,15,24,6,0.25,0.1807909604519774,0.24607456899810304,1.0
21,16,24,2,0.08333333333333333,0.12994350282485875,0.8573204140791291,1.0
21,17,24,3,0.125,0.14689265536723164,0.7254315364244567,1.0
21,18,24,5,0.20833333333333334,0.20903954802259886,0.5953134776856863,1.0
21,19,24,3,0.125,0.14124293785310735,0.6975934290308596,1.0
21,20,24,5,0.20833333333333334,0.15819209039548024,0.3214348436733605,1.0
21,21,24,2,0.08333333333333333,0.12994350282485875,0.8573204140791291,1.0
21,22,24,2,0.08333333333333333,0.15819209039548024,0.9266097899216281,1.0
21,23,24,3,0.125,0.11864406779661017,0.5678212878593065,1.0
21,24,24,5,0.20833333333333334,0.1864406779661017,0.4766338628474827,1.0
21,25,24,2,0.08333333333333333,0.1807909604519774,0.9584554148563262,1.0
21,26,24,3,0.125,0.14124293785310735,0.6975934290308596,1.0
21,27,24,2,0.08333333333333333,0.12994350282485875,0.8573204140791291,1.0
21,28,24,0,0.0,0.11864406779661017,1,1.0
21,29,24,3,0.125,0.12429378531073447,0.6029226134289702,1.0
21,30,24,7,0.2916666666666667,0.15819209039548024,0.058305917090204606,1.0
21,31,24,2,0.08333333333333333,0.14689265536723164,0.9036376026940743,1.0
21,32,24,3,0.125,0.14124293785310735,0.6975934290308596,1.0
21,33,24,6,0.25,0.192090395480226,0.2991978391294433,1.0
21,34,24,3,0.125,0.14689265536723164,0.7254315364244567,1.0
21,35,24,8,0.3333333333333333,0.1807909604519774,0.041522169371927764,1.0
21,36,24,4,0.16666666666666666,0.14124293785310735,0.4499546925219146,1.0
21,37,24,5,0.20833333333333334,0.1694915254237288,0.3832521547229414,1.0
21,38,24,3,0.125,0.1977401129943503,0.8976432948174797,1.0
22,1,28,4,0.14285714285714285,0.1751412429378531,0.7707738282451464,1.0
22,2,28,5,0.17857142857142858,0.1751412429378531,0.5707245730466648,1.0
22,3,28,3,0.10714285714285714,0.14689265536723164,0.8245068709629938,1.0
22,4,28,7,0.25,0.1751412429378531,0.19052081155378336,1.0
22,5,28,4,0.14285714285714285,0.10734463276836158,0.35124679417896376,1.0
22,6,28,3,0.10714285714285714,0.1638418079096045,0.8815623964144217,1.0
22,7,28,3,0.10714285714285714,0.15254237288135594,0.8455869542787311,1.0
22,8,28,5,0.17857142857142858,0.20903954802259886,0.74704440311945,1.0
22,9,28,7,0.25,0.14124293785310735,0.07182523634784525,1.0
22,10,28,8,0.2857142857142857,0.1807909604519774,0.09934558082139466,1.0
22,11,28,2,0.07142857142857142,0.15254237288135594,0.9550412330335207,1.0
22,12,28,8,0.2857142857142857,0.1694915254237288,0.07028715244603981,1.0
22,13,28,5,0.17857142857142858,0.1751412429378531,0.5707245730466648,1.0
22,14,28,2,0.07142857142857142,0.14689265536723164,0.9469335086813142,1.0
22,15,28,5,0.17857142857142858,0.1807909604519774,0.6036093821203878,1.0
22,16,28,6,0.21428571428571427,0.12994350282485875,0.12882145730903483,1.0
22,17,28,5,0.17857142857142858,0.14689265536723164,0.3936495700165541,1.0
22,18,28,5,0.17857142857142858,0.20903954802259886,0.74704440311945,1.0
22,19,28,3,0.10714285714285714,0.14124293785310735,0.8011875113975995,1.0
22,20,28,2,0.07142857142857142,0.15819209039548024,0.9620014025543382,1.0
22,21,28,5,0.17857142857142858,0.12994350282485875,0.28620396736265585,1.0
22,22,28,6,0.21428571428571427,0.15819209039548024,0.2637766547643823,1.0
22,23,28,2,0.07142857142857142,0.11864406779661017,0.8829077876598296,1.0
22,24,28,4,0.14285714285714285,0.1864406779661017,0.8166439567095485,1.0
22,25,28,6,0.21428571428571427,0.1807909604519774,0.39314660404856056,1.0
22,26,28,5,0.17857142857142858,0.14124293785310735,0.3573565214803535,1.0
22,27,28,2,0.07142857142857142,0.12994350282485875,0.9140181832194126,1.0
22,28,28,7,0.25,0.11864406779661017,0.028033534741743717,1.0
22,29,28,3,0.10714285714285714,0.12429378531073447,0.7167099581071577,1.0
22,30,28,2,0.07142857142857142,0.15819209039548024,0.9620014025543382,1.0
22,31,28,3,0.10714285714285714,0.14689265536723164,0.8245068709629938,1.0
22,32,28,4,0.14285714285714285,0.14124293785310735,0.5872124955429573,1.0
22,33,28,5,0.17857142857142858,0.192090395480226,0.6654661902464578,1.0
22,34,28,3,0.10714285714285714,0.14689265536723164,0.8245068709629938,1.0
22,35,28,8,0.2857142857142857,0.1807909604519774,0.09934558082139466,1.0
22,36,28,2,0.07142857142857142,0.14124293785310735,0.9375160750106741,1.0
22,37,28,4,0.14285714285714285,0.1694915254237288,0.7449610211227617,1.0
22,38,28,5,0.17857142857142858,0.1977401129943503,0.694221681489787,1.0
23,1,21,2,0.09523809523809523,0.1751412429378531,0.9179142147455663,1.0
23,2,21,4,0.19047619047619047,0.1751412429378531,0.5223419377983833,1.0
23,3,21,2,0.09523809523809523,0.14689265536723164,0.8529547219047533,1.0
23,4,21,1,0.047619047619047616,0.1751412429378531,0.9866887915803622,1.0
23,5,21,1,0.047619047619047616,0.10734463276836158,0.9211489328590436,1.0
23,6,21,7,0.3333333333333333,0.1638418079096045,0.03407378401892711,1.0
23,7,21,2,0.09523809523809523,0.15254237288135594,0.8686622594124577,1.0
23,8,21,4,0.19047619047619047,0.20903954802259886,0.6819953872784356,1.0
23,9,21,4,0.19047619047619047,0.14124293785310735,0.34115390444213134,1.0
23,10,21,3,0.14285714285714285,0.1807909604519774,0.7765965911124243,1.0
23,11,21,4,0.19047619047619047,0.15254237288135594,0.4022554922802816,1.0
23,12,21,1,0.047619047619047616,0.1694915254237288,0.9844702568437558,1.0
23,13,21,4,0.19047619047619047,0.1751412429378531,0.5223419377983833,1.0
23,14,21,3,0.14285714285714285,0.14689265536723164,0.628348835194208,1.0
23,15,21,1,0.047619047619047616,0.1807909604519774,0.9886034174489401,1.0
23,16,21,5,0.23809523809523808,0.12994350282485875,0.11397293464829625,1.0
23,17,21,4,0.19047619047619047,0.14689265536723164,0.37165639323929905,1.0
23,18,21,4,0.19047619047619047,0.20903954802259886,0.6819953872784356,1.0
23,19,21,6,0.2857142857142857,0.14124293785310735,0.053097438016137935,1.0
23,20,21,4,0.19047619047619047,0.15819209039548024,0.43277809357366165,1.0
23,21,21,2,0.09523809523809523,0.12994350282485875,0.795979904062121,1.0
23,22,21,5,0.23809523809523808,0.15819209039548024,0.2191198845200012,1.0
23,23,21,2,0.09523809523809523,0.11864406779661017,0.7487261950163083,1.0
23,24,21,4,0.19047619047619047,0.1864406779661017,0.5790767861263315,1.0
23,25,21,4,0.19047619047619047,0.1807909604519774,0.5510818531361766,1.0
23,26,21,2,0.09523809523809523,0.14124293785310735,0.8356773460039422,1.0
23,27,21,3,0.14285714285714285,0.12994350282485875,0.5357100752085401,1.0
23,28,21,4,0.19047619047619047,0.11864406779661017,0.22389362038012015,1.0
23,29,21,1,0.047619047619047616,0.12429378531073447,0.9487469775196575,1.0
23,30,21,3,0.14285714285714285,0.15819209039548024,0.6834703921966233,1.0
23,31,21,2,0.09523809523809523,0.14689265536723164,0.8529547219047533,1.0
23,32,21,1,0.047619047619047616,0.14124293785310735,0.966985402850107,1.0
23,33,21,5,0.23809523809523808,0.192090395480226,0.37538448723442336,1.0
23,34,21,5,0.23809523809523808,0.14689265536723164,0.17339021605770896,1.0
23,35,21,7,0.3333333333333333,0.1807909604519774,0.057510738943359396,1.0
23,36,21,3,0.14285714285714285,0.14124293785310735,0.5987304765071031,1.0
23,37,21,4,0.19047619047619047,0.1694915254237288,0.4929623994385687,1.0
23,38,21,3,0.14285714285714285,0.1977401129943503,0.8318339021156012,1.0
24,1,34,5,0.14705882352941177,0.1751412429378531,0.7619399002812931,1.0
24,2,34,7,0.20588235294117646,0.1751412429378531,0.3803980405154218,1.0
24,3,34,4,0.11764705882352941,0.14689265536723164,0.7851285916373487,1.0
24,4,34,8,0.23529411764705882,0.1751412429378531,0.21504232757271236,1.0
24,5,34,8,0.23529411764705882,0.10734463276836158,0.013024102299013435,1.0
24,6,34,9,0.2647058823529412,0.1638418079096045,0.06991005532373812,1.0
24,7,34,5,0.14705882352941177,0.15254237288135594,0.6287515898197072,1.0
24,8,34,9,0.2647058823529412,0.20903954802259886,0.25172022353905255,1.0
24,9,34,5,0.14705882352941177,0.14124293785310735,0.5493758342567938,1.0
24,10,34,6,0.17647058823529413,0.1807909604519774,0.6138719435717485,1.0
24,11,34,4,0.11764705882352941,0.15254237288135594,0.8123245919534603,1.0
24,12,34,10,0.29411764705882354,0.1694915254237288,0.033223003578536185,1.0
24,13,34,4,0.11764705882352941,0.1751412429378531,0.8953838612664383,1.0
24,14,34,4,0.11764705882352941,0.14689265536723164,0.7851285916373487,1.0
24,15,34,8,0.23529411764705882,0.1807909604519774,0.2456218087333504,1.0
24,16,34,2,0.058823529411764705,0.12994350282485875,0.9620718004375757,1.0
24,17,34,3,0.08823529411764706,0.14689265536723164,0.9175994318867953,1.0
24,18,34,5,0.14705882352941177,0.20903954802259886,0.8928158834123706,1.0
24,19,34,3,0.08823529411764706,0.14124293785310735,0.9023143349349361,1.0
24,20,34,4,0.11764705882352941,0.15819209039548024,0.8368009922379606,1.0
24,21,34,5,0.14705882352941177,0.12994350282485875,0.4638870220631408,1.0
24,22,34,5,0.14705882352941177,0.15819209039548024,0.6654661902464578,1.0
24,23,34,5,0.14705882352941177,0.11864406779661017,0.37538448723442336,1.0
24,24,34,3,0.08823529411764706,0.1864406779661017,0.9774050034070998,1.0
24,25,34,8,0.23529411764705882,0.1807909604519774,0.2456218087333504,1.0
24,26,34,4,0.11764705882352941,0.14124293785310735,0.7551057978999502,1.0
24,27,34,3,0.08823529411764706,0.12994350282485875,0.8643417721440262,1.0
24,28,34,4,0.11764705882352941,0.11864406779661017,0.6062357593119193,1.0
24,29,34,7,0.20588235294117646,0.12429378531073447,0.098064667153442,1.0
24,30,34,5,0.14705882352941177,0.15819209039548024,0.6654661902464578,1.0
24,31,34,5,0.14705882352941177,0.14689265536723164,0.5899804323442589,1.0
24,32,34,2,0.058823529411764705,0.14124293785310735,0.9749185454562674,1.0
24,33,34,10,0.29411764705882354,0.192090395480226,0.07877812869968273,1.0
24,34,34,3,0.08823529411764706,0.14689265536723164,0.9175994318867953,1.0
24,35,34,4,0.11764705882352941,0.1807909604519774,0.9105301425524235,1.0
24,36,34,7,0.20588235294117646,0.14124293785310735,0.1743354520686008,1.0
24,37,34,5,0.14705882352941177,0.1694915254237288,0.7321385194161242,1.0
24,38,34,6,0.17647058823529413,0.1977401129943503,0.7137088374594757,1.0
25,1,32,7,0.21875,0.1751412429378531,0.3129293726141986,1.0
25,2,32,4,0.125,0.1751412429378531,0.8621189331064227,1.0
25,3,32,8,0.25,0.14689265536723164,0.06640286041793773,1.0
25,4,32,6,0.1875,0.1751412429378531,0.5067934715744105,1.0
25,5,32,6,0.1875,0.10734463276836158,0.10050143563067483,1.0
25,6,32,6,0.1875,0.1638418079096045,0.43128415443741513,1.0
25,7,32,3,0.09375,0.15254237288135594,0.9085286251572452,1.0
25,8,32,6,0.1875,0.20903954802259886,0.7084941557463401,1.0
25,9,32,4,0.125,0.14124293785310735,0.7051424233983776,1.0
25,10,32,6,0.1875,0.1807909604519774,0.5435643227997404,1.0
25,11,32,4,0.125,0.15254237288135594,0.7673623089364778,1.0
25,12,32,2,0.0625,0.1694915254237288,0.9874157667379942,1.0
25,13,32,3,0.09375,0.1751412429378531,0.9530838474525286,1.0
25,14,32,10,0.3125,0.14689265536723164,0.006464537985669782,1.0
25,15,32,7,0.21875,0.1807909604519774,0.3474531162646473,1.0
25,16,32,2,0.0625,0.12994350282485875,0.9497965927622544,1.0
25,17,32,0,0.0,0.14689265536723164,1,1.0
25,18,32,9,0.28125,0.20903954802259886,0.1901297837043489,1.0
25,19,32,5,0.15625,0.14124293785310735,0.48675499076009815,1.0
25,20,32,3,0.09375,0.15819209039548024,0.9221935245674155,1.0
25,21,32,6,0.1875,0.12994350282485875,0.21248238606829126,1.0
25,22,32,5,0.15625,0.15819209039548024,0.6036093821203878,1.0
25,23,32,7,0.21875,0.11864406779661017,0.057510738943359396,1.0
25,24,32,6,0.1875,0.1864406779661017,0.5793301980145696,1.0
25,25,32,5,0.15625,0.1807909604519774,0.7356403193238233,1.0
25,26,32,1,0.03125,0.14124293785310735,0.9954962094008158,1.0
25,27,32,4,0.125,0.12994350282485875,0.6327775637193573,1.0
25,28,32,3,0.09375,0.11864406779661017,0.7765965911124243,1.0
25,29,32,4,0.125,0.12429378531073447,0.5930044646830432,1.0
25,30,32,6,0.1875,0.15819209039548024,0.39314660404856056,1.0
25,31,32,4,0.125,0.14689265536723164,0.7375348177131463,1.0
25,32,32,3,0.09375,0.14124293785310735,0.8749232487723378,1.0
25,33,32,12,0.375,0.192090395480226,0.005833821556646168,1.0
25,34,32,3,0.09375,0.14689265536723164,0.8928434789104933,1.0
25,35,32,6,0.1875,0.1807909604519774,0.5435643227997404,1.0
25,36,32,4,0.125,0.14124293785310735,0.7051424233983776,1.0
25,37,32,6,0.1875,0.1694915254237288,0.46927138790469203,1.0
25,38,32,6,0.1875,0.1977401129943503,0.6470060317864718,1.0
26,1,25,2,0.08,0.1751412429378531,0.9600443419285761,1.0
26,2,25,3,0.12,0.1751412429378531,0.8590062963935291,1.0
26,3,25,4,0.16,0.14689265536723164,0.5204363229378377,1.0
26,4,25,6,0.24,0.1751412429378531,0.2537792776215816,1.0
26,5,25,2,0.08,0.10734463276836158,0.7879932620678867,1.0
26,6,25,7,0.28,0.1638418079096045,0.08533218283008233,1.0
26,7,25,7,0.28,0.15254237288135594,0.059754415582094676,1.0
26,8,25,6,0.24,0.20903954802259886,0.42781952552069274,1.0
26,9,25,1,0.04,0.14124293785310735,0.9837050931547761,1.0
26,10,25,3,0.12,0.1807909604519774,0.8749232487723378,1.0
26,11,25,3,0.12,0.15254237288135594,0.7782616168417449,1.0
26,12,25,4,0.16,0.1694915254237288,0.649045032233906,1.0
26,13,25,3,0.12,0.1751412429378531,0.8590062963935291,1.0
26,14,25,6,0.24,0.14689265536723164,0.13387349045951052,1.0
26,15,25,5,0.2,0.1807909604519774,0.48675499076009815,1.0
26,16,25,3,0.12,0.12994350282485875,0.6666385869672414,1.0
26,17,25,4,0.16,0.14689265536723164,0.5204363229378377,1.0
26,18,25,1,0.04,0.20903954802259886,0.9982771071568435,1.0
26,19,25,5,0.2,0.14124293785310735,0.263011724765162,1.0
26,20,25,3,0.12,0.15819209039548024,0.8011875113975995,1.0
26,21,25,5,0.2,0.12994350282485875,0.20475975933378154,1.0
26,22,25,4,0.16,0.15819209039548024,0.5872124955429573,1.0
26,23,25,4,0.16,0.11864406779661017,0.34115390444213134,1.0
26,24,25,5,0.2,0.1864406779661017,0.5183835154870213,1.0
26,25,25,2,0.08,0.1807909604519774,0.9657190814723253,1.0
26,26,25,2,0.08,0.14124293785310735,0.9041401183245809,1.0
26,27,25,5,0.2,0.12994350282485875,0.20475975933378154,1.0
26,28,25,2,0.08,0.11864406779661017,0.8356773460039422,1.0
26,29,25,3,0.12,0.12429378531073447,0.6336649508559961,1.0
26,30,25,2,0.08,0.15819209039548024,0.9375160750106741,1.0
26,31,25,3,0.12,0.14689265536723164,0.753385429172632,1.0
26,32,25,4,0.16,0.14124293785310735,0.48556287685653415,1.0
26,33,25,4,0.16,0.192090395480226,0.7551057978999502,1.0
26,34,25,4,0.16,0.14689265536723164,0.5204363229378377,1.0
26,35,25,4,0.16,0.1807909604519774,0.7051424233983776,1.0
26,36,25,7,0.28,0.14124293785310735,0.039768427942405205,1.0
26,37,25,5,0.2,0.1694915254237288,0.42225320581699854,1.0
26,38,25,7,0.28,0.1977401129943503,0.19616454071560124,1.0
27,1,23,3,0.13043478260869565,0.1751412429378531,0.8128751277931673,1.0
27,2,23,2,0.08695652173913043,0.1751412429378531,0.942403425107336,1.0
27,3,23,4,0.17391304347826086,0.14689265536723164,0.447103588647634,1.0
27,4,23,3,0.13043478260869565,0.1751412429378531,0.8128751277931673,1.0
27,5,23,3,0.13043478260869565,0.10734463276836158,0.461846358268379,1.0
27,6,23,5,0.21739130434782608,0.1638418079096045,0.3150310210777347,1.0
27,7,23,5,0.21739130434782608,0.15254237288135594,0.25809994771022354,1.0
27,8,23,7,0.30434782608695654,0.20903954802259886,0.17435887526065957,1.0
27,9,23,2,0.08695652173913043,0.14124293785310735,0.8739014425236411,1.0
27,10,23,7,0.30434782608695654,0.1807909604519774,0.09123560080600189,1.0
27,11,23,2,0.08695652173913043,0.15254237288135594,0.9021151800087246,1.0
27,12,23,4,0.17391304347826086,0.1694915254237288,0.574507309126491,1.0
27,13,23,6,0.2608695652173913,0.1751412429378531,0.189748613831612,1.0
27,14,23,4,0.17391304347826086,0.14689265536723164,0.447103588647634,1.0
27,15,23,2,0.08695652173913043,0.1807909604519774,0.9497965927622544,1.0
27,16,23,2,0.08695652173913043,0.12994350282485875,0.8389022830512762,1.0
27,17,23,1,0.043478260869565216,0.14689265536723164,0.9802662111900099,1.0
27,18,23,5,0.21739130434782608,0.20903954802259886,0.5511905873942883,1.0
27,19,23,2,0.08695652173913043,0.14124293785310735,0.8739014425236411,1.0
27,20,23,6,0.2608695652173913,0.15819209039548024,0.12882145730903483,1.0
27,21,23,4,0.17391304347826086,0.12994350282485875,0.34696601197663174,1.0
27,22,23,6,0.2608695652173913,0.15819209039548024,0.12882145730903483,1.0
27,23,23,4,0.17391304347826086,0.11864406779661017,0.2811814925796704,1.0
27,24,23,3,0.13043478260869565,0.1864406779661017,0.8486376642977169,1.0
27,25,23,3,0.13043478260869565,0.1807909604519774,0.8315059102835615,1.0
27,26,23,5,0.21739130434782608,0.14124293785310735,0.20475975933378154,1.0
27,27,23,2,0.08695652173913043,0.12994350282485875,0.8389022830512762,1.0
27,28,23,5,0.21739130434782608,0.11864406779661017,0.11397293464829625,1.0
27,29,23,3,0.13043478260869565,0.12429378531073447,0.5707463983234451,1.0
27,30,23,3,0.13043478260869565,0.15819209039548024,0.7473761382697797,1.0
27,31,23,2,0.08695652173913043,0.14689265536723164,0.8887870971716062,1.0
27,32,23,2,0.08695652173913043,0.14124293785310735,0.8739014425236411,1.0
27,33,23,6,0.2608695652173913,0.192090395480226,0.2609899486888255,1.0
27,34,23,2,0.08695652173913043,0.14689265536723164,0.8887870971716062,1.0
27,35,23,1,0.043478260869565216,0.1807909604519774,0.99281138639087,1.0
27,36,23,3,0.13043478260869565,0.14124293785310735,0.6666385869672414,1.0
27,37,23,6,0.2608695652173913,0.1694915254237288,0.1681688690428062,1.0
27,38,23,3,0.13043478260869565,0.1977401129943503,0.878693734340981,1.0
28,1,21,5,0.23809523809523808,0.1751412429378531,0.2946505155098196,1.0
28,2,21,4,0.19047619047619047,0.1751412429378531,0.5223419377983833,1.0
28,3,21,5,0.23809523809523808,0.14689265536723164,0.17339021605770896,1.0
28,4,21,5,0.23809523809523808,0.1751412429378531,0.2946505155098196,1.0
28,5,21,2,0.09523809523809523,0.10734463276836158,0.69316649960367,1.0
28,6,21,3,0.14285714285714285,0.1638418079096045,0.7089020063832067,1.0
28,7,21,1,0.047619047619047616,0.15254237288135594,0.9755037212677468,1.0
28,8,21,2,0.09523809523809523,0.20903954802259886,0.9614996132242716,1.0
28,9,21,0,0.0,0.14124293785310735,1,1.0
28,10,21,4,0.19047619047619047,0.1807909604519774,0.5510818531361766,1.0
28,11,21,1,0.047619047619047616,0.15254237288135594,0.9755037212677468,1.0
28,12,21,6,0.2857142857142857,0.1694915254237288,0.11739485874019928,1.0
28,13,21,3,0.14285714285714285,0.1751412429378531,0.7554545844271511,1.0
28,14,21,1,0.047619047619047616,0.14689265536723164,0.9715466300879212,1.0
28,15,21,2,0.09523809523809523,0.1807909604519774,0.9273353896544424,1.0
28,16,21,2,0.09523809523809523,0.12994350282485875,0.795979904062121,1.0
28,17,21,3,0.14285714285714285,0.14689265536723164,0.628348835194208,1.0
28,18,21,2,0.09523809523809523,0.20903954802259886,0.9614996132242716,1.0
28,19,21,1,0.047619047619047616,0.14124293785310735,0.966985402850107,1.0
28,20,21,3,0.14285714285714285,0.15819209039548024,0.6834703921966233,1.0
28,21,21,4,0.19047619047619047,0.12994350282485875,0.2811814925796704,1.0
28,22,21,6,0.2857142857142857,0.15819209039548024,0.08803334422843208,1.0
28,23,21,5,0.23809523809523808,0.11864406779661017,0.08143245245311363,1.0
28,24,21,3,0.14285714285714285,0.1864406779661017,0.7963485716110336,1.0
28,25,21,4,0.19047619047619047,0.1807909604519774,0.5510818531361766,1.0
28,26,21,2,0.09523809523809523,0.14124293785310735,0.8356773460039422,1.0
28,27,21,5,0.23809523809523808,0.12994350282485875,0.11397293464829625,1.0
28,28,21,4,0.19047619047619047,0.11864406779661017,0.22389362038012015,1.0
28,29,21,3,0.14285714285714285,0.12429378531073447,0.5025106948656439,1.0
28,30,21,3,0.14285714285714285,0.15819209039548024,0.6834703921966233,1.0
28,31,21,1,0.047619047619047616,0.14689265536723164,0.9715466300879212,1.0
28,32,21,4,0.19047619047619047,0.14124293785310735,0.34115390444213134,1.0
28,33,21,4,0.19047619047619047,0.192090395480226,0.6062357593119193,1.0
28,34,21,4,0.19047619047619047,0.14689265536723164,0.37165639323929905,1.0
28,35,21,4,0.19047619047619047,0.1807909604519774,0.5510818531361766,1.0
28,36,21,4,0.19047619047619047,0.14124293785310735,0.34115390444213134,1.0
28,37,21,6,0.2857142857142857,0.1694915254237288,0.11739485874019928,1.0
28,38,21,5,0.23809523809523808,0.1977401129943503,0.40282834475412566,1.0
29,1,21,6,0.2857142857142857,0.1751412429378531,0.13386534192451066,1.0
29,2,21,4,0.19047619047619047,0.1751412429378531,0.5223419377983833,1.0
29,3,21,4,0.19047619047619047,0.14689265536723164,0.37165639323929905,1.0
29,4,21,4,0.19047619047619047,0.1751412429378531,0.5223419377983833,1.0
29,5,21,3,0.14285714285714285,0.10734463276836158,0.3979374493449128,1.0
29,6,21,7,0.3333333333333333,0.1638418079096045,0.03407378401892711,1.0
29,7,21,2,0.09523809523809523,0.15254237288135594,0.8686622594124577,1.0
29,8,21,5,0.23809523809523808,0.20903954802259886,0.4577426886682056,1.0
29,9,21,2,0.09523809523809523,0.14124293785310735,0.8356773460039422,1.0
29,10,21,3,0.14285714285714285,0.1807909604519774,0.7765965911124243,1.0
29,11,21,2,0.09523809523809523,0.15254237288135594,0.8686622594124577,1.0
29,12,21,3,0.14285714285714285,0.1694915254237288,0.7328952960437219,1.0
29,13,21,3,0.14285714285714285,0.1751412429378531,0.7554545844271511,1.0
29,14,21,0,0.0,0.14689265536723164,1,1.0
29,15,21,7,0.3333333333333333,0.1807909604519774,0.057510738943359396,1.0
29,16,21,4,0.19047619047619047,0.12994350282485875,0.2811814925796704,1.0
29,17,21,3,0.14285714285714285,0.14689265536723164,0.628348835194208,1.0
29,18,21,5,0.23809523809523808,0.20903954802259886,0.4577426886682056,1.0
29,19,21,5,0.23809523809523808,0.14124293785310735,0.15226441826115208,1.0
29,20,21,0,0.0,0.15819209039548024,1,1.0
29,21,21,2,0.09523809523809523,0.12994350282485875,0.795979904062121,1.0
29,22,21,3,0.14285714285714285,0.15819209039548024,0.6834703921966233,1.0
29,23,21,2,0.09523809523809523,0.11864406779661017,0.7487261950163083,1.0
29,24,21,1,0.047619047619047616,0.1864406779661017,0.9902539569908179,1.0
29,25,21,6,0.2857142857142857,0.1807909604519774,0.15148563492016093,1.0
29,26,21,3,0.14285714285714285,0.14124293785310735,0.5987304765071031,1.0
29,27,21,2,0.09523809523809523,0.12994350282485875,0.795979904062121,1.0
29,28,21,3,0.14285714285714285,0.11864406779661017,0.4683640196622672,1.0
29,29,21,3,0.14285714285714285,0.12429378531073447,0.5025106948656439,1.0
29,30,21,3,0.14285714285714285,0.15819209039548024,0.6834703921966233,1.0
29,31,21,2,0.09523809523809523,0.14689265536723164,0.8529547219047533,1.0
29,32,21,0,0.0,0.14124293785310735,1,1.0
29,33,21,6,0.2857142857142857,0.192090395480226,0.1899763789517101,1.0
29,34,21,4,0.19047619047619047,0.14689265536723164,0.37165639323929905,1.0
29,35,21,2,0.09523809523809523,0.1807909604519774,0.9273353896544424,1.0
29,36,21,4,0.19047619047619047,0.14124293785310735,0.34115390444213134,1.0
29,37,21,5,0.23809523809523808,0.1694915254237288,0.26871742299606005,1.0
29,38,21,3,0.14285714285714285,0.1977401129943503,0.8318339021156012,1.0
30,1,28,8,0.2857142857142857,0.1751412429378531,0.08402814205835336,1.0
30,2,28,4,0.14285714285714285,0.1751412429378531,0.7707738282451464,1.0
30,3,28,1,0.03571428571428571,0.14689265536723164,0.9922767078362477,1.0
30,4,28,4,0.14285714285714285,0.1751412429378531,0.7707738282451464,1.0
30,5,28,4,0.14285714285714285,0.10734463276836158,0.35124679417896376,1.0
30,6,28,6,0.21428571428571427,0.1638418079096045,0.2950147916510587,1.0
30,7,28,2,0.07142857142857142,0.15254237288135594,0.9550412330335207,1.0
30,8,28,9,0.32142857142857145,0.20903954802259886,0.09323611537384564,1.0
30,9,28,3,0.10714285714285714,0.14124293785310735,0.8011875113975995,1.0
30,10,28,5,0.17857142857142858,0.1807909604519774,0.6036093821203878,1.0
30,11,28,5,0.17857142857142858,0.15254237288135594,0.4300081689113391,1.0
30,12,28,5,0.17857142857142858,0.1694915254237288,0.5367272173244996,1.0
30,13,28,7,0.25,0.1751412429378531,0.19052081155378336,1.0
30,14,28,7,0.25,0.14689265536723164,0.08715618183564759,1.0
30,15,28,7,0.25,0.1807909604519774,0.2160498761588522,1.0
30,16,28,3,0.10714285714285714,0.12994350282485875,0.7473761382697797,1.0
30,17,28,5,0.17857142857142858,0.14689265536723164,0.3936495700165541,1.0
30,18,28,7,0.25,0.20903954802259886,0.36043996870443107,1.0
30,19,28,4,0.14285714285714285,0.14124293785310735,0.5872124955429573,1.0
30,20,28,4,0.14285714285714285,0.15819209039548024,0.6874863294107015,1.0
30,21,28,3,0.10714285714285714,0.12994350282485875,0.7473761382697797,1.0
30,22,28,4,0.14285714285714285,0.15819209039548024,0.6874863294107015,1.0
30,23,28,3,0.10714285714285714,0.11864406779661017,0.6834703921966233,1.0
30,24,28,4,0.14285714285714285,0.1864406779661017,0.8166439567095485,1.0
30,25,28,5,0.17857142857142858,0.1807909604519774,0.6036093821203878,1.0
30,26,28,3,0.10714285714285714,0.14124293785310735,0.8011875113975995,1.0
30,27,28,5,0.17857142857142858,0.12994350282485875,0.28620396736265585,1.0
30,28,28,2,0.07142857142857142,0.11864406779661017,0.8829077876598296,1.0
30,29,28,3,0.10714285714285714,0.12429378531073447,0.7167099581071577,1.0
30,30,28,4,0.14285714285714285,0.15819209039548024,0.6874863294107015,1.0
30,31,28,5,0.17857142857142858,0.14689265536723164,0.3936495700165541,1.0
30,32,28,5,0.17857142857142858,0.14124293785310735,0.3573565214803535,1.0
30,33,28,1,0.03571428571428571,0.192090395480226,0.9985671855024073,1.0
30,34,28,7,0.25,0.14689265536723164,0.08715618183564759,1.0
30,35,28,2,0.07142857142857142,0.1807909604519774,0.9810577066419951,1.0
30,36,28,2,0.07142857142857142,0.14124293785310735,0.9375160750106741,1.0
30,37,28,3,0.10714285714285714,0.1694915254237288,0.8967403270023839,1.0
30,38,28,7,0.25,0.1977401129943503,0.3000318223624833,1.0
31,1,26,1,0.038461538461538464,0.1751412429378531,0.9956739906086783,1.0
31,2,26,6,0.23076923076923078,0.1751412429378531,0.28813909192459425,1.0
31,3,26,6,0.23076923076923078,0.14689265536723164,0.1559629252749509,1.0
31,4,26,5,0.19230769230769232,0.1751412429378531,0.4942979777426703,1.0
31,5,26,1,0.038461538461538464,0.10734463276836158,0.9591826108004264,1.0
31,6,26,4,0.15384615384615385,0.1638418079096045,0.6536025713293654,1.0
31,7,26,4,0.15384615384615385,0.15254237288135594,0.589726299770573,1.0
31,8,26,6,0.23076923076923078,0.20903954802259886,0.47189688135358576,1.0
31,9,26,3,0.11538461538461539,0.14124293785310735,0.753385429172632,1.0
31,10,26,5,0.19230769230769232,0.1807909604519774,0.5269842546671496,1.0
31,11,26,4,0.15384615384615385,0.15254237288135594,0.589726299770573,1.0
31,12,26,3,0.11538461538461539,0.1694915254237288,0.8621154892209022,1.0
31,13,26,8,0.3076923076923077,0.1751412429378531,0.05550498361207083,1.0
31,14,26,3,0.11538461538461539,0.14689265536723164,0.779172415474939,1.0
31,15,26,3,0.11538461538461539,0.1807909604519774,0.8928434789104933,1.0
31,16,26,2,0.07692307692307693,0.12994350282485875,0.8887870971716062,1.0
31,17,26,5,0.19230769230769232,0.14689265536723164,0.32656749439374894,1.0
31,18,26,4,0.15384615384615385,0.20903954802259886,0.8442603365475411,1.0
31,19,26,4,0.15384615384615385,0.14124293785310735,0.5204363229378377,1.0
31,20,26,7,0.2692307692307692,0.15819209039548024,0.08715618183564759,1.0
31,21,26,1,0.038461538461538464,0.12994350282485875,0.9802662111900099,1.0
31,22,26,4,0.15384615384615385,0.15819209039548024,0.6224057547295762,1.0
31,23,26,2,0.07692307692307693,0.11864406779661017,0.8529547219047533,1.0
31,24,26,8,0.3076923076923077,0.1864406779661017,0.07862050768388065,1.0
31,25,26,4,0.15384615384615385,0.1807909604519774,0.7375348177131463,1.0
31,26,26,5,0.19230769230769232,0.14124293785310735,0.2937589234093647,1.0
31,27,26,5,0.19230769230769232,0.12994350282485875,0.23089487818135387,1.0
31,28,26,2,0.07692307692307693,0.11864406779661017,0.8529547219047533,1.0
31,29,26,2,0.07692307692307693,0.12429378531073447,0.8719598353956456,1.0
31,30,26,5,0.19230769230769232,0.15819209039548024,0.3936495700165541,1.0
31,31,26,5,0.19230769230769232,0.14689265536723164,0.32656749439374894,1.0
31,32,26,4,0.15384615384615385,0.14124293785310735,0.5204363229378377,1.0
31,33,26,1,0.038461538461538464,0.192090395480226,0.9976088086965462,1.0
31,34,26,4,0.15384615384615385,0.14689265536723164,0.5556852008549447,1.0
31,35,26,4,0.15384615384615385,0.1807909604519774,0.7375348177131463,1.0
31,36,26,3,0.11538461538461539,0.14124293785310735,0.753385429172632,1.0
31,37,26,5,0.19230769230769232,0.1694915254237288,0.4610465445462064,1.0
31,38,26,8,0.3076923076923077,0.1977401129943503,0.10712483702388892,1.0
32,1,25,5,0.2,0.1751412429378531,0.45465203816227107,1.0
32,2,25,2,0.08,0.1751412429378531,0.9600443419285761,1.0
32,3,25,5,0.2,0.14689265536723164,0.2937589234093647,1.0
32,4,25,2,0.08,0.1751412429378531,0.9600443419285761,1.0
32,5,25,2,0.08,0.10734463276836158,0.7879932620678867,1.0
32,6,25,4,0.16,0.1638418079096045,0.6188061220449851,1.0
32,7,25,3,0.12,0.15254237288135594,0.7782616168417449,1.0
32,8,25,8,0.32,0.20903954802259886,0.11595860465684574,1.0
32,9,25,2,0.08,0.14124293785310735,0.9041401183245809,1.0
32,10,25,4,0.16,0.1807909604519774,0.7051424233983776,1.0
32,11,25,6,0.24,0.15254237288135594,0.15505036899591507,1.0
32,12,25,6,0.24,0.1694915254237288,0.22724795034671275,1.0
32,13,25,2,0.08,0.1751412429378531,0.9600443419285761,1.0
32,14,25,2,0.08,0.14689265536723164,0.9167030090872432,1.0
32,15,25,3,0.12,0.1807909604519774,0.8749232487723378,1.0
32,16,25,3,0.12,0.12994350282485875,0.6666385869672414,1.0
32,17,25,1,0.04,0.14689265536723164,0.9863851765174774,1.0
32,18,25,4,0.16,0.20903954802259886,0.8184574767280101,1.0
32,19,25,2,0.08,0.14124293785310735,0.9041401183245809,1.0
32,20,25,3,0.12,0.15819209039548024,0.8011875113975995,1.0
32,21,25,2,0.08,0.12994350282485875,0.8739014425236411,1.0
32,22,25,4,0.16,0.15819209039548024,0.5872124955429573,1.0
32,23,25,6,0.24,0.11864406779661017,0.053097438016137935,1.0
32,24,25,4,0.16,0.1864406779661017,0.7309022727654613,1.0
32,25,25,6,0.24,0.1807909604519774,0.2812960941340048,1.0
32,26,25,5,0.2,0.14124293785310735,0.263011724765162,1.0
32,27,25,2,0.08,0.12994350282485875,0.8739014425236411,1.0
32,28,25,2,0.08,0.11864406779661017,0.8356773460039422,1.0
32,29,25,4,0.16,0.12429378531073447,0.37747880563078123,1.0
32,30,25,3,0.12,0.15819209039548024,0.8011875113975995,1.0
32,31,25,6,0.24,0.14689265536723164,0.13387349045951052,1.0
32,32,25,4,0.16,0.14124293785310735,0.48556287685653415,1.0
32,33,25,5,0.2,0.192090395480226,0.5493758342567938,1.0
32,34,25,6,0.24,0.14689265536723164,0.13387349045951052,1.0
32,35,25,8,0.32,0.1807909604519774,0.05299008896456309,1.0
32,36,25,6,0.24,0.14124293785310735,0.11430709132229061,1.0
32,37,25,4,0.16,0.1694915254237288,0.649045032233906,1.0
32,38,25,4,0.16,0.1977401129943503,0.7777532651361019,1.0
33,1,34,5,0.14705882352941177,0.1751412429378531,0.7619399002812931,1.0
33,2,34,6,0.17647058823529413,0.1751412429378531,0.577171338917246,1.0
33,3,34,5,0.14705882352941177,0.14689265536723164,0.5899804323442589,1.0
33,4,34,3,0.08823529411764706,0.1751412429378531,0.9667179602262393,1.0
33,5,34,5,0.14705882352941177,0.10734463276836158,0.287922626630822,1.0
33,6,34,4,0.11764705882352941,0.1638418079096045,0.8586950501568748,1.0
33,7,34,5,0.14705882352941177,0.15254237288135594,0.6287515898197072,1.0
33,8,34,8,0.23529411764705882,0.20903954802259886,0.41631602429030173,1.0
33,9,34,6,0.17647058823529413,0.14124293785310735,0.33862806662234096,1.0
33,10,34,8,0.23529411764705882,0.1807909604519774,0.2456218087333504,1.0
33,11,34,9,0.2647058823529412,0.15254237288135594,0.0444518039735496,1.0
33,12,34,4,0.11764705882352941,0.1694915254237288,0.8781652856554518,1.0
33,13,34,7,0.20588235294117646,0.1751412429378531,0.3803980405154218,1.0
33,14,34,3,0.08823529411764706,0.14689265536723164,0.9175994318867953,1.0
33,15,34,6,0.17647058823529413,0.1807909604519774,0.6138719435717485,1.0
33,16,34,2,0.058823529411764705,0.12994350282485875,0.9620718004375757,1.0
33,17,34,6,0.17647058823529413,0.14689265536723164,0.37883652228944054,1.0
33,18,34,6,0.17647058823529413,0.20903954802259886,0.7705214679141369,1.0
33,19,34,3,0.08823529411764706,0.14124293785310735,0.9023143349349361,1.0
33,20,34,5,0.14705882352941177,0.15819209039548024,0.6654661902464578,1.0
33,21,34,5,0.14705882352941177,0.12994350282485875,0.4638870220631408,1.0
33,22,34,7,0.20588235294117646,0.15819209039548024,0.27097134863627037,1.0
33,23,34,2,0.058823529411764705,0.11864406779661017,0.9433511250091284,1.0
33,24,34,11,0.3235294117647059,0.1864406779661017,0.02460597248266992,1.0
33,25,34,5,0.14705882352941177,0.1807909604519774,0.7893598922645422,1.0
33,26,34,2,0.058823529411764705,0.14124293785310735,0.9749185454562674,1.0
33,27,34,4,0.11764705882352941,0.12994350282485875,0.6863618832191882,1.0
33,28,34,2,0.058823529411764705,0.11864406779661017,0.9433511250091284,1.0
33,29,34,4,0.11764705882352941,0.12429378531073447,0.6476706030181365,1.0
33,30,34,5,0.14705882352941177,0.15819209039548024,0.6654661902464578,1.0
33,31,34,7,0.20588235294117646,0.14689265536723164,0.2045998810653424,1.0
33,32,34,8,0.23529411764705882,0.14124293785310735,0.07444554241992679,1.0
33,33,34,5,0.14705882352941177,0.192090395480226,0.8372120556139625,1.0
33,34,34,5,0.14705882352941177,0.14689265536723164,0.5899804323442589,1.0
33,35,34,5,0.14705882352941177,0.1807909604519774,0.7893598922645422,1.0
33,36,34,3,0.08823529411764706,0.14124293785310735,0.9023143349349361,1.0
33,37,34,9,0.2647058823529412,0.1694915254237288,0.08563307750025323,1.0
33,38,34,9,0.2647058823529412,0.1977401129943503,0.19497883527380602,1.0
34,1,26,5,0.19230769230769232,0.1751412429378531,0.4942979777426703,1.0
34,2,26,5,0.19230769230769232,0.1751412429378531,0.4942979777426703,1.0
34,3,26,6,0.23076923076923078,0.14689265536723164,0.1559629252749509,1.0
34,4,26,4,0.15384615384615385,0.1751412429378531,0.7112159973323968,1.0
34,5,26,4,0.15384615384615385,0.10734463276836158,0.2965600189685437,1.0
34,6,26,3,0.11538461538461539,0.1638418079096045,0.844226597843797,1.0
34,7,26,5,0.19230769230769232,0.15254237288135594,0.35994888209008213,1.0
34,8,26,4,0.15384615384615385,0.20903954802259886,0.8442603365475411,1.0
34,9,26,4,0.15384615384615385,0.14124293785310735,0.5204363229378377,1.0
34,10,26,5,0.19230769230769232,0.1807909604519774,0.5269842546671496,1.0
34,11,26,5,0.19230769230769232,0.15254237288135594,0.35994888209008213,1.0
34,12,26,2,0.07692307692307693,0.1694915254237288,0.9611432807727338,1.0
34,13,26,3,0.11538461538461539,0.1751412429378531,0.8782832919232421,1.0
34,14,26,4,0.15384615384615385,0.14689265536723164,0.5556852008549447,1.0
34,15,26,6,0.23076923076923078,0.1807909604519774,0.3177920823504819,1.0
34,16,26,5,0.19230769230769232,0.12994350282485875,0.23089487818135387,1.0
34,17,26,4,0.15384615384615385,0.14689265536723164,0.5556852008549447,1.0
34,18,26,4,0.15384615384615385,0.20903954802259886,0.8442603365475411,1.0
34,19,26,5,0.19230769230769232,0.14124293785310735,0.2937589234093647,1.0
34,20,26,3,0.11538461538461539,0.15819209039548024,0.8245068709629938,1.0
34,21,26,2,0.07692307692307693,0.12994350282485875,0.8887870971716062,1.0
34,22,26,5,0.19230769230769232,0.15819209039548024,0.3936495700165541,1.0
34,23,26,3,0.11538461538461539,0.11864406779661017,0.628348835194208,1.0
34,24,26,5,0.19230769230769232,0.1864406779661017,0.5589298573361974,1.0
34,25,26,4,0.15384615384615385,0.1807909604519774,0.7375348177131463,1.0
34,26,26,2,0.07692307692307693,0.14124293785310735,0.9167030090872432,1.0
34,27,26,2,0.07692307692307693,0.12994350282485875,0.8887870971716062,1.0
34,28,26,5,0.19230769230769232,0.11864406779661017,0.17339021605770896,1.0
34,29,26,3,0.11538461538461539,0.12429378531073447,0.6629035869958304,1.0
34,30,26,5,0.19230769230769232,0.15819209039548024,0.3936495700165541,1.0
34,31,26,5,0.19230769230769232,0.14689265536723164,0.32656749439374894,1.0
34,32,26,4,0.15384615384615385,0.14124293785310735,0.5204363229378377,1.0
34,33,26,4,0.15384615384615385,0.192090395480226,0.7851285916373487,1.0
34,34,26,3,0.11538461538461539,0.14689265536723164,0.779172415474939,1.0
34,35,26,5,0.19230769230769232,0.1807909604519774,0.5269842546671496,1.0
34,36,26,6,0.23076923076923078,0.14124293785310735,0.13387349045951052,1.0
34,37,26,2,0.07692307692307693,0.1694915254237288,0.9611432807727338,1.0
34,38,26,5,0.19230769230769232,0.1977401129943503,0.6200032260816574,1.0
35,1,32,5,0.15625,0.1751412429378531,0.7056284448669354,1.0
35,2,32,8,0.25,0.1751412429378531,0.1641552706966807,1.0
35,3,32,3,0.09375,0.14689265536723164,0.8928434789104933,1.0
35,4,32,7,0.21875,0.1751412429378531,0.3129293726141986,1.0
35,5,32,6,0.1875,0.10734463276836158,0.10050143563067483,1.0
35,6,32,3,0.09375,0.1638418079096045,0.9340453733072638,1.0
35,7,32,4,0.125,0.15254237288135594,0.7673623089364778,1.0
35,8,32,6,0.1875,0.20903954802259886,0.7084941557463401,1.0
35,9,32,5,0.15625,0.14124293785310735,0.48675499076009815,1.0
35,10,32,5,0.15625,0.1807909604519774,0.7356403193238233,1.0
35,11,32,5,0.15625,0.15254237288135594,0.56602674317899,1.0
35,12,32,7,0.21875,0.1694915254237288,0.27933522056830745,1.0
35,13,32,4,0.125,0.1751412429378531,0.8621189331064227,1.0
35,14,32,8,0.25,0.14689265536723164,0.06640286041793773,1.0
35,15,32,4,0.125,0.1807909604519774,0.8801873065039368,1.0
35,16,32,4,0.125,0.12994350282485875,0.6327775637193573,1.0
35,17,32,1,0.03125,0.14689265536723164,0.9964443758427494,1.0
35,18,32,3,0.09375,0.20903954802259886,0.9843644567689155,1.0
35,19,32,6,0.1875,0.14124293785310735,0.2812960941340048,1.0
35,20,32,8,0.25,0.15819209039548024,0.09934558082139466,1.0
35,21,32,6,0.1875,0.12994350282485875,0.21248238606829126,1.0
35,22,32,5,0.15625,0.15819209039548024,0.6036093821203878,1.0
35,23,32,5,0.15625,0.11864406779661017,0.3211625304338304,1.0
35,24,32,7,0.21875,0.1864406779661017,0.38261788433300886,1.0
35,25,32,6,0.1875,0.1807909604519774,0.5435643227997404,1.0
35,26,32,6,0.1875,0.14124293785310735,0.2812960941340048,1.0
35,27,32,7,0.21875,0.12994350282485875,0.09123560080600189,1.0
35,28,32,4,0.125,0.11864406779661017,0.5510818531361766,1.0
35,29,32,3,0.09375,0.12429378531073447,0.805584821601274,1.0
35,30,32,4,0.125,0.15819209039548024,0.7946544634058262,1.0
35,31,32,2,0.0625,0.14689265536723164,0.971792048352478,1.0
35,32,32,3,0.09375,0.14124293785310735,0.8749232487723378,1.0
35,33,32,3,0.09375,0.192090395480226,0.9725304930890479,1.0
35,34,32,3,0.09375,0.14689265536723164,0.8928434789104933,1.0
35,35,32,8,0.25,0.1807909604519774,0.18963028814831048,1.0
35,36,32,2,0.0625,0.14124293785310735,0.9657190814723253,1.0
35,37,32,8,0.25,0.1694915254237288,0.14055282195249486,1.0
35,38,32,8,0.25,0.1977401129943503,0.2757815249363314,1.0
36,1,26,4,0.15384615384615385,0.1751412429378531,0.7112159973323968,1.0
36,2,26,5,0.19230769230769232,0.1751412429378531,0.4942979777426703,1.0
36,3,26,5,0.19230769230769232,0.14689265536723164,0.32656749439374894,1.0
36,4,26,3,0.11538461538461539,0.1751412429378531,0.8782832919232421,1.0
36,5,26,3,0.11538461538461539,0.10734463276836158,0.5530104244584015,1.0
36,6,26,10,0.38461538461538464,0.1638418079096045,0.0027127521921946444,1.0
36,7,26,3,0.11538461538461539,0.15254237288135594,0.8028531799379848,1.0
36,8,26,2,0.07692307692307693,0.20903954802259886,0.9877923974205295,1.0
36,9,26,4,0.15384615384615385,0.14124293785310735,0.5204363229378377,1.0
36,10,26,6,0.23076923076923078,0.1807909604519774,0.3177920823504819,1.0
36,11,26,4,0.15384615384615385,0.15254237288135594,0.589726299770573,1.0
36,12,26,5,0.19230769230769232,0.1694915254237288,0.4610465445462064,1.0
36,13,26,4,0.15384615384615385,0.1751412429378531,0.7112159973323968,1.0
36,14,26,3,0.11538461538461539,0.14689265536723164,0.779172415474939,1.0
36,15,26,6,0.23076923076923078,0.1807909604519774,0.3177920823504819,1.0
36,16,26,5,0.19230769230769232,0.12994350282485875,0.23089487818135387,1.0
36,17,26,3,0.11538461538461539,0.14689265536723164,0.779172415474939,1.0
36,18,26,6,0.23076923076923078,0.20903954802259886,0.47189688135358576,1.0
36,19,26,4,0.15384615384615385,0.14124293785310735,0.5204363229378377,1.0
36,20,26,6,0.23076923076923078,0.15819209039548024,0.20492571762831097,1.0
36,21,26,3,0.11538461538461539,0.12994350282485875,0.6952735867480598,1.0
36,22,26,4,0.15384615384615385,0.15819209039548024,0.6224057547295762,1.0
36,23,26,4,0.15384615384615385,0.11864406779661017,0.37165639323929905,1.0
36,24,26,2,0.07692307692307693,0.1864406779661017,0.9760424496439041,1.0
36,25,26,8,0.3076923076923077,0.1807909604519774,0.06640286041793773,1.0
36,26,26,2,0.07692307692307693,0.14124293785310735,0.9167030090872432,1.0
36,27,26,3,0.11538461538461539,0.12994350282485875,0.6952735867480598,1.0
36,28,26,2,0.07692307692307693,0.11864406779661017,0.8529547219047533,1.0
36,29,26,2,0.07692307692307693,0.12429378531073447,0.8719598353956456,1.0
36,30,26,3,0.11538461538461539,0.15819209039548024,0.8245068709629938,1.0
36,31,26,3,0.11538461538461539,0.14689265536723164,0.779172415474939,1.0
36,32,26,2,0.07692307692307693,0.14124293785310735,0.9167030090872432,1.0
36,33,26,6,0.23076923076923078,0.192090395480226,0.37883652228944054,1.0
36,34,26,4,0.15384615384615385,0.14689265536723164,0.5556852008549447,1.0
36,35,26,6,0.23076923076923078,0.1807909604519774,0.3177920823504819,1.0
36,36,26,4,0.15384615384615385,0.14124293785310735,0.5204363229378377,1.0
36,37,26,3,0.11538461538461539,0.1694915254237288,0.8621154892209022,1.0
36,38,26,4,0.15384615384615385,0.1977401129943503,0.8064350904187282,1.0
37,1,30,2,0.06666666666666667,0.1751412429378531,0.9847198307684626,1.0
37,2,30,4,0.13333333333333333,0.1751412429378531,0.8208805715233889,1.0
37,3,30,1,0.03333333333333333,0.14689265536723164,0.9947444348717002,1.0
37,4,30,3,0.1,0.1751412429378531,0.9346850869271526,1.0
37,5,30,6,0.2,0.10734463276836158,0.07622685975229977,1.0
37,6,30,3,0.1,0.1638418079096045,0.9110798277643719,1.0
37,7,30,3,0.1,0.15254237288135594,0.8804782585152815,1.0
37,8,30,9,0.3,0.20903954802259886,0.1369148905728735,1.0
37,9,30,4,0.13333333333333333,0.14124293785310735,0.649045032233906,1.0
37,10,30,8,0.26666666666666666,0.1807909604519774,0.14055282195249486,1.0
37,11,30,6,0.2,0.15254237288135594,0.2927194217953654,1.0
37,12,30,9,0.3,0.1694915254237288,0.03931275477729815,1.0
37,13,30,6,0.2,0.1751412429378531,0.43365835652911994,1.0
37,14,30,5,0.16666666666666666,0.14689265536723164,0.4610465445462064,1.0
37,15,30,5,0.16666666666666666,0.1807909604519774,0.6735582878842701,1.0
37,16,30,4,0.13333333333333333,0.12994350282485875,0.574507309126491,1.0
37,17,30,4,0.13333333333333333,0.14689265536723164,0.6832265754498514,1.0
37,18,30,6,0.2,0.20903954802259886,0.6370872815323055,1.0
37,19,30,6,0.2,0.14124293785310735,0.22724795034671275,1.0
37,20,30,9,0.3,0.15819209039548024,0.02456049311608695,1.0
37,21,30,5,0.16666666666666666,0.12994350282485875,0.3444034514847204,1.0
37,22,30,5,0.16666666666666666,0.15819209039548024,0.5367272173244996,1.0
37,23,30,4,0.13333333333333333,0.11864406779661017,0.4929623994385687,1.0
37,24,30,5,0.16666666666666666,0.1864406779661017,0.7037484701472619,1.0
37,25,30,5,0.16666666666666666,0.1807909604519774,0.6735582878842701,1.0
37,26,30,4,0.13333333333333333,0.14124293785310735,0.649045032233906,1.0
37,27,30,2,0.06666666666666667,0.12994350282485875,0.9340467607644865,1.0
37,28,30,4,0.13333333333333333,0.11864406779661017,0.4929623994385687,1.0
37,29,30,2,0.06666666666666667,0.12429378531073447,0.9217539864050772,1.0
37,30,30,6,0.2,0.15819209039548024,0.3271499696307647,1.0
37,31,30,0,0.0,0.14689265536723164,1,1.0
37,32,30,4,0.13333333333333333,0.14124293785310735,0.649045032233906,1.0
37,33,30,6,0.2,0.192090395480226,0.5390861843878606,1.0
37,34,30,5,0.16666666666666666,0.14689265536723164,0.4610465445462064,1.0
37,35,30,6,0.2,0.1807909604519774,0.46927138790469203,1.0
37,36,30,5,0.16666666666666666,0.14124293785310735,0.42225320581699854,1.0
37,37,30,3,0.1,0.1694915254237288,0.9236717467267884,1.0
37,38,30,6,0.2,0.1977401129943503,0.5728365926095851,1.0
38,1,35,9,0.2571428571428571,0.1751412429378531,0.12137930136040842,1.0
38,2,35,7,0.2,0.1751412429378531,0.414798966809447,1.0
38,3,35,4,0.11428571428571428,0.14689265536723164,0.8064350904187282,1.0
38,4,35,8,0.22857142857142856,0.1751412429378531,0.24279433533932093,1.0
38,5,35,2,0.05714285714285714,0.10734463276836158,0.9252963449096754,1.0
38,6,35,7,0.2,0.1638418079096045,0.33757639412285906,1.0
38,7,35,5,0.14285714285714285,0.15254237288135594,0.6582773174356256,1.0
38,8,35,6,0.17142857142857143,0.20903954802259886,0.7978880504032522,1.0
38,9,35,7,0.2,0.14124293785310735,0.19616454071560124,1.0
38,10,35,5,0.14285714285714285,0.1807909604519774,0.8130855356775538,1.0
38,11,35,3,0.08571428571428572,0.15254237288135594,0.9399985175577072,1.0
38,12,35,5,0.14285714285714285,0.1694915254237288,0.7586888405505474,1.0
38,13,35,5,0.14285714285714285,0.1751412429378531,0.7871356131945723,1.0
38,14,35,11,0.3142857142857143,0.14689265536723164,0.003650361239496937,1.0
38,15,35,7,0.2,0.1807909604519774,0.45372385053391934,1.0
38,16,35,6,0.17142857142857143,0.12994350282485875,0.2865294404422358,1.0
38,17,35,5,0.14285714285714285,0.14689265536723164,0.6200032260816574,1.0
38,18,35,6,0.17142857142857143,0.20903954802259886,0.7978880504032522,1.0
38,19,35,6,0.17142857142857143,0.14124293785310735,0.3681032788789078,1.0
38,20,35,5,0.14285714285714285,0.15819209039548024,0.694221681489787,1.0
38,21,35,4,0.11428571428571428,0.12994350282485875,0.7112541753765083,1.0
38,22,35,5,0.14285714285714285,0.15819209039548024,0.694221681489787,1.0
38,23,35,3,0.08571428571428572,0.11864406779661017,0.8318339021156012,1.0
38,24,35,4,0.11428571428571428,0.1864406779661017,0.9350342598732644,1.0
38,25,35,6,0.17142857142857143,0.1807909604519774,0.6470060317864718,1.0
38,26,35,7,0.2,0.14124293785310735,0.19616454071560124,1.0
38,27,35,4,0.11428571428571428,0.12994350282485875,0.7112541753765083,1.0
38,28,35,6,0.17142857142857143,0.11864406779661017,0.2107213421162095,1.0
38,29,35,2,0.05714285714285714,0.12429378531073447,0.959435339849541,1.0
38,30,35,6,0.17142857142857143,0.15819209039548024,0.492933242786483,1.0
38,31,35,2,0.05714285714285714,0.14689265536723164,0.9828268988206504,1.0
38,32,35,5,0.14285714285714285,0.14124293785310735,0.5795879268197749,1.0
38,33,35,8,0.22857142857142856,0.192090395480226,0.3455778681664198,1.0
38,34,35,10,0.2857142857142857,0.14689265536723164,0.013552725189417822,1.0
38,35,35,3,0.08571428571428572,0.1807909604519774,0.977164260546112,1.0
38,36,35,4,0.11428571428571428,0.14124293785310735,0.7777532651361019,1.0
38,37,35,4,0.11428571428571428,0.1694915254237288,0.8935816011528588,1.0
38,38,35,8,0.22857142857142856,0.1977401129943503,0.38177468311704027,1.0
