id,numbers,generator,choice_probability,policy_score,eligible,robustness,robustness_confidence,consensus,consensus_confidence,quality,quality_confidence,overfit,overfit_confidence,stable,stable_confidence,stronger,stronger_confidence,dependent,dependent_confidence
C01,"[1, 8, 15, 18, 24, 25]",A_long,0.02,0.1294078947368421,False,0.1,0.92,0,1,0.03,0.98,0.95,,0.37,,0.04,,0.88,
C02,"[2, 10, 13, 18, 24, 33]",A_long,0.9,0.25946428571428565,False,0.1,0.91,0,1,0.03,0.97,0.95,,0.45,,0.05,,0.49,
C03,"[2, 6, 8, 12, 18, 25]",A_long,0,0.10736842105263159,False,0.02,0.98,0,1,0.02,0.99,0.96,,0.32,,0.04,,0.9,
C04,"[1, 2, 9, 22, 24, 38]",B_recent,0,0.15507236842105254,False,0.03,0.98,0.01,1,0.01,0.99,0.96,,0.44,,0.04,,0.58,
C05,"[1, 4, 13, 14, 24, 38]",B_recent,0,0.17386184210526318,False,0.04,0.96,0.01,0.99,0.02,0.98,0.95,,0.44,,0.04,,0.55,
C06,"[1, 2, 4, 10, 13, 35]",B_recent,0,0.1608355263157894,False,0.05,0.96,0.01,1,0.01,0.99,0.96,,0.46,,0.04,,0.58,
C07,"[16, 23, 28, 33, 34, 38]",C_gap,0,0.06852631578947369,False,0,1,0,1,0,1,0.96,,0.18,,0.04,,0.92,
C08,"[5, 11, 16, 24, 27, 34]",C_gap,0,0.06476315789473683,False,0,1,0,1,0,1,0.96,,0.22,,0.03,,0.89,
C09,"[5, 11, 14, 16, 23, 32]",C_gap,0,0.06762499999999999,False,0,1,0.01,0.99,0,1,0.96,,0.18,,0.03,,0.73,
C10,"[4, 7, 12, 13, 19, 24]",D_trend,0,0.13142105263157888,False,0.05,0.96,0,1,0.01,0.99,0.96,,0.38,,0.04,,0.85,
C11,"[4, 7, 10, 22, 24, 31]",D_trend,0.05,0.165562969924812,False,0.07,0.94,0.01,0.99,0.02,0.98,0.96,,0.43,,0.04,,0.42,
C12,"[2, 3, 4, 7, 10, 15]",D_trend,0,0.10685902255639099,False,0.02,0.98,0,1,0.01,0.99,0.96,,0.24,,0.04,,0.83,
C13,"[1, 5, 8, 12, 26, 34]",E_pairs,0.03,-0.07794736842105264,False,0,1,0,1,0,1,0.96,,0.07,,0.03,,0.12,
C14,"[8, 10, 11, 15, 21, 24]",E_pairs,0,-0.062144736842105266,False,0.01,0.99,0,1,0,1,0.96,,0.08,,0.04,,0.17,
C15,"[6, 8, 15, 17, 19, 38]",E_pairs,0,-0.0694078947368421,False,0.01,0.99,0,1,0,1,0.96,,0.08,,0.04,,0.21,
C16,"[6, 7, 13, 24, 32, 35]",F_structure,0,0.11450657894736838,False,0.01,0.99,0.01,0.99,0,1,0.95,,0.3,,0.04,,0.87,
C17,"[4, 16, 17, 21, 26, 33]",F_structure,0,0.09091447368421052,False,0,1,0.01,0.99,0,1,0.96,,0.31,,0.04,,0.58,
C18,"[7, 8, 12, 23, 29, 34]",F_structure,0,0.09345394736842105,False,0.01,0.99,0.01,0.99,0,1,0.96,,0.28,,0.04,,0.85,
C19,"[12, 13, 15, 18, 22, 24]",G_ensemble,0,-0.004047932330827085,False,0.07,0.94,0.01,0.99,0.01,0.99,0.96,,0.14,,0.04,,0.82,
C20,"[5, 7, 14, 21, 33, 38]",H_random,0,-0.1111842105263158,False,0,1,0,1,0,1,0.96,,0.08,,0.03,,0.83,
