variant,model,confirmation_n,confirmation_mean,confirmation_holm_p,mean_ticket_overlap
window20,A_long,40,1.125,0.8456542622256938,6.0
window20,B_recent,40,0.775,1.0,3.7890625
window20,C_gap,40,0.75,1.0,6.0
window20,D_trend,40,0.975,1.0,6.0
window20,E_pairs,40,1.0,1.0,6.0
window20,F_structure,40,0.95,1.0,6.0
window20,G_ensemble,40,0.875,1.0,5.0
window20,H_random,40,0.875,1.0,6.0
window40,A_long,40,1.125,0.8456542622256938,6.0
window40,B_recent,40,1.025,1.0,4.1796875
window40,C_gap,40,0.75,1.0,6.0
window40,D_trend,40,0.975,1.0,6.0
window40,E_pairs,40,1.0,1.0,6.0
window40,F_structure,40,0.95,1.0,6.0
window40,G_ensemble,40,0.925,1.0,5.1484375
window40,H_random,40,0.875,1.0,6.0
decay10,A_long,40,1.125,0.8456542622256938,6.0
decay10,B_recent,40,0.95,1.0,5.0078125
decay10,C_gap,40,0.75,1.0,6.0
decay10,D_trend,40,0.975,1.0,6.0
decay10,E_pairs,40,1.0,1.0,6.0
decay10,F_structure,40,0.95,1.0,6.0
decay10,G_ensemble,40,0.85,1.0,5.015625
decay10,H_random,40,0.875,1.0,6.0
decay40,A_long,40,1.125,0.8456542622256938,6.0
decay40,B_recent,40,0.925,1.0,5.359375
decay40,C_gap,40,0.75,1.0,6.0
decay40,D_trend,40,0.975,1.0,6.0
decay40,E_pairs,40,1.0,1.0,6.0
decay40,F_structure,40,0.95,1.0,6.0
decay40,G_ensemble,40,0.875,1.0,5.0390625
decay40,H_random,40,0.875,1.0,6.0
trend10,A_long,40,1.125,0.8456542622256938,6.0
trend10,B_recent,40,0.975,1.0,6.0
trend10,C_gap,40,0.75,1.0,6.0
trend10,D_trend,40,0.975,1.0,1.546875
trend10,E_pairs,40,1.0,1.0,6.0
trend10,F_structure,40,0.95,1.0,6.0
trend10,G_ensemble,40,0.925,1.0,2.6484375
trend10,H_random,40,0.875,1.0,6.0
trend30,A_long,40,1.125,0.8456542622256938,6.0
trend30,B_recent,40,0.975,1.0,6.0
trend30,C_gap,40,0.75,1.0,6.0
trend30,D_trend,40,0.9,1.0,2.0625
trend30,E_pairs,40,1.0,1.0,6.0
trend30,F_structure,40,0.95,1.0,6.0
trend30,G_ensemble,40,1.0,1.0,2.7109375
trend30,H_random,40,0.875,1.0,6.0
pair001,A_long,40,1.125,0.8456542622256938,6.0
pair001,B_recent,40,0.975,1.0,6.0
pair001,C_gap,40,0.75,1.0,6.0
pair001,D_trend,40,0.975,1.0,6.0
pair001,E_pairs,40,1.0,1.0,6.0
pair001,F_structure,40,0.95,1.0,6.0
pair001,G_ensemble,40,0.875,1.0,6.0
pair001,H_random,40,0.875,1.0,6.0
pair010,A_long,40,1.125,0.8456542622256938,6.0
pair010,B_recent,40,0.975,1.0,6.0
pair010,C_gap,40,0.75,1.0,6.0
pair010,D_trend,40,0.975,1.0,6.0
pair010,E_pairs,40,1.0,1.0,6.0
pair010,F_structure,40,0.95,1.0,6.0
pair010,G_ensemble,40,0.875,1.0,6.0
pair010,H_random,40,0.875,1.0,6.0
warmup40,A_long,40,1.125,0.8456542622256938,6.0
warmup40,B_recent,40,0.975,1.0,6.0
warmup40,C_gap,40,0.75,1.0,6.0
warmup40,D_trend,40,0.975,1.0,6.0
warmup40,E_pairs,40,1.0,1.0,6.0
warmup40,F_structure,40,0.95,1.0,6.0
warmup40,G_ensemble,40,0.875,1.0,4.078125
warmup40,H_random,40,0.875,1.0,6.0
warmup60,A_long,40,1.125,0.8456542622256938,6.0
warmup60,B_recent,40,0.975,1.0,6.0
warmup60,C_gap,40,0.75,1.0,6.0
warmup60,D_trend,40,0.975,1.0,6.0
warmup60,E_pairs,40,1.0,1.0,6.0
warmup60,F_structure,40,0.95,1.0,6.0
warmup60,G_ensemble,40,0.85,1.0,4.661016949152542
warmup60,H_random,40,0.875,1.0,6.0
history100,A_long,40,1.025,1.0,4.4765625
history100,B_recent,40,0.975,1.0,5.96875
history100,C_gap,40,0.75,1.0,6.0
history100,D_trend,40,0.975,1.0,6.0
history100,E_pairs,40,1.0,1.0,6.0
history100,F_structure,40,0.85,1.0,5.359375
history100,G_ensemble,40,0.875,1.0,4.9296875
history100,H_random,40,0.875,1.0,6.0
equal_weights,A_long,40,1.125,0.8456542622256938,6.0
equal_weights,B_recent,40,0.975,1.0,6.0
equal_weights,C_gap,40,0.75,1.0,6.0
equal_weights,D_trend,40,0.975,1.0,6.0
equal_weights,E_pairs,40,1.0,1.0,6.0
equal_weights,F_structure,40,0.95,1.0,6.0
equal_weights,G_ensemble,40,1.025,1.0,3.5
equal_weights,H_random,40,0.875,1.0,6.0
shrunk_weights,A_long,40,1.125,0.8456542622256938,6.0
shrunk_weights,B_recent,40,0.975,1.0,6.0
shrunk_weights,C_gap,40,0.75,1.0,6.0
shrunk_weights,D_trend,40,0.975,1.0,6.0
shrunk_weights,E_pairs,40,1.0,1.0,6.0
shrunk_weights,F_structure,40,0.95,1.0,6.0
shrunk_weights,G_ensemble,40,0.875,1.0,6.0
shrunk_weights,H_random,40,0.875,1.0,6.0
pool_seed,A_long,40,0.9,1.0,2.546875
pool_seed,B_recent,40,0.9,1.0,2.375
pool_seed,C_gap,40,1.05,1.0,2.6171875
pool_seed,D_trend,40,1.0,1.0,2.3203125
pool_seed,E_pairs,40,0.875,1.0,0.96875
pool_seed,F_structure,40,0.875,1.0,1.0546875
pool_seed,G_ensemble,40,0.9,1.0,2.203125
pool_seed,H_random,40,0.85,1.0,0.9296875
