rank,mains,T,EQ_sum,A_long,B_recent,C_gap,D_trend,E_pairs,pair,struct
1,01 06 11 12 18,0.00000000,3.98501793,0.394993,1.839804,-1.362139,1.567563,0.000000,0.000000,-1.771305
2,01 06 12 18 22,0.00000000,3.89153273,0.205396,1.697868,-0.895120,1.288885,0.000000,0.000000,-0.802783
3,01 11 12 18 22,0.00000000,3.87082698,0.205396,1.670389,-1.478893,1.706902,0.000000,0.000000,0.215755
4,01 06 12 18 23,0.00000000,3.87023744,-0.173797,2.119760,-1.595648,1.567563,0.000000,0.000000,-0.322493
5,01 06 11 18 22,0.00000000,3.85254571,-0.173797,1.440810,-1.128629,1.846241,0.000000,0.000000,-0.439585
6,01 11 12 18 23,0.00000000,3.84953169,-0.173797,2.092281,-2.179422,1.985580,0.000000,0.000000,0.362035
7,01 06 11 18 23,0.00000000,3.83125042,-0.552990,1.862702,-1.829158,2.124918,0.000000,0.000000,-0.288636
8,01 02 06 12 18,0.00000000,3.77807522,-0.173797,1.494480,-1.011874,1.567563,0.000000,0.000000,-2.870420
9,01 02 11 12 18,0.00000000,3.75736948,-0.173797,1.467001,-1.595648,1.985580,0.000000,0.000000,-2.131455
10,01 12 18 22 23,0.00000000,3.75604649,-0.363394,1.950345,-1.712403,1.706902,0.000000,0.000000,0.913727
11,01 02 06 11 18,0.00000000,3.73908820,-0.552990,1.237421,-1.245384,2.124918,0.000000,0.000000,-2.462484
12,01 06 18 22 23,0.00000000,3.73776521,-0.742587,1.720766,-1.362139,1.846241,0.000000,0.000000,0.852882
13,01 11 18 22 23,0.00000000,3.71705947,-0.742587,1.693287,-1.945912,2.264257,0.000000,0.000000,0.898761
14,01 06 12 18 24,0.00000000,3.67283670,0.774186,2.186415,-1.011874,0.174174,0.000000,0.000000,-0.561578
15,01 02 12 18 22,0.00000000,3.66388427,-0.363394,1.325065,-1.128629,1.706902,0.000000,0.000000,-0.322628
16,01 11 12 18 24,0.00000000,3.65213096,0.774186,2.158936,-1.595648,0.592190,0.000000,0.000000,0.449178
17,01 02 06 18 22,0.00000000,3.64560300,-0.742587,1.095486,-0.778365,1.846241,0.000000,0.000000,-0.967677
18,01 02 12 18 23,0.00000000,3.64258898,-0.742587,1.746957,-1.829158,1.985580,0.000000,0.000000,0.160775
19,06 11 12 18 22,0.00000000,3.63400658,0.774186,1.356085,-0.778365,0.731529,0.000000,0.000000,-0.363686
20,01 06 11 18 24,0.00000000,3.63384968,0.394993,1.929357,-1.245384,0.731529,0.000000,0.000000,-0.196824
21,01 02 11 18 22,0.00000000,3.62489725,-0.742587,1.068007,-1.362139,2.264257,0.000000,0.000000,-0.103100
22,01 02 06 18 23,0.00000000,3.62430771,-1.121780,1.517377,-1.478893,2.124918,0.000000,0.000000,-0.479605
23,06 11 12 18 23,0.00000000,3.61271129,0.394993,1.777976,-1.478893,1.010207,0.000000,0.000000,0.161209
24,01 02 11 18 23,0.00000000,3.60360196,-1.121780,1.489898,-2.062667,2.542935,0.000000,0.000000,0.050962
25,01 06 07 12 18,0.00000000,3.59708963,-0.742587,0.885735,0.505937,1.010207,0.000000,0.000000,-2.237788
26,01 06 12 17 18,0.00000000,3.59323401,1.153380,1.135146,-0.311346,0.313513,0.000000,0.000000,-1.543603
27,01 06 12 18 25,0.00000000,3.58841665,-0.552990,1.718621,-1.128629,1.288885,0.000000,0.000000,-0.034046
28,01 07 11 12 18,0.00000000,3.57638389,-0.742587,0.858256,-0.077836,1.428224,0.000000,0.000000,-1.724768
29,01 11 12 17 18,0.00000000,3.57252826,1.153380,1.107667,-0.895120,0.731529,0.000000,0.000000,-1.599992
30,01 11 12 18 25,0.00000000,3.56771091,-0.552990,1.691142,-1.712403,1.706902,0.000000,0.000000,0.543947
31,01 12 18 22 24,0.00000000,3.55864575,0.584590,2.017001,-1.128629,0.313513,0.000000,0.000000,0.612814
32,01 06 07 11 18,0.00000000,3.55810261,-1.121780,0.628677,0.272428,1.567563,0.000000,0.000000,-2.156080
33,01 06 11 17 18,0.00000000,3.55424699,0.774186,0.878088,-0.544855,0.870868,0.000000,0.000000,-1.613168
34,01 06 11 18 25,0.00000000,3.54942963,-0.932184,1.461563,-1.362139,1.846241,0.000000,0.000000,-0.097386
35,01 06 18 22 24,0.00000000,3.54036448,0.205396,1.787421,-0.778365,0.452851,0.000000,0.000000,0.556639
36,01 12 18 23 24,0.00000000,3.53735046,0.205396,2.438892,-1.829158,0.592190,0.000000,0.000000,1.016280
37,02 06 11 12 18,0.00000000,3.52054908,0.394993,1.152696,-0.895120,1.010207,0.000000,0.000000,-2.076670
38,01 11 18 22 24,0.00000000,3.51965873,0.205396,1.759942,-1.362139,0.870868,0.000000,0.000000,0.928745
39,06 12 18 22 23,0.00000000,3.51922609,0.205396,1.636041,-1.011874,0.731529,0.000000,0.000000,0.317161
40,01 06 18 23 24,0.00000000,3.51906919,-0.173797,2.209313,-1.478893,0.731529,0.000000,0.000000,0.964773
41,01 02 18 22 23,0.00000000,3.51011676,-1.311377,1.347963,-1.595648,2.264257,0.000000,0.000000,0.147430
42,11 12 18 22 23,0.00000000,3.49852035,0.205396,1.608562,-1.595648,1.149546,0.000000,0.000000,-0.519223
43,01 11 18 23 24,0.00000000,3.49836344,-0.173797,2.181834,-2.062667,1.149546,0.000000,0.000000,1.002870
44,01 07 12 18 22,0.00000000,3.48289868,-0.932184,0.716321,0.389182,1.149546,0.000000,0.000000,-0.434687
45,06 11 18 22 23,0.00000000,3.48023907,-0.173797,1.378982,-1.245384,1.288885,0.000000,0.000000,0.757779
46,01 12 17 18 22,0.00000000,3.47904306,0.963783,0.965731,-0.428101,0.452851,0.000000,0.000000,0.485610
47,01 12 18 22 25,0.00000000,3.47422571,-0.742587,1.549206,-1.245384,1.428224,0.000000,0.000000,0.786554
48,01 06 07 18 22,0.00000000,3.46461741,-1.311377,0.486741,0.739447,1.288885,0.000000,0.000000,-0.377792
49,01 07 12 18 23,0.00000000,3.46160339,-1.311377,1.138212,-0.311346,1.428224,0.000000,0.000000,-0.285294
50,01 06 17 18 22,0.00000000,3.46076178,0.584590,0.736152,-0.077836,0.592190,0.000000,0.000000,0.392913
51,01 12 17 18 23,0.00000000,3.45774777,0.584590,1.387623,-1.128629,0.731529,0.000000,0.000000,0.627222
52,01 06 18 22 25,0.00000000,3.45594443,-1.121780,1.319627,-0.895120,1.567563,0.000000,0.000000,0.735048
53,01 12 18 23 25,0.00000000,3.45293041,-1.121780,1.971098,-1.945912,1.706902,0.000000,0.000000,1.052335
54,01 02 12 18 24,0.00000000,3.44518825,0.205396,1.813612,-1.245384,0.592190,0.000000,0.000000,-0.075198
55,01 07 11 18 22,0.00000000,3.44391167,-1.311377,0.459262,0.155673,1.706902,0.000000,0.000000,-0.400830
56,01 06 07 18 23,0.00000000,3.44332212,-1.690570,0.908633,0.038918,1.567563,0.000000,0.000000,-0.223730
57,01 11 17 18 22,0.00000000,3.44005604,0.584590,0.708673,-0.661610,1.010207,0.000000,0.000000,0.465975
58,01 06 17 18 23,0.00000000,3.43946649,0.205396,1.158044,-0.778365,0.870868,0.000000,0.000000,0.539193
59,01 11 18 22 25,0.00000000,3.43523869,-1.121780,1.292148,-1.478893,1.985580,0.000000,0.000000,0.773145
60,01 06 18 23 25,0.00000000,3.43464914,-1.500974,1.741519,-1.595648,1.846241,0.000000,0.000000,1.005498
61,02 06 12 18 22,0.00000000,3.42706387,0.205396,1.010760,-0.428101,0.731529,0.000000,0.000000,-1.404918
62,01 02 06 18 24,0.00000000,3.42690697,-0.173797,1.584033,-0.895120,0.731529,0.000000,0.000000,-0.710909
63,01 07 11 18 23,0.00000000,3.42261637,-1.690570,0.881154,-0.544855,1.985580,0.000000,0.000000,-0.580777
64,01 11 17 18 23,0.00000000,3.41876075,0.205396,1.130565,-1.362139,1.288885,0.000000,0.000000,0.278247
65,06 11 12 18 24,0.00000000,3.41531056,1.342976,1.844632,-0.895120,-0.383182,0.000000,0.000000,-0.033272
66,01 11 18 23 25,0.00000000,3.41394340,-1.500974,1.714040,-2.179422,2.264257,0.000000,0.000000,0.709585
67,02 11 12 18 22,0.00000000,3.40635813,0.205396,0.983281,-1.011874,1.149546,0.000000,0.000000,-0.101957
68,01 02 11 18 24,0.00000000,3.40620123,-0.173797,1.556554,-1.478893,1.149546,0.000000,0.000000,0.145886
69,02 06 12 18 23,0.00000000,3.40576858,-0.173797,1.432652,-1.128629,1.010207,0.000000,0.000000,-0.584810
70,01 18 22 23 24,0.00000000,3.40487824,-0.363394,2.039898,-1.595648,0.870868,0.000000,0.000000,0.156555
71,02 06 11 18 22,0.00000000,3.38807685,-0.173797,0.753702,-0.661610,1.288885,0.000000,0.000000,-0.710823
72,02 11 12 18 23,0.00000000,3.38506284,-0.173797,1.405173,-1.712403,1.428224,0.000000,0.000000,0.384141
73,01 02 07 12 18,0.00000000,3.36944118,-1.311377,0.512932,0.272428,1.428224,0.000000,0.000000,-2.377402
74,02 06 11 18 23,0.00000000,3.36678156,-0.552990,1.175594,-1.362139,1.567563,0.000000,0.000000,-0.220056
75,01 02 12 17 18,0.00000000,3.36558555,0.584590,0.762343,-0.544855,0.731529,0.000000,0.000000,-1.843272
76,01 02 12 18 25,0.00000000,3.36076820,-1.121780,1.345818,-1.362139,1.706902,0.000000,0.000000,0.356694
77,01 02 06 07 18,0.00000000,3.35115990,-1.690570,0.283353,0.622692,1.567563,0.000000,0.000000,-2.887887
78,01 02 06 17 18,0.00000000,3.34730428,0.205396,0.532763,-0.194591,0.870868,0.000000,0.000000,-2.515506
79,01 02 06 18 25,0.00000000,3.34248692,-1.500974,1.116238,-1.011874,1.846241,0.000000,0.000000,-0.274348
80,06 07 11 12 18,0.00000000,3.33956349,-0.173797,0.543952,0.622692,0.452851,0.000000,0.000000,-2.316455
81,06 11 12 17 18,0.00000000,3.33570786,1.722170,0.793362,-0.194591,-0.243843,0.000000,0.000000,-2.157140
82,06 11 12 18 25,0.00000000,3.33089051,0.015800,1.376837,-1.011874,0.731529,0.000000,0.000000,0.538864
83,01 02 07 11 18,0.00000000,3.33045416,-1.690570,0.255874,0.038918,1.985580,0.000000,0.000000,-2.298807
84,01 07 18 22 23,0.00000000,3.32913117,-1.880167,0.739218,-0.077836,1.706902,0.000000,0.000000,0.878461
85,01 02 11 17 18,0.00000000,3.32659853,0.205396,0.505284,-0.778365,1.288885,0.000000,0.000000,-1.957754
86,01 17 18 22 23,0.00000000,3.32527555,0.015800,0.988629,-0.895120,1.010207,0.000000,0.000000,0.319994
87,06 12 18 22 24,0.00000000,3.32182535,1.153380,1.702696,-0.428101,-0.661860,0.000000,0.000000,-0.265375
88,01 02 11 18 25,0.00000000,3.32178118,-1.500974,1.088759,-1.595648,2.264257,0.000000,0.000000,0.248438
89,01 18 22 23 25,0.00000000,3.32045819,-1.690570,1.572104,-1.712403,1.985580,0.000000,0.000000,0.566960
90,01 02 18 22 24,0.00000000,3.31271602,-0.363394,1.414618,-1.011874,0.870868,0.000000,0.000000,0.236430
91,11 12 18 22 24,0.00000000,3.30111961,1.153380,1.675217,-1.011874,-0.243843,0.000000,0.000000,-0.341014
92,06 12 18 23 24,0.00000000,3.30053006,0.774186,2.124588,-1.128629,-0.383182,0.000000,0.000000,0.464318
93,02 12 18 22 23,0.00000000,3.29157764,-0.363394,1.263237,-1.245384,1.149546,0.000000,0.000000,0.616137
94,01 02 18 23 24,0.00000000,3.29142073,-0.742587,1.836510,-1.712403,1.149546,0.000000,0.000000,0.265546
95,06 11 18 22 24,0.00000000,3.28283833,0.774186,1.445637,-0.661610,-0.104504,0.000000,0.000000,0.506140
96,11 12 18 23 24,0.00000000,3.27982432,0.774186,2.097109,-1.712403,0.034835,0.000000,0.000000,-0.327461
97,02 06 18 22 23,0.00000000,3.27329636,-0.742587,1.033658,-0.895120,1.288885,0.000000,0.000000,0.582784
98,01 07 12 18 24,0.00000000,3.26420266,-0.363394,1.204868,0.272428,0.034835,0.000000,0.000000,-0.195039
99,06 11 18 23 24,0.00000000,3.26154304,0.394993,1.867529,-1.362139,0.174174,0.000000,0.000000,0.906493
100,01 12 17 18 24,0.00000000,3.26034703,1.532573,1.454278,-0.544855,-0.661860,0.000000,0.000000,0.709695
101,01 12 18 24 25,0.00000000,3.25552968,-0.173797,2.037753,-1.362139,0.313513,0.000000,0.000000,1.090743
102,02 11 18 22 23,0.00000000,3.25259062,-0.742587,1.006179,-1.478893,1.706902,0.000000,0.000000,0.913086
103,06 07 12 18 22,0.00000000,3.24607828,-0.363394,0.402016,1.089711,0.174174,0.000000,0.000000,-0.425485
104,01 06 07 18 24,0.00000000,3.24592138,-0.742587,0.975288,0.622692,0.174174,0.000000,0.000000,-0.128806
105,01 06 11 12 22,0.00000000,3.24432268,0.963783,0.342099,-0.778365,0.870868,0.000000,0.000000,-0.113983
106,06 12 17 18 22,0.00000000,3.24222266,1.532573,0.651427,0.272428,-0.522521,0.000000,0.000000,-0.139998
107,01 06 17 18 24,0.00000000,3.24206576,1.153380,1.224699,-0.194591,-0.522521,0.000000,0.000000,0.626336
108,06 12 18 22 25,0.00000000,3.23740531,-0.173797,1.234902,-0.544855,0.452851,0.000000,0.000000,0.286979
109,01 06 18 24 25,0.00000000,3.23724840,-0.552990,1.808174,-1.011874,0.452851,0.000000,0.000000,1.048574
110,01 02 07 18 22,0.00000000,3.23696896,-1.880167,0.113938,0.505937,1.706902,0.000000,0.000000,-0.486280
111,01 02 17 18 22,0.00000000,3.23311333,0.015800,0.363349,-0.311346,1.010207,0.000000,0.000000,-0.255285
112,01 02 18 22 25,0.00000000,3.22829598,-1.690570,0.946824,-1.128629,1.985580,0.000000,0.000000,0.800082
113,07 11 12 18 22,0.00000000,3.22537254,-0.363394,0.374537,0.505937,0.592190,0.000000,0.000000,-0.098989
114,01 07 11 18 24,0.00000000,3.22521564,-0.742587,0.947809,0.038918,0.592190,0.000000,0.000000,-0.159625
115,06 07 12 18 23,0.00000000,3.22478299,-0.742587,0.823908,0.389182,0.452851,0.000000,0.000000,0.102523
116,01 06 11 12 23,0.00000000,3.22302739,0.584590,0.763991,-1.478893,1.149546,0.000000,0.000000,0.064457
117,11 12 17 18 22,0.00000000,3.22151692,1.532573,0.623948,-0.311346,-0.104504,0.000000,0.000000,-1.123159
118,01 11 17 18 24,0.00000000,3.22136001,1.153380,1.197220,-0.778365,-0.104504,0.000000,0.000000,0.691617
119,06 12 17 18 23,0.00000000,3.22092737,1.153380,1.073318,-0.428101,-0.243843,0.000000,0.000000,0.380228
120,11 12 18 22 25,0.00000000,3.21669956,-0.173797,1.207423,-1.128629,0.870868,0.000000,0.000000,0.311848
121,01 11 18 24 25,0.00000000,3.21654266,-0.552990,1.780695,-1.595648,0.870868,0.000000,0.000000,1.078890
122,06 12 18 23 25,0.00000000,3.21611001,-0.552990,1.656793,-1.245384,0.731529,0.000000,0.000000,0.878988
123,01 02 07 18 23,0.00000000,3.21567366,-2.259360,0.535830,-0.194591,1.985580,0.000000,0.000000,-0.329105
124,01 02 17 18 23,0.00000000,3.21181804,-0.363394,0.785240,-1.011874,1.288885,0.000000,0.000000,-0.105892
125,02 06 12 18 24,0.00000000,3.20836785,0.774186,1.499307,-0.544855,-0.383182,0.000000,0.000000,-1.144315
126,06 07 11 18 22,0.00000000,3.20709127,-0.742587,0.144957,0.856201,0.731529,0.000000,0.000000,-0.057618
127,01 02 18 23 25,0.00000000,3.20700069,-2.069764,1.368715,-1.829158,2.264257,0.000000,0.000000,0.691514
128,07 11 12 18 23,0.00000000,3.20407725,-0.742587,0.796429,-0.194591,0.870868,0.000000,0.000000,0.105487
129,06 11 17 18 22,0.00000000,3.20323564,1.153380,0.394368,0.038918,0.034835,0.000000,0.000000,0.197199
130,11 12 17 18 23,0.00000000,3.20022162,1.153380,1.045839,-1.011874,0.174174,0.000000,0.000000,-0.884556
131,06 11 18 22 25,0.00000000,3.19841829,-0.552990,0.977843,-0.778365,1.010207,0.000000,0.000000,0.729154
132,11 12 18 23 25,0.00000000,3.19540427,-0.552990,1.629314,-1.829158,1.149546,0.000000,0.000000,0.187716
133,02 11 12 18 24,0.00000000,3.18766210,0.774186,1.471828,-1.128629,0.034835,0.000000,0.000000,0.150864
134,12 18 22 23 24,0.00000000,3.18633912,0.584590,1.955173,-1.245384,-0.243843,0.000000,0.000000,-1.110659
135,06 07 11 18 23,0.00000000,3.18579597,-1.121780,0.566849,0.155673,1.010207,0.000000,0.000000,0.141049
136,01 07 12 17 18,0.00000000,3.18459996,0.015800,0.153598,0.972956,0.174174,0.000000,0.000000,-1.501735
137,06 11 17 18 23,0.00000000,3.18194035,0.774186,0.816260,-0.661610,0.313513,0.000000,0.000000,0.388084
138,01 07 12 18 25,0.00000000,3.17978261,-1.690570,0.737073,0.155673,1.149546,0.000000,0.000000,0.001597
139,06 11 18 23 25,0.00000000,3.17712300,-0.932184,1.399735,-1.478893,1.288885,0.000000,0.000000,0.991822
140,01 12 17 18 25,0.00000000,3.17592698,0.205396,0.986484,-0.661610,0.452851,0.000000,0.000000,0.799796
141,02 06 11 18 24,0.00000000,3.16938083,0.394993,1.242249,-0.778365,0.174174,0.000000,0.000000,-0.448664
142,06 18 22 23 24,0.00000000,3.16805784,0.205396,1.725593,-0.895120,-0.104504,0.000000,0.000000,0.135167
143,01 06 07 17 18,0.00000000,3.16631869,-0.363394,-0.075981,1.323220,0.313513,0.000000,0.000000,-2.255269
144,01 06 07 18 25,0.00000000,3.16150133,-2.069764,0.507494,0.505937,1.288885,0.000000,0.000000,-0.026255
145,01 06 17 18 25,0.00000000,3.15764571,-0.173797,0.756905,-0.311346,0.592190,0.000000,0.000000,0.721105
146,11 18 22 23 24,0.00000000,3.14735210,0.205396,1.698114,-1.478893,0.313513,0.000000,0.000000,-0.432247
147,01 07 11 17 18,0.00000000,3.14561294,-0.363394,-0.103460,0.739447,0.731529,0.000000,0.000000,-1.900640
148,01 07 11 18 25,0.00000000,3.14079559,-2.069764,0.480015,-0.077836,1.706902,0.000000,0.000000,-0.391083
149,01 11 17 18 25,0.00000000,3.13693997,-0.173797,0.729426,-0.895120,1.010207,0.000000,0.000000,0.452377
150,02 06 07 12 18,0.00000000,3.13262078,-0.742587,0.198627,0.972956,0.452851,0.000000,0.000000,-2.540041
151,01 07 18 22 24,0.00000000,3.13173044,-0.932184,0.805873,0.505937,0.313513,0.000000,0.000000,0.911558
152,01 02 06 11 12,0.00000000,3.13086517,0.584590,0.138710,-0.895120,1.149546,0.000000,0.000000,-5.190521
153,01 06 12 22 23,0.00000000,3.12954219,0.394993,0.622055,-1.011874,0.870868,0.000000,0.000000,0.577755
154,02 06 12 17 18,0.00000000,3.12876515,1.153380,0.448038,0.155673,-0.243843,0.000000,0.000000,-1.853637
155,01 17 18 22 24,0.00000000,3.12787481,0.963783,1.055284,-0.311346,-0.383182,0.000000,0.000000,0.727440
156,02 06 12 18 25,0.00000000,3.12394780,-0.552990,1.031513,-0.661610,0.731529,0.000000,0.000000,-0.276965
157,01 18 22 24 25,0.00000000,3.12305746,-0.742587,1.638759,-1.128629,0.592190,0.000000,0.000000,0.548209
158,02 07 11 12 18,0.00000000,3.11191503,-0.742587,0.171148,0.389182,0.870868,0.000000,0.000000,-1.700793
159,07 12 18 22 23,0.00000000,3.11059205,-0.932184,0.654493,0.272428,0.592190,0.000000,0.000000,0.582997
160,01 07 18 23 24,0.00000000,3.11043514,-1.311377,1.227765,-0.194591,0.592190,0.000000,0.000000,0.988795
161,01 11 12 22 23,0.00000000,3.10883644,0.394993,0.594576,-1.595648,1.288885,0.000000,0.000000,0.201343
162,02 11 12 17 18,0.00000000,3.10805941,1.153380,0.420559,-0.428101,0.174174,0.000000,0.000000,-1.625603
163,12 17 18 22 23,0.00000000,3.10673642,0.963783,0.903904,-0.544855,-0.104504,0.000000,0.000000,-0.881243
164,01 17 18 23 24,0.00000000,3.10657952,0.584590,1.477176,-1.011874,-0.104504,0.000000,0.000000,0.414765
165,02 11 12 18 25,0.00000000,3.10324205,-0.552990,1.004034,-1.245384,1.149546,0.000000,0.000000,0.585452
166,12 18 22 23 25,0.00000000,3.10191907,-0.742587,1.487379,-1.362139,0.870868,0.000000,0.000000,-0.263446
167,01 18 23 24 25,0.00000000,3.10176217,-1.121780,2.060651,-1.829158,0.870868,0.000000,0.000000,0.181685
168,02 12 18 22 24,0.00000000,3.09417690,0.584590,1.329892,-0.661610,-0.243843,0.000000,0.000000,-0.005195
169,02 06 07 11 18,0.00000000,3.09363376,-1.121780,-0.058431,0.739447,1.010207,0.000000,0.000000,-2.127436
170,06 07 18 22 23,0.00000000,3.09231077,-1.311377,0.424913,0.622692,0.731529,0.000000,0.000000,0.463108
171,01 06 11 22 23,0.00000000,3.09055517,0.015800,0.364996,-1.245384,1.428224,0.000000,0.000000,0.538793
172,02 06 11 17 18,0.00000000,3.08977813,0.774186,0.190980,-0.077836,0.313513,0.000000,0.000000,-1.592305
173,06 17 18 22 23,0.00000000,3.08845515,0.584590,0.674324,-0.194591,0.034835,0.000000,0.000000,0.508661
174,02 06 11 18 25,0.00000000,3.08496078,-0.932184,0.774455,-0.895120,1.288885,0.000000,0.000000,-0.009408
175,06 18 22 23 25,0.00000000,3.08363779,-1.121780,1.257799,-1.011874,1.010207,0.000000,0.000000,0.924186
176,02 06 18 22 24,0.00000000,3.07589562,0.205396,1.100313,-0.311346,-0.104504,0.000000,0.000000,-0.033879
177,02 12 18 23 24,0.00000000,3.07288161,0.205396,1.751784,-1.362139,0.034835,0.000000,0.000000,0.727611
178,07 11 18 22 23,0.00000000,3.07160503,-1.311377,0.397434,0.038918,1.149546,0.000000,0.000000,0.694275
179,11 17 18 22 23,0.00000000,3.06774940,0.584590,0.646845,-0.778365,0.452851,0.000000,0.000000,-0.508936
180,11 18 22 23 25,0.00000000,3.06293205,-1.121780,1.230320,-1.595648,1.428224,0.000000,0.000000,0.075149
181,02 11 18 22 24,0.00000000,3.05518988,0.205396,1.072834,-0.895120,0.313513,0.000000,0.000000,0.622650
182,02 06 18 23 24,0.00000000,3.05460033,-0.173797,1.522205,-1.011874,0.174174,0.000000,0.000000,0.703596
183,01 07 17 18 22,0.00000000,3.05212774,-0.552990,-0.245396,1.206466,0.452851,0.000000,0.000000,0.404177
184,01 07 18 22 25,0.00000000,3.04731039,-2.259360,0.338079,0.389182,1.428224,0.000000,0.000000,0.759070
185,01 17 18 22 25,0.00000000,3.04345476,-0.363394,0.587490,-0.428101,0.731529,0.000000,0.000000,0.949301
186,01 02 06 12 22,0.00000000,3.03737997,0.394993,-0.003226,-0.428101,0.870868,0.000000,0.000000,-1.185084
187,02 11 18 23 24,0.00000000,3.03389459,-0.173797,1.494726,-1.595648,0.592190,0.000000,0.000000,1.026116
188,01 07 17 18 23,0.00000000,3.03083245,-0.932184,0.176496,0.505937,0.731529,0.000000,0.000000,0.219561
189,06 07 12 18 24,0.00000000,3.02738226,0.205396,0.890563,0.972956,-0.940538,0.000000,0.000000,-0.088845
190,01 07 18 23 25,0.00000000,3.02601510,-2.638554,0.759971,-0.311346,1.706902,0.000000,0.000000,0.698623
191,01 06 11 12 24,0.00000000,3.02562665,1.532573,0.830646,-0.895120,-0.243843,0.000000,0.000000,0.164777
192,06 12 17 18 24,0.00000000,3.02352663,2.101363,1.139974,0.155673,-1.637232,0.000000,0.000000,0.181079
193,01 17 18 23 25,0.00000000,3.02215947,-0.742587,1.009382,-1.128629,1.010207,0.000000,0.000000,0.498942
194,06 12 18 24 25,0.00000000,3.01870928,0.394993,1.723448,-0.661610,-0.661860,0.000000,0.000000,0.583386
195,02 07 12 18 22,0.00000000,3.01842983,-0.932184,0.029213,0.856201,0.592190,0.000000,0.000000,-0.707481
196,01 02 07 18 24,0.00000000,3.01827293,-1.311377,0.602485,0.389182,0.592190,0.000000,0.000000,-0.231069
197,01 02 11 12 22,0.00000000,3.01667423,0.394993,-0.030705,-1.011874,1.288885,0.000000,0.000000,-0.700993
198,01 02 06 12 23,0.00000000,3.01608468,0.015800,0.418666,-1.128629,1.149546,0.000000,0.000000,-0.669521
199,02 12 17 18 22,0.00000000,3.01457420,0.963783,0.278623,0.038918,-0.104504,0.000000,0.000000,0.182212
200,01 02 17 18 24,0.00000000,3.01441730,0.584590,0.851896,-0.428101,-0.104504,0.000000,0.000000,-0.015637
201,02 12 18 22 25,0.00000000,3.00975685,-0.742587,0.862098,-0.778365,0.870868,0.000000,0.000000,0.508363
202,01 02 18 24 25,0.00000000,3.00959995,-1.121780,1.435370,-1.245384,0.870868,0.000000,0.000000,0.355572
203,07 11 12 18 24,0.00000000,3.00667651,0.205396,0.863084,0.389182,-0.522521,0.000000,0.000000,0.250824
204,11 12 17 18 24,0.00000000,3.00282089,2.101363,1.112495,-0.428101,-1.219216,0.000000,0.000000,-0.587356
205,02 06 07 18 22,0.00000000,3.00014856,-1.311377,-0.200367,1.206466,0.731529,0.000000,0.000000,-0.645918
206,01 02 06 11 22,0.00000000,2.99839295,0.015800,-0.260284,-0.661610,1.428224,0.000000,0.000000,-0.849966
207,11 12 18 24 25,0.00000000,2.99800353,0.394993,1.695969,-1.245384,-0.243843,0.000000,0.000000,-0.163789
208,02 07 12 18 23,0.00000000,2.99713454,-1.311377,0.451104,0.155673,0.870868,0.000000,0.000000,-0.218270
209,02 06 17 18 22,0.00000000,2.99629293,0.584590,0.049044,0.389182,0.034835,0.000000,0.000000,0.117006
210,01 02 11 12 23,0.00000000,2.99537894,0.015800,0.391187,-1.712403,1.567563,0.000000,0.000000,-0.519440
211,02 12 17 18 23,0.00000000,2.99327891,0.584590,0.700515,-0.661610,0.174174,0.000000,0.000000,0.663642
212,02 06 18 22 25,0.00000000,2.99147558,-1.121780,0.632519,-0.428101,1.010207,0.000000,0.000000,0.484347
213,02 12 18 23 25,0.00000000,2.98846156,-1.121780,1.283990,-1.478893,1.149546,0.000000,0.000000,1.103484
214,06 07 11 18 24,0.00000000,2.98839524,-0.173797,0.633504,0.739447,-0.383182,0.000000,0.000000,0.280578
215,06 11 17 18 24,0.00000000,2.98453961,1.722170,0.882915,-0.077836,-1.079877,0.000000,0.000000,0.519832
216,06 11 18 24 25,0.00000000,2.97972226,0.015800,1.466390,-0.895120,-0.104504,0.000000,0.000000,1.027117
217,02 07 11 18 22,0.00000000,2.97944281,-1.311377,-0.227846,0.622692,1.149546,0.000000,0.000000,-0.342727
218,02 06 07 18 23,0.00000000,2.97885326,-1.690570,0.221525,0.505937,1.010207,0.000000,0.000000,-0.152038
219,01 02 06 11 23,0.00000000,2.97709766,-0.363394,0.161608,-1.362139,1.706902,0.000000,0.000000,-0.682727
220,02 11 17 18 22,0.00000000,2.97558719,0.584590,0.021565,-0.194591,0.452851,0.000000,0.000000,0.474492
221,02 06 17 18 23,0.00000000,2.97499764,0.205396,0.470936,-0.311346,0.313513,0.000000,0.000000,0.603104
222,02 11 18 22 25,0.00000000,2.97076983,-1.121780,0.605040,-1.011874,1.428224,0.000000,0.000000,0.806868
223,02 06 18 23 25,0.00000000,2.97018029,-1.500974,1.054411,-1.128629,1.288885,0.000000,0.000000,1.084138
224,02 07 11 18 23,0.00000000,2.95814752,-1.690570,0.194046,-0.077836,1.428224,0.000000,0.000000,-0.182857
225,02 11 17 18 23,0.00000000,2.95429190,0.205396,0.443457,-0.895120,0.731529,0.000000,0.000000,0.626581
226,01 06 07 11 12,0.00000000,2.94987958,0.015800,-0.470034,0.622692,0.592190,0.000000,0.000000,-4.860772
227,02 11 18 23 25,0.00000000,2.94947454,-1.500974,1.026932,-1.712403,1.706902,0.000000,0.000000,1.072648
228,06 07 12 17 18,0.00000000,2.94777956,0.584590,-0.160706,1.673485,-0.801199,0.000000,0.000000,-2.234502
229,01 06 11 12 17,0.00000000,2.94602396,1.911766,-0.220623,-0.194591,-0.104504,0.000000,0.000000,-2.140054
230,06 07 12 18 25,0.00000000,2.94296221,-1.121780,0.422769,0.856201,0.174174,0.000000,0.000000,0.486404
231,01 06 11 12 25,0.00000000,2.94120661,0.205396,0.362852,-1.011874,0.870868,0.000000,0.000000,0.253741
232,02 18 22 23 24,0.00000000,2.94040939,-0.363394,1.352790,-1.128629,0.313513,0.000000,0.000000,-0.025999
233,06 12 17 18 25,0.00000000,2.93910658,0.774186,0.672179,0.038918,-0.522521,0.000000,0.000000,0.748546
234,01 02 07 17 18,0.00000000,2.93867023,-0.932184,-0.448784,1.089711,0.731529,0.000000,0.000000,-2.379320
235,01 02 07 18 25,0.00000000,2.93385288,-2.638554,0.134691,0.272428,1.706902,0.000000,0.000000,-0.125405
236,01 06 12 22 24,0.00000000,2.93214145,1.342976,0.688710,-0.428101,-0.522521,0.000000,0.000000,0.286180
237,01 02 17 18 25,0.00000000,2.92999726,-0.742587,0.384101,-0.544855,1.010207,0.000000,0.000000,0.082246
238,07 11 12 17 18,0.00000000,2.92707382,0.584590,-0.188185,1.089711,-0.383182,0.000000,0.000000,-2.260580
239,07 11 12 18 25,0.00000000,2.92225647,-1.121780,0.395290,0.272428,0.592190,0.000000,0.000000,0.502541
240,11 12 17 18 25,0.00000000,2.91840084,0.774186,0.644700,-0.544855,-0.104504,0.000000,0.000000,-0.301511
241,07 12 18 22 24,0.00000000,2.91319131,0.015800,0.721148,0.856201,-0.801199,0.000000,0.000000,0.340280
242,01 11 12 22 24,0.00000000,2.91143571,1.342976,0.661231,-1.011874,-0.104504,0.000000,0.000000,0.618127
243,01 06 12 23 24,0.00000000,2.91084616,0.963783,1.110602,-1.128629,-0.243843,0.000000,0.000000,0.721805
244,12 17 18 22 24,0.00000000,2.90933568,1.911766,0.970559,0.038918,-1.497893,0.000000,0.000000,-0.697226
245,06 07 11 17 18,0.00000000,2.90879254,0.205396,-0.417765,1.439975,-0.243843,0.000000,0.000000,-2.181662
246,12 18 22 24 25,0.00000000,2.90451833,0.205396,1.554034,-0.778365,-0.522521,0.000000,0.000000,-0.620875
247,06 07 11 18 25,0.00000000,2.90397519,-1.500974,0.165710,0.622692,0.731529,0.000000,0.000000,0.427734
248,01 02 12 22 23,0.00000000,2.90189373,-0.173797,0.249251,-1.245384,1.288885,0.000000,0.000000,0.028097
249,06 11 17 18 25,0.00000000,2.90011957,0.394993,0.415121,-0.194591,0.034835,0.000000,0.000000,0.757959
250,06 07 18 22 24,0.00000000,2.89491004,-0.363394,0.491568,1.206466,-0.661860,0.000000,0.000000,0.596712
251,01 06 11 22 24,0.00000000,2.89315443,0.963783,0.431651,-0.661610,0.034835,0.000000,0.000000,0.578116
252,07 12 18 23 24,0.00000000,2.89189602,-0.363394,1.143040,0.155673,-0.522521,0.000000,0.000000,0.739076
253,06 17 18 22 24,0.00000000,2.89105441,1.532573,0.740979,0.389182,-1.358554,0.000000,0.000000,0.634484
254,01 11 12 23 24,0.00000000,2.89014042,0.963783,1.083123,-1.712403,0.174174,0.000000,0.000000,0.337612
255,12 17 18 23 24,0.00000000,2.88804039,1.532573,1.392451,-0.661610,-1.219216,0.000000,0.000000,-0.688342
256,06 18 22 24 25,0.00000000,2.88623706,-0.173797,1.324454,-0.428101,-0.383182,0.000000,0.000000,0.571426
257,01 02 06 22 23,0.00000000,2.88361246,-0.552990,0.019672,-0.895120,1.428224,0.000000,0.000000,-0.768078
258,12 18 23 24 25,0.00000000,2.88322304,-0.173797,1.975925,-1.478893,-0.243843,0.000000,0.000000,-0.665840
259,07 11 18 22 24,0.00000000,2.87420429,-0.363394,0.464089,0.622692,-0.243843,0.000000,0.000000,0.782454
260,06 07 18 23 24,0.00000000,2.87361474,-0.742587,0.913460,0.505937,-0.383182,0.000000,0.000000,0.618047
261,06 11 12 22 23,0.00000000,2.87201604,0.963783,0.280271,-0.895120,0.313513,0.000000,0.000000,0.266068
262,01 06 11 23 24,0.00000000,2.87185914,0.584590,0.853543,-1.362139,0.313513,0.000000,0.000000,0.665418
263,11 17 18 22 24,0.00000000,2.87034867,1.532573,0.713500,-0.194591,-0.940538,0.000000,0.000000,-0.004499
264,06 17 18 23 24,0.00000000,2.86975912,1.153380,1.162871,-0.311346,-1.079877,0.000000,0.000000,0.648037
265,11 18 22 24 25,0.00000000,2.86553131,-0.173797,1.296975,-1.011874,0.034835,0.000000,0.000000,0.048617
266,06 18 23 24 25,0.00000000,2.86494177,-0.552990,1.746346,-1.128629,-0.104504,0.000000,0.000000,0.531130
267,02 07 18 22 23,0.00000000,2.86466232,-1.880167,0.052110,0.389182,1.149546,0.000000,0.000000,0.937702
268,01 02 11 22 23,0.00000000,2.86290671,-0.552990,-0.007807,-1.478893,1.846241,0.000000,0.000000,-0.013977
269,02 17 18 22 23,0.00000000,2.86080669,0.015800,0.301521,-0.428101,0.452851,0.000000,0.000000,0.443546
270,01 06 07 12 22,0.00000000,2.85639438,-0.173797,-0.611970,1.089711,0.313513,0.000000,0.000000,-0.568015
271,02 18 22 23 25,0.00000000,2.85598934,-1.690570,0.884996,-1.245384,1.428224,0.000000,0.000000,0.724224
272,07 11 18 23 24,0.00000000,2.85290900,-0.742587,0.885981,-0.077836,0.034835,0.000000,0.000000,0.851910
273,01 06 12 17 22,0.00000000,2.85253876,1.722170,-0.362559,0.272428,-0.383182,0.000000,0.000000,-0.478037
274,11 17 18 23 24,0.00000000,2.84905338,1.153380,1.135392,-0.895120,-0.661860,0.000000,0.000000,-0.324956
275,01 06 12 22 25,0.00000000,2.84772140,0.015800,0.220916,-0.544855,0.592190,0.000000,0.000000,0.469258
276,11 18 23 24 25,0.00000000,2.84423602,-0.552990,1.718867,-1.712403,0.313513,0.000000,0.000000,-0.325689
277,01 07 11 12 22,0.00000000,2.83568864,-0.173797,-0.639449,0.505937,0.731529,0.000000,0.000000,-0.070559
278,01 06 07 12 23,0.00000000,2.83509909,-0.552990,-0.190078,0.389182,0.592190,0.000000,0.000000,-0.386462
279,07 12 17 18 22,0.00000000,2.83358862,0.394993,-0.330121,1.556730,-0.661860,0.000000,0.000000,0.002295
280,01 07 17 18 24,0.00000000,2.83343171,0.015800,0.243151,1.089711,-0.661860,0.000000,0.000000,0.636044
281,01 11 12 17 22,0.00000000,2.83183301,1.722170,-0.390038,-0.311346,0.034835,0.000000,0.000000,0.214273
282,01 06 12 17 23,0.00000000,2.83124347,1.342976,0.059333,-0.428101,-0.104504,0.000000,0.000000,-0.327087
283,07 12 18 22 25,0.00000000,2.82877126,-1.311377,0.253354,0.739447,0.313513,0.000000,0.000000,0.572214
284,01 07 18 24 25,0.00000000,2.82861436,-1.690570,0.826626,0.272428,0.313513,0.000000,0.000000,1.071040
285,01 11 12 22 25,0.00000000,2.82701566,0.015800,0.193437,-1.128629,1.010207,0.000000,0.000000,0.849326
286,01 06 12 23 25,0.00000000,2.82642611,-0.363394,0.642808,-1.245384,0.870868,0.000000,0.000000,0.767199
287,12 17 18 22 25,0.00000000,2.82491564,0.584590,0.502765,-0.077836,-0.383182,0.000000,0.000000,-0.038556
288,01 17 18 24 25,0.00000000,2.82475874,0.205396,1.076037,-0.544855,-0.383182,0.000000,0.000000,0.481447
289,01 02 06 12 24,0.00000000,2.81868394,0.963783,0.485321,-0.544855,-0.243843,0.000000,0.000000,-0.892317
290,01 06 07 11 22,0.00000000,2.81740736,-0.552990,-0.869028,0.856201,0.870868,0.000000,0.000000,-0.559126
291,06 07 17 18 22,0.00000000,2.81530734,0.015800,-0.559701,1.906994,-0.522521,0.000000,0.000000,-0.040217
292,01 07 11 12 23,0.00000000,2.81439335,-0.552990,-0.217557,-0.194591,1.010207,0.000000,0.000000,-0.223015
293,01 06 11 17 22,0.00000000,2.81355174,1.342976,-0.619618,0.038918,0.174174,0.000000,0.000000,-0.544489
294,07 12 17 18 23,0.00000000,2.81229332,0.015800,0.091771,0.856201,-0.383182,0.000000,0.000000,0.202102
295,01 11 12 17 23,0.00000000,2.81053772,1.342976,0.031854,-1.011874,0.313513,0.000000,0.000000,0.031213
296,06 07 18 22 25,0.00000000,2.81048999,-1.690570,0.023774,1.089711,0.452851,0.000000,0.000000,1.204969
297,01 06 11 22 25,0.00000000,2.80873439,-0.363394,-0.036143,-0.778365,1.149546,0.000000,0.000000,0.431853
298,07 12 18 23 25,0.00000000,2.80747597,-1.690570,0.675246,0.038918,0.592190,0.000000,0.000000,0.833326
299,06 17 18 22 25,0.00000000,2.80663436,0.205396,0.273185,0.272428,-0.243843,0.000000,0.000000,1.234959
300,01 11 12 23 25,0.00000000,2.80572037,-0.363394,0.615329,-1.829158,1.288885,0.000000,0.000000,0.431126
301,12 17 18 23 25,0.00000000,2.80362035,0.205396,0.924656,-0.778365,-0.104504,0.000000,0.000000,-0.167356
302,02 07 12 18 24,0.00000000,2.79973380,-0.363394,0.517759,0.739447,-0.522521,0.000000,0.000000,-0.448435
303,01 02 11 12 24,0.00000000,2.79797820,0.963783,0.457842,-1.128629,0.174174,0.000000,0.000000,-0.416007
304,01 12 22 23 24,0.00000000,2.79665521,0.774186,0.941187,-1.245384,-0.104504,0.000000,0.000000,0.409605
305,01 06 07 11 23,0.00000000,2.79611207,-0.932184,-0.447137,0.155673,1.149546,0.000000,0.000000,-0.725896
306,02 12 17 18 24,0.00000000,2.79587818,1.532573,0.767170,-0.077836,-1.219216,0.000000,0.000000,0.425696
307,07 11 17 18 22,0.00000000,2.79460160,0.015800,-0.587180,1.323220,-0.104504,0.000000,0.000000,0.127887
308,06 07 17 18 23,0.00000000,2.79401205,-0.363394,-0.137809,1.206466,-0.243843,0.000000,0.000000,0.153781
309,01 06 11 17 23,0.00000000,2.79225645,0.963783,-0.197726,-0.661610,0.452851,0.000000,0.000000,-0.722880
310,02 12 18 24 25,0.00000000,2.79106082,-0.173797,1.350645,-0.895120,-0.243843,0.000000,0.000000,0.810995
311,07 11 18 22 25,0.00000000,2.78978424,-1.690570,-0.003705,0.505937,0.870868,0.000000,0.000000,0.685048
312,06 07 18 23 25,0.00000000,2.78919470,-2.069764,0.445666,0.389182,0.731529,0.000000,0.000000,1.088619
313,01 06 11 23 25,0.00000000,2.78743909,-0.742587,0.385749,-1.478893,1.428224,0.000000,0.000000,0.381471
314,11 17 18 22 25,0.00000000,2.78592862,0.205396,0.245706,-0.311346,0.174174,0.000000,0.000000,0.314353
315,06 17 18 23 25,0.00000000,2.78533907,-0.173797,0.695077,-0.428101,0.034835,0.000000,0.000000,1.110827
316,02 06 07 18 24,0.00000000,2.78145253,-0.742587,0.288180,1.089711,-0.383182,0.000000,0.000000,-0.377533
317,02 06 11 12 22,0.00000000,2.77985383,0.963783,-0.345009,-0.311346,0.313513,0.000000,0.000000,-0.380552
318,01 02 06 11 24,0.00000000,2.77969692,0.584590,0.228263,-0.778365,0.313513,0.000000,0.000000,-0.593608
319,01 06 22 23 24,0.00000000,2.77837394,0.394993,0.711607,-0.895120,0.034835,0.000000,0.000000,0.202304
320,02 06 17 18 24,0.00000000,2.77759690,1.153380,0.537591,0.272428,-1.079877,0.000000,0.000000,0.369827
321,07 11 17 18 23,0.00000000,2.77330631,-0.363394,-0.165288,0.622692,0.174174,0.000000,0.000000,-0.001647
322,02 06 18 24 25,0.00000000,2.77277955,-0.552990,1.121066,-0.544855,-0.104504,0.000000,0.000000,0.796317
323,07 11 18 23 25,0.00000000,2.76848895,-2.069764,0.418187,-0.194591,1.149546,0.000000,0.000000,0.616820
324,11 17 18 23 25,0.00000000,2.76463333,-0.173797,0.667598,-1.011874,0.452851,0.000000,0.000000,-0.143788
325,02 07 11 18 24,0.00000000,2.76074678,-0.742587,0.260701,0.505937,0.034835,0.000000,0.000000,-0.082124
326,07 18 22 23 24,0.00000000,2.75942380,-0.932184,0.744045,0.389182,-0.243843,0.000000,0.000000,0.398304
327,02 06 11 12 23,0.00000000,2.75855854,0.584590,0.076882,-1.011874,0.592190,0.000000,0.000000,0.137706
328,01 11 22 23 24,0.00000000,2.75766819,0.394993,0.684128,-1.478893,0.452851,0.000000,0.000000,0.422130
329,02 11 17 18 24,0.00000000,2.75689116,1.153380,0.510112,-0.311346,-0.661860,0.000000,0.000000,0.719531
330,17 18 22 23 24,0.00000000,2.75556817,0.963783,0.993456,-0.428101,-0.940538,0.000000,0.000000,-3.878156
331,02 11 18 24 25,0.00000000,2.75207381,-0.552990,1.093587,-1.128629,0.313513,0.000000,0.000000,1.111056
332,18 22 23 24 25,0.00000000,2.75075082,-0.742587,1.576931,-1.245384,0.034835,0.000000,0.000000,-4.596272
333,01 07 17 18 25,0.00000000,2.74901167,-1.311377,-0.224643,0.972956,0.452851,0.000000,0.000000,0.399917
334,01 02 06 07 12,0.00000000,2.74293687,-0.552990,-0.815359,0.972956,0.592190,0.000000,0.000000,-5.367487
335,01 02 06 12 17,0.00000000,2.73908125,1.342976,-0.565948,0.155673,-0.104504,0.000000,0.000000,-2.798318
336,01 02 06 12 25,0.00000000,2.73426390,-0.363394,0.017527,-0.661610,0.870868,0.000000,0.000000,-0.466231
337,01 02 07 11 12,0.00000000,2.72223113,-0.552990,-0.842838,0.389182,1.010207,0.000000,0.000000,-5.022175
338,01 07 12 22 23,0.00000000,2.72090814,-0.742587,-0.359493,0.272428,0.731529,0.000000,0.000000,0.611841
339,02 07 12 17 18,0.00000000,2.72013111,0.015800,-0.533510,1.439975,-0.383182,0.000000,0.000000,-1.600164
340,01 02 11 12 17,0.00000000,2.71837551,1.342976,-0.593427,-0.428101,0.313513,0.000000,0.000000,-2.385581
341,01 12 17 22 23,0.00000000,2.71705252,1.153380,-0.110082,-0.544855,0.034835,0.000000,0.000000,0.920150
342,02 07 12 18 25,0.00000000,2.71531376,-1.690570,0.049965,0.622692,0.592190,0.000000,0.000000,0.088018
343,01 02 11 12 25,0.00000000,2.71355815,-0.363394,-0.009952,-1.245384,1.288885,0.000000,0.000000,-0.323931
344,01 12 22 23 25,0.00000000,2.71223517,-0.552990,0.473393,-1.362139,1.010207,0.000000,0.000000,0.824678
345,02 12 17 18 25,0.00000000,2.71145813,0.205396,0.299376,-0.194591,-0.104504,0.000000,0.000000,0.855614
346,01 02 12 22 24,0.00000000,2.70449300,0.774186,0.315907,-0.661610,-0.104504,0.000000,0.000000,0.121766
347,01 02 06 07 11,0.00000000,2.70394986,-0.932184,-1.072417,0.739447,1.149546,0.000000,0.000000,-5.920647
348,01 06 07 22 23,0.00000000,2.70262687,-1.121780,-0.589072,0.622692,0.870868,0.000000,0.000000,-0.451836
349,02 06 07 17 18,0.00000000,2.70184983,-0.363394,-0.763089,1.790239,-0.243843,0.000000,0.000000,-2.231293
350,01 02 06 11 17,0.00000000,2.70009423,0.963783,-0.823006,-0.077836,0.452851,0.000000,0.000000,-2.820032
351,01 06 17 22 23,0.00000000,2.69877124,0.774186,-0.339662,-0.194591,0.174174,0.000000,0.000000,0.850797
352,02 06 07 18 25,0.00000000,2.69703248,-2.069764,-0.179614,0.972956,0.731529,0.000000,0.000000,0.064836
353,01 02 06 11 25,0.00000000,2.69527688,-0.742587,-0.239531,-0.895120,1.428224,0.000000,0.000000,-0.515845
354,01 06 22 23 25,0.00000000,2.69395389,-0.932184,0.243813,-1.011874,1.149546,0.000000,0.000000,0.622046
355,02 06 17 18 25,0.00000000,2.69317686,-0.173797,0.069797,0.155673,0.034835,0.000000,0.000000,0.804414
356,01 02 06 22 24,0.00000000,2.68621172,0.394993,0.086327,-0.311346,0.034835,0.000000,0.000000,-0.669740
357,01 02 12 23 24,0.00000000,2.68319771,0.394993,0.737798,-1.362139,0.174174,0.000000,0.000000,0.178373
358,01 07 11 22 23,0.00000000,2.68192113,-1.121780,-0.616551,0.038918,1.288885,0.000000,0.000000,0.243539
359,02 07 11 17 18,0.00000000,2.68114409,-0.363394,-0.790568,1.206466,0.174174,0.000000,0.000000,-1.550437
360,07 17 18 22 23,0.00000000,2.67982110,-0.552990,-0.307224,1.089711,-0.104504,0.000000,0.000000,0.417666
361,01 11 17 22 23,0.00000000,2.67806550,0.774186,-0.367141,-0.778365,0.592190,0.000000,0.000000,0.574287
362,02 07 11 18 25,0.00000000,2.67632674,-2.069764,-0.207093,0.389182,1.149546,0.000000,0.000000,0.026235
363,07 18 22 23 25,0.00000000,2.67500375,-2.259360,0.276251,0.272428,0.870868,0.000000,0.000000,0.866903
364,06 11 12 22 24,0.00000000,2.67461531,1.911766,0.346926,-0.311346,-1.079877,0.000000,0.000000,0.401229
365,01 11 22 23 25,0.00000000,2.67324815,-0.932184,0.216334,-1.595648,1.567563,0.000000,0.000000,0.507863
366,02 11 17 18 25,0.00000000,2.67247111,-0.173797,0.042318,-0.428101,0.452851,0.000000,0.000000,0.820109
367,17 18 22 23 25,0.00000000,2.67114813,-0.363394,0.525662,-0.544855,0.174174,0.000000,0.000000,-2.930435
368,02 07 18 22 24,0.00000000,2.66726158,-0.932184,0.118765,0.972956,-0.243843,0.000000,0.000000,0.650380
369,01 02 11 22 24,0.00000000,2.66550598,0.394993,0.058848,-0.895120,0.452851,0.000000,0.000000,0.410589
370,02 06 12 22 23,0.00000000,2.66507333,0.394993,-0.065053,-0.544855,0.313513,0.000000,0.000000,0.312325
371,01 02 06 23 24,0.00000000,2.66491643,0.015800,0.508219,-1.011874,0.313513,0.000000,0.000000,-0.722361
372,02 17 18 22 24,0.00000000,2.66340596,0.963783,0.368176,0.155673,-0.940538,0.000000,0.000000,0.530573
373,02 18 22 24 25,0.00000000,2.65858860,-0.742587,0.951651,-0.661610,0.034835,0.000000,0.000000,0.374576
374,06 11 12 23 24,0.00000000,2.65332002,1.532573,0.768818,-1.011874,-0.801199,0.000000,0.000000,0.446942
375,02 07 18 23 24,0.00000000,2.64596629,-1.311377,0.540657,0.272428,0.034835,0.000000,0.000000,1.056958
376,02 11 12 22 23,0.00000000,2.64436759,0.394993,-0.092532,-1.128629,0.731529,0.000000,0.000000,0.262141
377,01 02 11 23 24,0.00000000,2.64421069,0.015800,0.480740,-1.595648,0.731529,0.000000,0.000000,0.118872
378,02 17 18 23 24,0.00000000,2.64211066,0.584590,0.790068,-0.544855,-0.661860,0.000000,0.000000,0.547238
379,01 06 07 12 24,0.00000000,2.63769835,0.394993,-0.123423,0.972956,-0.801199,0.000000,0.000000,-0.283030
380,02 18 23 24 25,0.00000000,2.63729331,-1.121780,1.373543,-1.362139,0.313513,0.000000,0.000000,0.337393
381,01 06 12 17 24,0.00000000,2.63384273,2.290960,0.125988,0.155673,-1.497893,0.000000,0.000000,-0.136523
382,01 06 12 24 25,0.00000000,2.62902538,0.584590,0.709463,-0.661610,-0.522521,0.000000,0.000000,0.818783
383,01 02 07 12 22,0.00000000,2.62874593,-0.742587,-0.984773,0.856201,0.731529,0.000000,0.000000,-0.695179
384,02 06 11 22 23,0.00000000,2.62608631,0.015800,-0.322112,-0.778365,0.870868,0.000000,0.000000,0.604261
385,01 02 12 17 22,0.00000000,2.62489030,1.153380,-0.735363,0.038918,0.034835,0.000000,0.000000,-0.000994
386,01 02 12 22 25,0.00000000,2.62007295,-0.552990,-0.151888,-0.778365,1.010207,0.000000,0.000000,0.690087
387,01 07 11 12 24,0.00000000,2.61699261,0.394993,-0.150902,0.389182,-0.383182,0.000000,0.000000,0.206645
388,07 12 17 18 24,0.00000000,2.61489259,0.963783,0.158426,1.439975,-1.776571,0.000000,0.000000,0.460505
389,01 11 12 17 24,0.00000000,2.61313699,2.290960,0.098509,-0.428101,-1.079877,0.000000,0.000000,0.449252
390,01 02 06 07 22,0.00000000,2.61046465,-1.121780,-1.214353,1.206466,0.870868,0.000000,0.000000,-1.566642
391,07 12 18 24 25,0.00000000,2.61007524,-0.742587,0.741901,0.622692,-0.801199,0.000000,0.000000,0.867064
392,01 11 12 24 25,0.00000000,2.60831963,0.584590,0.681984,-1.245384,-0.104504,0.000000,0.000000,0.426808
393,01 02 07 12 23,0.00000000,2.60745064,-1.121780,-0.562882,0.155673,1.010207,0.000000,0.000000,-0.510513
394,01 02 06 17 22,0.00000000,2.60660903,0.774186,-0.964942,0.389182,0.174174,0.000000,0.000000,-0.654552
395,12 17 18 24 25,0.00000000,2.60621961,1.153380,0.991311,-0.194591,-1.497893,0.000000,0.000000,-0.405794
396,01 02 12 17 23,0.00000000,2.60359501,0.774186,-0.313471,-0.661610,0.313513,0.000000,0.000000,0.153068
397,01 02 06 22 25,0.00000000,2.60179167,-0.932184,-0.381467,-0.428101,1.149546,0.000000,0.000000,-0.096750
398,06 07 11 12 22,0.00000000,2.59886824,0.394993,-0.953754,1.206466,-0.243843,0.000000,0.000000,-0.468264
399,01 02 12 23 25,0.00000000,2.59877766,-0.932184,0.270004,-1.478893,1.288885,0.000000,0.000000,0.609009
400,01 06 07 11 24,0.00000000,2.59871134,0.015800,-0.380482,0.739447,-0.243843,0.000000,0.000000,-0.310549
401,06 07 17 18 24,0.00000000,2.59661131,0.584590,-0.071154,1.790239,-1.637232,0.000000,0.000000,0.288640
402,06 11 12 17 22,0.00000000,2.59501261,2.290960,-0.704343,0.389182,-0.940538,0.000000,0.000000,-0.148894
403,01 06 11 17 24,0.00000000,2.59485571,1.911766,-0.131071,-0.077836,-0.940538,0.000000,0.000000,-0.201419
404,06 07 18 24 25,0.00000000,2.59179396,-1.121780,0.512321,0.972956,-0.661860,0.000000,0.000000,0.744896
405,06 11 12 22 25,0.00000000,2.59019526,0.584590,-0.120868,-0.428101,0.034835,0.000000,0.000000,1.011042
406,01 06 11 24 25,0.00000000,2.59003836,0.205396,0.452404,-0.895120,0.034835,0.000000,0.000000,0.744969
407,01 02 07 11 22,0.00000000,2.58975891,-1.121780,-1.241832,0.622692,1.288885,0.000000,0.000000,-0.689402
408,01 02 06 07 23,0.00000000,2.58916936,-1.500974,-0.792461,0.505937,1.149546,0.000000,0.000000,-1.472221
409,06 17 18 24 25,0.00000000,2.58793834,0.774186,0.761732,0.155673,-1.358554,0.000000,0.000000,0.759323
410,02 07 17 18 22,0.00000000,2.58765889,-0.552990,-0.932504,1.673485,-0.104504,0.000000,0.000000,0.457611
411,01 02 11 17 22,0.00000000,2.58590328,0.774186,-0.992421,-0.194591,0.592190,0.000000,0.000000,-0.112363
412,01 02 06 17 23,0.00000000,2.58531374,0.394993,-0.543050,-0.311346,0.452851,0.000000,0.000000,-0.495820
413,02 07 18 22 25,0.00000000,2.58284153,-2.259360,-0.349029,0.856201,0.870868,0.000000,0.000000,0.837710
414,01 02 11 22 25,0.00000000,2.58108593,-0.932184,-0.408946,-1.011874,1.567563,0.000000,0.000000,0.649569
415,01 02 06 23 25,0.00000000,2.58049638,-1.311377,0.040425,-1.128629,1.428224,0.000000,0.000000,-0.287055
416,02 17 18 22 25,0.00000000,2.57898591,-0.363394,-0.099618,0.038918,0.174174,0.000000,0.000000,1.092252
417,06 07 11 12 23,0.00000000,2.57757295,0.015800,-0.531862,0.505937,0.034835,0.000000,0.000000,-0.242106
418,07 11 17 18 24,0.00000000,2.57590557,0.584590,-0.098633,1.206466,-1.219216,0.000000,0.000000,0.469918
419,06 11 12 17 23,0.00000000,2.57371732,1.911766,-0.282451,-0.311346,-0.661860,0.000000,0.000000,0.164396
420,07 11 18 24 25,0.00000000,2.57108822,-1.121780,0.484842,0.389182,-0.243843,0.000000,0.000000,0.981455
421,06 11 12 23 25,0.00000000,2.56889997,0.205396,0.301024,-1.128629,0.313513,0.000000,0.000000,0.919070
422,01 02 07 11 23,0.00000000,2.56846362,-1.500974,-0.819940,-0.077836,1.567563,0.000000,0.000000,-0.853060
423,11 17 18 24 25,0.00000000,2.56723259,0.774186,0.734253,-0.428101,-0.940538,0.000000,0.000000,-0.169065
424,02 07 17 18 23,0.00000000,2.56636360,-0.932184,-0.510612,0.972956,0.174174,0.000000,0.000000,0.612812
425,01 02 11 17 23,0.00000000,2.56460799,0.394993,-0.570529,-0.895120,0.870868,0.000000,0.000000,-0.287642
426,02 07 18 23 25,0.00000000,2.56154624,-2.638554,0.072863,0.155673,1.149546,0.000000,0.000000,1.106603
427,02 06 11 12 24,0.00000000,2.56115780,1.532573,0.143538,-0.428101,-0.801199,0.000000,0.000000,-0.082394
428,06 12 22 23 24,0.00000000,2.55983481,1.342976,0.626882,-0.544855,-1.079877,0.000000,0.000000,0.123195
429,01 02 11 23 25,0.00000000,2.55979064,-1.311377,0.012946,-1.712403,1.846241,0.000000,0.000000,0.220169
430,01 06 07 12 17,0.00000000,2.55809566,0.774186,-1.174692,1.673485,-0.661860,0.000000,0.000000,-2.609650
431,02 17 18 23 25,0.00000000,2.55769062,-0.742587,0.322274,-0.661610,0.452851,0.000000,0.000000,0.971233
432,01 06 07 12 25,0.00000000,2.55327831,-0.932184,-0.591217,0.856201,0.313513,0.000000,0.000000,-0.190953
433,01 02 22 23 24,0.00000000,2.55072548,-0.173797,0.338804,-1.128629,0.452851,0.000000,0.000000,-1.552458
434,01 06 12 17 25,0.00000000,2.54942268,0.963783,-0.341806,0.038918,-0.383182,0.000000,0.000000,0.042686
435,11 12 22 23 24,0.00000000,2.53912907,1.342976,0.599403,-1.128629,-0.661860,0.000000,0.000000,-1.448409
436,01 07 11 12 17,0.00000000,2.53738992,0.774186,-1.202171,1.089711,-0.243843,0.000000,0.000000,-2.305122
437,01 07 11 12 25,0.00000000,2.53257256,-0.932184,-0.618696,0.272428,0.731529,0.000000,0.000000,-0.035288
438,07 12 17 18 25,0.00000000,2.53047254,-0.363394,-0.309368,1.323220,-0.661860,0.000000,0.000000,0.707553
439,01 11 12 17 25,0.00000000,2.52871694,0.963783,-0.369285,-0.544855,0.034835,0.000000,0.000000,0.214681
440,01 07 12 22 24,0.00000000,2.52350741,0.205396,-0.292838,0.856201,-0.661860,0.000000,0.000000,0.649607
441,06 11 22 23 24,0.00000000,2.52084779,0.963783,0.369824,-0.778365,-0.522521,0.000000,0.000000,0.492552
442,01 12 17 22 24,0.00000000,2.51965178,2.101363,-0.043427,0.038918,-1.358554,0.000000,0.000000,0.950134
443,01 06 07 11 17,0.00000000,2.51910864,0.394993,-1.431751,1.439975,-0.104504,0.000000,0.000000,-2.839856
444,01 12 22 24 25,0.00000000,2.51483443,0.394993,0.540048,-0.778365,-0.383182,0.000000,0.000000,0.810597
445,01 06 07 11 25,0.00000000,2.51429129,-1.311377,-0.848276,0.622692,0.870868,0.000000,0.000000,-0.566796
446,06 07 17 18 25,0.00000000,2.51219127,-0.742587,-0.538948,1.673485,-0.522521,0.000000,0.000000,0.431127
447,01 06 11 17 25,0.00000000,2.51043566,0.584590,-0.598865,-0.194591,0.174174,0.000000,0.000000,-0.351550
448,01 06 07 22 24,0.00000000,2.50522613,-0.173797,-0.522417,1.206466,-0.522521,0.000000,0.000000,-0.027270
449,01 07 12 23 24,0.00000000,2.50221212,-0.173797,0.129054,0.155673,-0.383182,0.000000,0.000000,0.754335
450,01 06 17 22 24,0.00000000,2.50137051,1.722170,-0.273007,0.389182,-1.219216,0.000000,0.000000,0.885451
451,01 12 17 23 24,0.00000000,2.49835649,1.722170,0.378465,-0.661610,-1.079877,0.000000,0.000000,1.024259
452,01 06 22 24 25,0.00000000,2.49655315,0.015800,0.310468,-0.428101,-0.243843,0.000000,0.000000,0.612634
453,01 12 23 24 25,0.00000000,2.49353914,0.015800,0.961940,-1.478893,-0.104504,0.000000,0.000000,0.448742
454,07 11 17 18 25,0.00000000,2.49148552,-0.742587,-0.566427,1.089711,-0.104504,0.000000,0.000000,0.387625
455,02 06 07 11 12,0.00000000,2.48541073,0.015800,-1.157142,1.089711,0.034835,0.000000,0.000000,-5.027041
456,01 07 11 22 24,0.00000000,2.48452039,-0.173797,-0.549896,0.622692,-0.104504,0.000000,0.000000,0.612202
457,06 07 12 22 23,0.00000000,2.48408774,-0.173797,-0.673798,0.972956,-0.243843,0.000000,0.000000,0.219833
458,01 06 07 23 24,0.00000000,2.48393084,-0.552990,-0.100526,0.505937,-0.243843,0.000000,0.000000,-0.394917
459,07 17 18 22 24,0.00000000,2.48242037,0.394993,-0.240569,1.673485,-1.497893,0.000000,0.000000,0.883307
460,02 06 11 12 17,0.00000000,2.48155511,1.911766,-0.907732,0.272428,-0.661860,0.000000,0.000000,-2.125000
461,01 11 17 22 24,0.00000000,2.48066476,1.722170,-0.300486,-0.194591,-0.801199,0.000000,0.000000,0.935169
462,06 12 17 22 23,0.00000000,2.48023212,1.722170,-0.424387,0.155673,-0.940538,0.000000,0.000000,0.657593
463,01 06 17 23 24,0.00000000,2.48007522,1.342976,0.148885,-0.311346,-0.940538,0.000000,0.000000,0.964245
464,07 18 22 24 25,0.00000000,2.47760301,-1.311377,0.342906,0.856201,-0.522521,0.000000,0.000000,0.843484
465,02 06 11 12 25,0.00000000,2.47673775,0.205396,-0.324257,-0.544855,0.313513,0.000000,0.000000,0.346388
466,01 11 22 24 25,0.00000000,2.47584741,0.015800,0.282989,-1.011874,0.174174,0.000000,0.000000,0.824678
467,06 12 22 23 25,0.00000000,2.47541477,0.015800,0.159088,-0.661610,0.034835,0.000000,0.000000,0.916883
468,01 06 23 24 25,0.00000000,2.47525786,-0.363394,0.732360,-1.128629,0.034835,0.000000,0.000000,0.164373
469,01 02 07 22 23,0.00000000,2.47497842,-1.690570,-0.961876,0.389182,1.288885,0.000000,0.000000,-0.544760
470,17 18 22 24 25,0.00000000,2.47374739,0.584590,0.592317,0.038918,-1.219216,0.000000,0.000000,-2.961636
471,01 02 17 22 23,0.00000000,2.47112279,0.205396,-0.712465,-0.428101,0.592190,0.000000,0.000000,0.218163
472,02 06 12 22 24,0.00000000,2.46767260,1.342976,0.001602,0.038918,-1.079877,0.000000,0.000000,-0.299669
473,01 02 22 23 25,0.00000000,2.46630544,-1.500974,-0.128990,-1.245384,1.567563,0.000000,0.000000,-0.747472
474,07 11 12 22 23,0.00000000,2.46338200,-0.173797,-0.701277,0.389182,0.174174,0.000000,0.000000,0.207233
475,01 07 11 23 24,0.00000000,2.46322510,-0.552990,-0.128005,-0.077836,0.174174,0.000000,0.000000,0.368607
476,07 17 18 23 24,0.00000000,2.46112508,0.015800,0.181323,0.972956,-1.219216,0.000000,0.000000,0.565963
477,11 12 17 22 23,0.00000000,2.45952638,1.722170,-0.451866,-0.428101,-0.522521,0.000000,0.000000,-0.622754
478,01 11 17 23 24,0.00000000,2.45936947,1.342976,0.121406,-0.895120,-0.522521,0.000000,0.000000,0.679953
479,07 18 23 24 25,0.00000000,2.45630772,-1.690570,0.764798,0.155673,-0.243843,0.000000,0.000000,0.472291
480,11 12 22 23 25,0.00000000,2.45470902,0.015800,0.131609,-1.245384,0.452851,0.000000,0.000000,-0.554214
481,01 11 23 24 25,0.00000000,2.45455212,-0.363394,0.704881,-1.712403,0.452851,0.000000,0.000000,0.137322
482,17 18 23 24 25,0.00000000,2.45245210,0.205396,1.014209,-0.661610,-0.940538,0.000000,0.000000,-3.586023
483,02 11 12 22 24,0.00000000,2.44696685,1.342976,-0.025877,-0.544855,-0.661860,0.000000,0.000000,0.358506
484,02 06 12 23 24,0.00000000,2.44637731,0.963783,0.423494,-0.661610,-0.801199,0.000000,0.000000,0.465297
485,06 07 11 22 23,0.00000000,2.44510073,-0.552990,-0.930856,0.739447,0.313513,0.000000,0.000000,0.185541
486,01 07 12 17 22,0.00000000,2.44390471,0.584590,-1.344107,1.556730,-0.522521,0.000000,0.000000,-0.439282
487,06 11 17 22 23,0.00000000,2.44124510,1.342976,-0.681446,-0.077836,-0.383182,0.000000,0.000000,0.668562
488,01 07 12 22 25,0.00000000,2.43908736,-1.121780,-0.760632,0.739447,0.452851,0.000000,0.000000,0.501788
489,06 11 22 23 25,0.00000000,2.43642775,-0.363394,-0.097971,-0.895120,0.592190,0.000000,0.000000,0.956899
490,01 12 17 22 25,0.00000000,2.43523174,0.774186,-0.511221,-0.077836,-0.243843,0.000000,0.000000,0.794534
491,02 06 11 22 24,0.00000000,2.42868558,0.963783,-0.255457,-0.194591,-0.522521,0.000000,0.000000,0.323163
492,02 11 12 23 24,0.00000000,2.42567156,0.963783,0.396015,-1.245384,-0.383182,0.000000,0.000000,0.407331
493,01 06 07 17 22,0.00000000,2.42562344,0.205396,-1.573686,1.906994,-0.383182,0.000000,0.000000,-0.409878
494,01 07 12 17 23,0.00000000,2.42260942,0.205396,-0.922215,0.856201,-0.243843,0.000000,0.000000,-0.619229
495,01 06 07 22 25,0.00000000,2.42080609,-1.500974,-0.990212,1.089711,0.592190,0.000000,0.000000,0.211711
496,01 07 12 23 25,0.00000000,2.41779207,-1.500974,-0.338740,0.038918,0.731529,0.000000,0.000000,0.468832
497,01 06 17 22 25,0.00000000,2.41695046,0.394993,-0.740801,0.272428,-0.104504,0.000000,0.000000,0.734519
498,01 12 17 23 25,0.00000000,2.41393644,0.394993,-0.089330,-0.778365,0.034835,0.000000,0.000000,0.730974
499,01 02 07 12 24,0.00000000,2.41004990,-0.173797,-0.496226,0.739447,-0.383182,0.000000,0.000000,-0.403968
500,02 06 11 23 24,0.00000000,2.40739029,0.584590,0.166435,-0.895120,-0.243843,0.000000,0.000000,0.739806
501,01 02 12 17 24,0.00000000,2.40619427,1.722170,-0.246816,-0.077836,-1.079877,0.000000,0.000000,0.247992
502,01 07 11 17 22,0.00000000,2.40491770,0.205396,-1.601165,1.323220,0.034835,0.000000,0.000000,-0.835074
503,01 06 07 17 23,0.00000000,2.40432815,-0.173797,-1.151795,1.206466,-0.104504,0.000000,0.000000,-0.585156
504,01 02 12 24 25,0.00000000,2.40137692,0.015800,0.336659,-0.895120,-0.104504,0.000000,0.000000,0.281576
505,01 07 11 22 25,0.00000000,2.40010034,-1.500974,-1.017691,0.505937,1.010207,0.000000,0.000000,0.135043
506,01 06 07 23 25,0.00000000,2.39951079,-1.880167,-0.568320,0.389182,0.870868,0.000000,0.000000,-0.293621
507,07 17 18 22 25,0.00000000,2.39800032,-0.932184,-0.708363,1.556730,-0.383182,0.000000,0.000000,1.163363
508,01 11 17 22 25,0.00000000,2.39624472,0.394993,-0.768280,-0.311346,0.313513,0.000000,0.000000,0.450227
509,01 06 17 23 25,0.00000000,2.39565517,0.015800,-0.318909,-0.428101,0.174174,0.000000,0.000000,0.675628
510,02 06 07 12 22,0.00000000,2.39192553,-0.173797,-1.299078,1.556730,-0.243843,0.000000,0.000000,-0.831472
511,01 02 06 07 24,0.00000000,2.39176863,-0.552990,-0.725806,1.089711,-0.243843,0.000000,0.000000,-1.455921
512,02 06 12 17 22,0.00000000,2.38806990,1.722170,-1.049667,0.739447,-0.940538,0.000000,0.000000,-0.749275
513,01 02 06 17 24,0.00000000,2.38791300,1.342976,-0.476395,0.272428,-0.940538,0.000000,0.000000,-0.396227
514,01 07 11 17 23,0.00000000,2.38362240,-0.173797,-1.179274,0.622692,0.313513,0.000000,0.000000,-1.344362
515,02 06 12 22 25,0.00000000,2.38325255,0.015800,-0.466192,-0.077836,0.034835,0.000000,0.000000,0.223226
516,01 02 06 24 25,0.00000000,2.38309565,-0.363394,0.107080,-0.544855,0.034835,0.000000,0.000000,-0.723716
517,06 07 11 12 24,0.00000000,2.38017221,0.963783,-0.465207,1.089711,-1.358554,0.000000,0.000000,-0.094069
518,01 07 11 23 25,0.00000000,2.37880505,-1.880167,-0.595799,-0.194591,1.288885,0.000000,0.000000,-0.246237
519,07 17 18 23 25,0.00000000,2.37670503,-1.311377,-0.286471,0.856201,-0.104504,0.000000,0.000000,0.708334
520,06 11 12 17 24,0.00000000,2.37631659,2.859750,-0.215796,0.272428,-2.055249,0.000000,0.000000,0.399565
521,01 11 17 23 25,0.00000000,2.37494943,0.015800,-0.346388,-1.011874,0.592190,0.000000,0.000000,0.057327
522,06 11 12 24 25,0.00000000,2.37149923,1.153380,0.367679,-0.544855,-1.079877,0.000000,0.000000,0.580743
523,02 07 11 12 22,0.00000000,2.37121978,-0.173797,-1.326557,0.972956,0.174174,0.000000,0.000000,-0.007787
524,01 02 07 11 24,0.00000000,2.37106288,-0.552990,-0.753285,0.505937,0.174174,0.000000,0.000000,-0.434601
525,02 06 07 12 23,0.00000000,2.37063024,-0.552990,-0.877186,0.856201,0.034835,0.000000,0.000000,-0.310101
526,01 07 22 23 24,0.00000000,2.36973990,-0.742587,-0.269940,0.389182,-0.104504,0.000000,0.000000,0.299144
527,02 07 17 18 24,0.00000000,2.36896286,0.015800,-0.443957,1.556730,-1.219216,0.000000,0.000000,0.708876
528,02 11 12 17 22,0.00000000,2.36736416,1.722170,-1.077146,0.155673,-0.522521,0.000000,0.000000,0.227458
529,01 02 11 17 24,0.00000000,2.36720726,1.342976,-0.503874,-0.311346,-0.522521,0.000000,0.000000,0.138179
530,02 06 12 17 23,0.00000000,2.36677461,1.342976,-0.627776,0.038918,-0.661860,0.000000,0.000000,-0.258507
531,01 17 22 23 24,0.00000000,2.36588427,1.153380,-0.020530,-0.428101,-0.801199,0.000000,0.000000,0.264824
532,02 07 18 24 25,0.00000000,2.36414551,-1.690570,0.139518,0.739447,-0.243843,0.000000,0.000000,1.148123
533,02 11 12 22 25,0.00000000,2.36254681,0.015800,-0.493671,-0.661610,0.452851,0.000000,0.000000,0.929522
534,01 02 11 24 25,0.00000000,2.36238990,-0.363394,0.079601,-1.128629,0.452851,0.000000,0.000000,0.204649
535,02 06 12 23 25,0.00000000,2.36195726,-0.363394,-0.044301,-0.778365,0.313513,0.000000,0.000000,0.850508
536,01 22 23 24 25,0.00000000,2.36106692,-0.552990,0.562945,-1.245384,0.174174,0.000000,0.000000,-2.004596
537,02 17 18 24 25,0.00000000,2.36028988,0.205396,0.388929,-0.077836,-0.940538,0.000000,0.000000,0.622840
538,02 06 07 11 22,0.00000000,2.35293851,-0.552990,-1.556137,1.323220,0.313513,0.000000,0.000000,-0.491685
539,02 07 11 12 23,0.00000000,2.34992449,-0.552990,-0.904665,0.272428,0.452851,0.000000,0.000000,0.179574
540,02 06 11 17 22,0.00000000,2.34908288,1.342976,-1.306726,0.505937,-0.383182,0.000000,0.000000,-0.484830
541,02 11 12 17 23,0.00000000,2.34606887,1.342976,-0.655255,-0.544855,-0.243843,0.000000,0.000000,0.384216
542,02 06 11 22 25,0.00000000,2.34426553,-0.363394,-0.723251,-0.311346,0.592190,0.000000,0.000000,0.516718
543,02 11 12 23 25,0.00000000,2.34125151,-0.363394,-0.071780,-1.362139,0.731529,0.000000,0.000000,0.840663
544,02 12 22 23 24,0.00000000,2.33218636,0.774186,0.254079,-0.778365,-0.661860,0.000000,0.000000,0.117824
545,02 06 07 11 23,0.00000000,2.33164322,-0.932184,-1.134245,0.622692,0.592190,0.000000,0.000000,-0.318638
546,01 02 07 12 17,0.00000000,2.33044721,0.205396,-1.547496,1.439975,-0.243843,0.000000,0.000000,-2.752377
547,02 06 11 17 23,0.00000000,2.32778759,0.963783,-0.884834,-0.194591,-0.104504,0.000000,0.000000,-0.323403
548,01 02 07 12 25,0.00000000,2.32562985,-1.500974,-0.964021,0.622692,0.731529,0.000000,0.000000,-0.308779
549,02 06 11 23 25,0.00000000,2.32297024,-0.742587,-0.301359,-1.011874,0.870868,0.000000,0.000000,0.795676
550,01 02 12 17 25,0.00000000,2.32177423,0.394993,-0.714610,-0.194591,0.034835,0.000000,0.000000,0.350544
551,02 06 22 23 24,0.00000000,2.31390508,0.394993,0.024499,-0.428101,-0.522521,0.000000,0.000000,-0.061987
552,01 02 06 07 17,0.00000000,2.31216593,-0.173797,-1.777075,1.790239,-0.104504,0.000000,0.000000,-3.172616
553,01 02 06 07 25,0.00000000,2.30734858,-1.880167,-1.193600,0.972956,0.870868,0.000000,0.000000,-1.450976
554,01 02 06 17 25,0.00000000,2.30349295,0.015800,-0.944189,0.155673,0.174174,0.000000,0.000000,-0.289007
555,06 07 11 12 17,0.00000000,2.30056952,1.342976,-1.516476,1.790239,-1.219216,0.000000,0.000000,-2.732921
556,06 07 11 12 25,0.00000000,2.29575216,-0.363394,-0.933001,0.972956,-0.243843,0.000000,0.000000,0.042613
557,02 11 22 23 24,0.00000000,2.29319934,0.394993,-0.002980,-1.011874,-0.104504,0.000000,0.000000,0.484068
558,06 11 12 17 25,0.00000000,2.29189654,1.532573,-0.683590,0.155673,-0.940538,0.000000,0.000000,0.623378
559,01 02 07 11 17,0.00000000,2.29146019,-0.173797,-1.804554,1.206466,0.313513,0.000000,0.000000,-2.985696
560,01 07 17 22 23,0.00000000,2.29013720,-0.363394,-1.321210,1.089711,0.034835,0.000000,0.000000,0.528052
561,06 07 12 22 24,0.00000000,2.28668701,0.774186,-0.607143,1.556730,-1.637232,0.000000,0.000000,0.358106
562,01 02 07 11 25,0.00000000,2.28664283,-1.880167,-1.221079,0.389182,1.288885,0.000000,0.000000,-0.687735
563,01 07 22 23 25,0.00000000,2.28531985,-2.069764,-0.737735,0.272428,1.010207,0.000000,0.000000,0.387990
564,02 07 17 18 25,0.00000000,2.28454281,-1.311377,-0.911751,1.439975,-0.104504,0.000000,0.000000,0.812566
565,06 12 17 22 24,0.00000000,2.28283138,2.670153,-0.357732,0.739447,-2.333927,0.000000,0.000000,0.405954
566,01 02 11 17 25,0.00000000,2.28278721,0.015800,-0.971668,-0.428101,0.592190,0.000000,0.000000,-0.088610
567,01 17 22 23 25,0.00000000,2.28146422,-0.173797,-0.488324,-0.544855,0.313513,0.000000,0.000000,0.345888
568,06 12 22 24 25,0.00000000,2.27801403,0.963783,0.225743,-0.077836,-1.358554,0.000000,0.000000,0.568792
569,01 02 07 22 24,0.00000000,2.27757768,-0.742587,-0.895221,0.972956,-0.104504,0.000000,0.000000,-0.117082
570,01 02 17 22 24,0.00000000,2.27372205,1.153380,-0.645810,0.155673,-0.801199,0.000000,0.000000,0.638060
571,01 02 22 24 25,0.00000000,2.26890470,-0.552990,-0.062335,-0.661610,0.174174,0.000000,0.000000,-0.753772
572,07 11 12 22 24,0.00000000,2.26598126,0.774186,-0.634622,0.972956,-1.219216,0.000000,0.000000,0.682212
573,06 07 12 23 24,0.00000000,2.26539172,0.394993,-0.185251,0.856201,-1.358554,0.000000,0.000000,0.406932
574,11 12 17 22 24,0.00000000,2.26212564,2.670153,-0.385211,0.155673,-1.915910,0.000000,0.000000,-0.113648
575,06 12 17 23 24,0.00000000,2.26153609,2.290960,0.064160,0.038918,-2.055249,0.000000,0.000000,0.806307
576,11 12 22 24 25,0.00000000,2.25730829,0.963783,0.198264,-0.661610,-0.940538,0.000000,0.000000,-0.576077
577,06 12 23 24 25,0.00000000,2.25671874,0.584590,0.647635,-0.778365,-1.079877,0.000000,0.000000,0.555987
578,02 07 12 22 23,0.00000000,2.25643929,-0.742587,-1.046601,0.739447,0.174174,0.000000,0.000000,0.675752
579,01 02 07 23 24,0.00000000,2.25628239,-1.121780,-0.473329,0.272428,0.174174,0.000000,0.000000,-0.481616
580,02 12 17 22 23,0.00000000,2.25258367,1.153380,-0.797190,-0.077836,-0.522521,0.000000,0.000000,0.953457
581,01 02 17 23 24,0.00000000,2.25242676,0.774186,-0.223918,-0.544855,-0.522521,0.000000,0.000000,0.337835
582,02 12 22 23 25,0.00000000,2.24776631,-0.552990,-0.213715,-0.895120,0.452851,0.000000,0.000000,0.872715
583,06 07 11 22 24,0.00000000,2.24769999,0.394993,-0.864201,1.323220,-1.079877,0.000000,0.000000,0.654711
584,01 02 23 24 25,0.00000000,2.24760941,-0.932184,0.359557,-1.362139,0.452851,0.000000,0.000000,-1.656982
585,07 11 12 23 24,0.00000000,2.24468597,0.394993,-0.212730,0.272428,-0.940538,0.000000,0.000000,0.397028
586,06 11 17 22 24,0.00000000,2.24384436,2.290960,-0.614790,0.505937,-1.776571,0.000000,0.000000,0.747820
587,11 12 17 23 24,0.00000000,2.24083035,2.290960,0.036681,-0.544855,-1.637232,0.000000,0.000000,-0.311700
588,06 11 22 24 25,0.00000000,2.23902701,0.584590,-0.031315,-0.311346,-0.801199,0.000000,0.000000,0.939705
589,02 06 07 22 23,0.00000000,2.23815802,-1.121780,-1.276181,1.089711,0.313513,0.000000,0.000000,-0.383256
590,11 12 23 24 25,0.00000000,2.23601299,0.584590,0.620156,-1.362139,-0.661860,0.000000,0.000000,-1.305022
591,02 06 17 22 23,0.00000000,2.23430239,0.774186,-1.026770,0.272428,-0.383182,0.000000,0.000000,0.911595
592,02 06 22 23 25,0.00000000,2.22948504,-0.932184,-0.443295,-0.544855,0.592190,0.000000,0.000000,0.697574
593,06 07 11 23 24,0.00000000,2.22640470,0.015800,-0.442309,0.622692,-0.801199,0.000000,0.000000,0.355213
594,01 07 12 17 24,0.00000000,2.22520869,1.153380,-0.855560,1.439975,-1.637232,0.000000,0.000000,-0.099324
595,06 11 17 23 24,0.00000000,2.22254907,1.911766,-0.192899,-0.194591,-1.497893,0.000000,0.000000,0.818832
596,01 07 12 24 25,0.00000000,2.22039133,-0.552990,-0.272085,0.622692,-0.661860,0.000000,0.000000,0.849757
597,06 11 23 24 25,0.00000000,2.21773172,0.205396,0.390576,-1.011874,-0.522521,0.000000,0.000000,0.578576
598,02 07 11 22 23,0.00000000,2.21745227,-1.121780,-1.303660,0.505937,0.731529,0.000000,0.000000,0.638347
599,01 12 17 24 25,0.00000000,2.21653571,1.342976,-0.022674,-0.194591,-1.358554,0.000000,0.000000,1.100278
600,02 11 17 22 23,0.00000000,2.21359665,0.774186,-1.054249,-0.311346,0.034835,0.000000,0.000000,0.919509
601,02 11 22 23 25,0.00000000,2.20877929,-0.932184,-0.470774,-1.128629,1.010207,0.000000,0.000000,0.909618
602,06 07 12 17 22,0.00000000,2.20708431,1.153380,-1.658412,2.257258,-1.497893,0.000000,0.000000,-0.213805
603,01 06 07 17 24,0.00000000,2.20692741,0.774186,-1.085140,1.790239,-1.497893,0.000000,0.000000,-0.159335
604,06 07 12 22 25,0.00000000,2.20226696,-0.552990,-1.074937,1.439975,-0.522521,0.000000,0.000000,0.971032
605,01 06 07 24 25,0.00000000,2.20211006,-0.932184,-0.501665,0.972956,-0.522521,0.000000,0.000000,-0.385071
606,06 12 17 22 25,0.00000000,2.19841134,1.342976,-0.825526,0.622692,-1.219216,0.000000,0.000000,0.628968
607,01 06 17 24 25,0.00000000,2.19825443,0.963783,-0.252254,0.155673,-1.219216,0.000000,0.000000,1.049602
608,01 02 07 17 22,0.00000000,2.19797498,-0.363394,-1.946490,1.673485,0.034835,0.000000,0.000000,-0.521478
609,01 02 07 22 25,0.00000000,2.19315763,-2.069764,-1.363015,0.856201,1.010207,0.000000,0.000000,0.125011
610,01 02 17 22 25,0.00000000,2.18930201,-0.173797,-1.113604,0.038918,0.313513,0.000000,0.000000,0.872372
611,07 11 12 17 22,0.00000000,2.18637857,1.153380,-1.685891,1.673485,-1.079877,0.000000,0.000000,-0.213537
612,01 07 11 17 24,0.00000000,2.18622167,0.774186,-1.112619,1.206466,-1.079877,0.000000,0.000000,-0.493560
613,06 07 12 17 23,0.00000000,2.18578902,0.774186,-1.236520,1.556730,-1.219216,0.000000,0.000000,0.102598
614,07 11 12 22 25,0.00000000,2.18156122,-0.552990,-1.102416,0.856201,-0.104504,0.000000,0.000000,0.971606
615,01 07 11 24 25,0.00000000,2.18140431,-0.932184,-0.529144,0.389182,-0.104504,0.000000,0.000000,0.446603
616,06 07 12 23 25,0.00000000,2.18097167,-0.932184,-0.653045,0.739447,-0.243843,0.000000,0.000000,0.882173
617,07 17 18 24 25,0.00000000,2.17930429,-0.363394,-0.219816,1.439975,-1.497893,0.000000,0.000000,0.686170
618,11 12 17 22 25,0.00000000,2.17770559,1.342976,-0.853005,0.038918,-0.801199,0.000000,0.000000,0.209873
619,01 11 17 24 25,0.00000000,2.17754869,0.963783,-0.279733,-0.428101,-0.801199,0.000000,0.000000,0.757528
620,06 12 17 23 25,0.00000000,2.17711604,0.963783,-0.403634,-0.077836,-0.940538,0.000000,0.000000,0.891636
621,01 02 07 17 23,0.00000000,2.17667969,-0.742587,-1.524598,0.972956,0.313513,0.000000,0.000000,-0.693644
622,02 06 07 12 24,0.00000000,2.17322950,0.394993,-0.810531,1.439975,-1.358554,0.000000,0.000000,-0.527088
623,01 02 07 23 25,0.00000000,2.17186234,-2.448957,-0.941123,0.155673,1.288885,0.000000,0.000000,-0.377208
624,02 06 12 17 24,0.00000000,2.16937388,2.290960,-0.561120,0.622692,-2.055249,0.000000,0.000000,-0.388363
625,06 07 11 17 22,0.00000000,2.16809730,0.774186,-1.915470,2.023749,-0.940538,0.000000,0.000000,-0.157853
626,01 02 17 23 25,0.00000000,2.16800672,-0.552990,-0.691712,-0.661610,0.592190,0.000000,0.000000,0.434463
627,07 11 12 17 23,0.00000000,2.16508328,0.774186,-1.263999,0.972956,-0.801199,0.000000,0.000000,-0.220667
628,02 06 12 24 25,0.00000000,2.16455652,0.584590,0.022355,-0.194591,-1.079877,0.000000,0.000000,0.571196
629,06 07 11 22 25,0.00000000,2.16327994,-0.932184,-1.331995,1.206466,0.034835,0.000000,0.000000,0.938297
630,07 11 12 23 25,0.00000000,2.16026593,-0.932184,-0.680524,0.155673,0.174174,0.000000,0.000000,0.548737
631,06 11 17 22 25,0.00000000,2.15942432,0.963783,-1.082585,0.389182,-0.661860,0.000000,0.000000,0.641493
632,11 12 17 23 25,0.00000000,2.15641030,0.963783,-0.431113,-0.661610,-0.522521,0.000000,0.000000,-0.125863
633,02 07 11 12 24,0.00000000,2.15252376,0.394993,-0.838010,0.856201,-0.940538,0.000000,0.000000,0.288815
634,07 12 22 23 24,0.00000000,2.15120077,0.205396,-0.354666,0.739447,-1.219216,0.000000,0.000000,0.394840
635,02 11 12 17 24,0.00000000,2.14866813,2.290960,-0.588599,0.038918,-1.637232,0.000000,0.000000,0.481836
636,12 17 22 23 24,0.00000000,2.14734514,2.101363,-0.105255,-0.077836,-1.915910,0.000000,0.000000,-0.872522
637,06 07 11 17 23,0.00000000,2.14680200,0.394993,-1.493578,1.323220,-0.661860,0.000000,0.000000,-0.288526
638,02 11 12 24 25,0.00000000,2.14385078,0.584590,-0.005124,-0.778365,-0.661860,0.000000,0.000000,0.505448
639,12 22 23 24 25,0.00000000,2.14252779,0.394993,0.478220,-0.895120,-0.940538,0.000000,0.000000,-2.051120
640,06 07 11 23 25,0.00000000,2.14198465,-1.311377,-0.910104,0.505937,0.313513,0.000000,0.000000,0.501114
641,01 07 12 17 25,0.00000000,2.14078864,-0.173797,-1.323354,1.323220,-0.522521,0.000000,0.000000,-0.251012
642,06 11 17 23 25,0.00000000,2.13812903,0.584590,-0.660693,-0.311346,-0.383182,0.000000,0.000000,0.574821
643,02 06 07 11 24,0.00000000,2.13424248,0.015800,-1.067590,1.206466,-0.801199,0.000000,0.000000,-0.223711
644,06 07 22 23 24,0.00000000,2.13291950,-0.173797,-0.584245,1.089711,-1.079877,0.000000,0.000000,-0.851429
645,02 06 11 17 24,0.00000000,2.13038686,1.911766,-0.818179,0.389182,-1.497893,0.000000,0.000000,-0.122362
646,06 17 22 23 24,0.00000000,2.12906387,1.722170,-0.334834,0.272428,-1.776571,0.000000,0.000000,0.482532
647,02 06 11 24 25,0.00000000,2.12556950,0.205396,-0.234704,-0.428101,-0.522521,0.000000,0.000000,0.828278
648,06 22 23 24 25,0.00000000,2.12424652,0.015800,0.248641,-0.544855,-0.801199,0.000000,0.000000,-1.291060
649,01 06 07 17 25,0.00000000,2.12250736,-0.552990,-1.552934,1.673485,-0.383182,0.000000,0.000000,-0.386124
650,07 11 22 23 24,0.00000000,2.11221375,-0.173797,-0.611724,0.505937,-0.661860,0.000000,0.000000,0.434856
651,11 17 22 23 24,0.00000000,2.10835813,1.722170,-0.362313,-0.311346,-1.358554,0.000000,0.000000,-0.506024
652,11 22 23 24 25,0.00000000,2.10354077,0.015800,0.221162,-1.128629,-0.383182,0.000000,0.000000,-1.783788
653,01 07 11 17 25,0.00000000,2.10180162,-0.552990,-1.580413,1.089711,0.034835,0.000000,0.000000,-0.974589
654,02 06 07 12 17,0.00000000,2.09362681,0.774186,-1.861800,2.140504,-1.219216,0.000000,0.000000,-2.591483
655,01 07 17 22 24,0.00000000,2.09273646,0.584590,-1.254554,1.673485,-1.358554,0.000000,0.000000,0.892046
656,02 06 07 12 25,0.00000000,2.08880945,-0.932184,-1.278325,1.323220,-0.243843,0.000000,0.000000,-0.095194
657,01 07 22 24 25,0.00000000,2.08791911,-1.121780,-0.671079,0.856201,-0.383182,0.000000,0.000000,0.707918
658,02 06 12 17 25,0.00000000,2.08495383,0.963783,-1.028915,0.505937,-0.940538,0.000000,0.000000,0.130664
659,01 17 22 24 25,0.00000000,2.08406349,0.774186,-0.421669,0.038918,-1.079877,0.000000,0.000000,0.658034
660,02 07 11 12 17,0.00000000,2.07292106,0.774186,-1.889279,1.556730,-0.801199,0.000000,0.000000,-2.078463
661,07 12 17 22 23,0.00000000,2.07159808,0.584590,-1.405935,1.439975,-1.079877,0.000000,0.000000,0.476354
662,01 07 17 23 24,0.00000000,2.07144117,0.205396,-0.832663,0.972956,-1.079877,0.000000,0.000000,0.639943
663,02 07 11 12 25,0.00000000,2.06810371,-0.932184,-1.305804,0.739447,0.174174,0.000000,0.000000,0.386700
664,07 12 22 23 25,0.00000000,2.06678072,-1.121780,-0.822460,0.622692,-0.104504,0.000000,0.000000,0.868108
665,01 07 23 24 25,0.00000000,2.06662382,-1.500974,-0.249188,0.155673,-0.104504,0.000000,0.000000,-0.052257
666,02 11 12 17 25,0.00000000,2.06424808,0.963783,-1.056394,-0.077836,-0.522521,0.000000,0.000000,0.587083
667,12 17 22 23 25,0.00000000,2.06292510,0.774186,-0.573049,-0.194591,-0.801199,0.000000,0.000000,-0.354650
668,01 17 23 24 25,0.00000000,2.06276820,0.394993,0.000223,-0.661610,-0.801199,0.000000,0.000000,-0.037830
669,02 07 12 22 24,0.00000000,2.05903855,0.205396,-0.979946,1.323220,-1.219216,0.000000,0.000000,0.393098
670,02 12 17 22 24,0.00000000,2.05518293,2.101363,-0.730535,0.505937,-1.915910,0.000000,0.000000,0.663022
671,02 06 07 11 17,0.00000000,2.05463979,0.394993,-2.118859,1.906994,-0.661860,0.000000,0.000000,-2.490792
672,06 07 17 22 23,0.00000000,2.05331680,0.205396,-1.635514,1.790239,-0.940538,0.000000,0.000000,0.446709
673,02 12 22 24 25,0.00000000,2.05036558,0.394993,-0.147060,-0.311346,-0.940538,0.000000,0.000000,0.527737
674,02 06 07 11 25,0.00000000,2.04982243,-1.311377,-1.535384,1.089711,0.313513,0.000000,0.000000,-0.140139
675,06 07 22 23 25,0.00000000,2.04849945,-1.500974,-1.052039,0.972956,0.034835,0.000000,0.000000,-0.001839
676,02 06 11 17 25,0.00000000,2.04596681,0.584590,-1.285973,0.272428,-0.383182,0.000000,0.000000,0.067324
677,06 17 22 23 25,0.00000000,2.04464382,0.394993,-0.802629,0.155673,-0.661860,0.000000,0.000000,0.942210
678,02 06 07 22 24,0.00000000,2.04075728,-0.173797,-1.209525,1.673485,-1.079877,0.000000,0.000000,-0.279110
679,02 07 12 23 24,0.00000000,2.03774326,-0.173797,-0.558054,0.622692,-0.940538,0.000000,0.000000,0.827167
680,02 06 17 22 24,0.00000000,2.03690165,1.722170,-0.960115,0.856201,-1.776571,0.000000,0.000000,0.625829
681,02 12 17 23 24,0.00000000,2.03388764,1.722170,-0.308643,-0.194591,-1.637232,0.000000,0.000000,1.066487
682,07 11 17 22 23,0.00000000,2.03261106,0.205396,-1.662993,1.206466,-0.522521,0.000000,0.000000,0.275718
683,02 06 22 24 25,0.00000000,2.03208430,0.015800,-0.376640,0.038918,-0.801199,0.000000,0.000000,0.357264
684,02 12 23 24 25,0.00000000,2.02907028,0.015800,0.274831,-1.011874,-0.661860,0.000000,0.000000,0.518044
685,07 11 22 23 25,0.00000000,2.02779370,-1.500974,-1.079518,0.389182,0.452851,0.000000,0.000000,0.578784
686,11 17 22 23 25,0.00000000,2.02393808,0.394993,-0.830108,-0.428101,-0.243843,0.000000,0.000000,-0.327969
687,02 07 11 22 24,0.00000000,2.02005154,-0.173797,-1.237004,1.089711,-0.661860,0.000000,0.000000,0.686590
688,02 06 07 23 24,0.00000000,2.01946199,-0.552990,-0.787634,0.972956,-0.801199,0.000000,0.000000,-0.317416
689,02 11 17 22 24,0.00000000,2.01619591,1.722170,-0.987594,0.272428,-1.358554,0.000000,0.000000,0.959970
690,02 06 17 23 24,0.00000000,2.01560636,1.342976,-0.538223,0.155673,-1.497893,0.000000,0.000000,1.033964
691,02 11 22 24 25,0.00000000,2.01137856,0.015800,-0.404119,-0.544855,-0.383182,0.000000,0.000000,0.895537
692,02 06 23 24 25,0.00000000,2.01078901,-0.363394,0.045252,-0.661610,-0.522521,0.000000,0.000000,0.238344
693,01 07 17 22 25,0.00000000,2.00831642,-0.742587,-1.722349,1.556730,-0.243843,0.000000,0.000000,0.410218
694,02 07 11 23 24,0.00000000,1.99875624,-0.552990,-0.815113,0.389182,-0.383182,0.000000,0.000000,0.772336
695,02 11 17 23 24,0.00000000,1.99490062,1.342976,-0.565702,-0.428101,-1.079877,0.000000,0.000000,1.034095
696,02 11 23 24 25,0.00000000,1.99008327,-0.363394,0.017773,-1.245384,-0.104504,0.000000,0.000000,0.537521
697,06 07 12 17 24,0.00000000,1.98838829,1.722170,-1.169865,2.140504,-2.612605,0.000000,0.000000,0.340879
698,01 07 17 23 25,0.00000000,1.98702113,-1.121780,-1.300457,0.856201,0.034835,0.000000,0.000000,0.020430
699,06 07 12 24 25,0.00000000,1.98357093,0.015800,-0.586390,1.323220,-1.637232,0.000000,0.000000,0.546958
700,06 12 17 24 25,0.00000000,1.97971531,1.911766,-0.336979,0.505937,-2.333927,0.000000,0.000000,1.025684
701,02 07 12 17 22,0.00000000,1.97943586,0.584590,-2.031215,2.023749,-1.079877,0.000000,0.000000,-0.498915
702,01 02 07 17 24,0.00000000,1.97927896,0.205396,-1.457943,1.556730,-1.079877,0.000000,0.000000,-0.264710
703,02 07 12 22 25,0.00000000,1.97461851,-1.121780,-1.447740,1.206466,-0.104504,0.000000,0.000000,0.585097
704,01 02 07 24 25,0.00000000,1.97446160,-1.500974,-0.874468,0.739447,-0.104504,0.000000,0.000000,-0.465545
705,02 12 17 22 25,0.00000000,1.97076288,0.774186,-1.198329,0.389182,-0.801199,0.000000,0.000000,0.847239
706,01 02 17 24 25,0.00000000,1.97060598,0.394993,-0.625057,-0.077836,-0.801199,0.000000,0.000000,0.429418
707,07 11 12 17 24,0.00000000,1.96768254,1.722170,-1.197344,1.556730,-2.194588,0.000000,0.000000,0.354320
708,07 11 12 24 25,0.00000000,1.96286519,0.015800,-0.613869,0.739447,-1.219216,0.000000,0.000000,0.539750
709,02 06 07 17 22,0.00000000,1.96115459,0.205396,-2.260795,2.374013,-0.940538,0.000000,0.000000,-0.347106
710,11 12 17 24 25,0.00000000,1.95900956,1.911766,-0.364458,-0.077836,-1.915910,0.000000,0.000000,-0.047719
711,02 07 12 17 23,0.00000000,1.95814057,0.205396,-1.609323,1.323220,-0.801199,0.000000,0.000000,-0.221308
712,02 06 07 22 25,0.00000000,1.95633723,-1.500974,-1.677320,1.556730,0.034835,0.000000,0.000000,0.299689
713,02 07 12 23 25,0.00000000,1.95332322,-1.500974,-1.025848,0.505937,0.174174,0.000000,0.000000,0.881481
714,02 06 17 22 25,0.00000000,1.95248161,0.394993,-1.427909,0.739447,-0.661860,0.000000,0.000000,0.814715
715,02 12 17 23 25,0.00000000,1.94946759,0.394993,-0.776438,-0.311346,-0.522521,0.000000,0.000000,1.113020
716,06 07 11 17 24,0.00000000,1.94940127,1.342976,-1.426923,1.906994,-2.055249,0.000000,0.000000,0.280652
717,06 07 11 24 25,0.00000000,1.94458391,-0.363394,-0.843448,1.089711,-1.079877,0.000000,0.000000,0.477813
718,06 11 17 24 25,0.00000000,1.94072829,1.532573,-0.594038,0.272428,-1.776571,0.000000,0.000000,1.039765
719,02 07 11 17 22,0.00000000,1.94044884,0.205396,-2.288274,1.790239,-0.522521,0.000000,0.000000,-0.446075
720,02 06 07 17 23,0.00000000,1.93985929,-0.173797,-1.838903,1.673485,-0.661860,0.000000,0.000000,-0.182567
721,02 07 11 22 25,0.00000000,1.93563149,-1.500974,-1.704799,0.972956,0.452851,0.000000,0.000000,0.549249
722,02 06 07 23 25,0.00000000,1.93504194,-1.880167,-1.255428,0.856201,0.313513,0.000000,0.000000,0.123698
723,02 11 17 22 25,0.00000000,1.93177586,0.394993,-1.455388,0.155673,-0.243843,0.000000,0.000000,0.814847
724,02 06 17 23 25,0.00000000,1.93118632,0.015800,-1.006017,0.038918,-0.383182,0.000000,0.000000,1.085165
725,02 07 11 17 23,0.00000000,1.91915355,-0.173797,-1.866382,1.089711,-0.243843,0.000000,0.000000,-0.615545
726,02 07 11 23 25,0.00000000,1.91433620,-1.880167,-1.282907,0.272428,0.731529,0.000000,0.000000,0.497310
727,02 11 17 23 25,0.00000000,1.91048057,0.015800,-1.033496,-0.544855,0.034835,0.000000,0.000000,0.751287
728,02 07 22 23 24,0.00000000,1.90527104,-0.742587,-0.957049,0.856201,-0.661860,0.000000,0.000000,0.364194
729,06 07 12 17 25,0.00000000,1.90396824,0.394993,-1.637659,2.023749,-1.497893,0.000000,0.000000,0.567805
730,02 17 22 23 24,0.00000000,1.90141542,1.153380,-0.707638,0.038918,-1.358554,0.000000,0.000000,0.394184
731,02 22 23 24 25,0.00000000,1.89659806,-0.552990,-0.124163,-0.778365,-0.383182,0.000000,0.000000,-1.776070
732,01 02 07 17 25,0.00000000,1.89485891,-1.121780,-1.925737,1.439975,0.034835,0.000000,0.000000,-0.488387
733,07 11 12 17 25,0.00000000,1.88326250,0.394993,-1.665138,1.439975,-1.079877,0.000000,0.000000,0.257714
734,07 12 17 22 24,0.00000000,1.87419734,1.532573,-1.339280,2.023749,-2.473266,0.000000,0.000000,0.564533
735,07 12 22 24 25,0.00000000,1.86937999,-0.173797,-0.755805,1.206466,-1.497893,0.000000,0.000000,0.849358
736,12 17 22 24 25,0.00000000,1.86552436,1.722170,-0.506394,0.389182,-2.194588,0.000000,0.000000,-0.381182
737,06 07 11 17 25,0.00000000,1.86498122,0.015800,-1.894718,1.790239,-0.940538,0.000000,0.000000,0.178238
738,06 07 17 22 24,0.00000000,1.85591606,1.153380,-1.568859,2.374013,-2.333927,0.000000,0.000000,0.911210
739,07 12 17 23 24,0.00000000,1.85290205,1.153380,-0.917388,1.323220,-2.194588,0.000000,0.000000,0.751724
740,06 07 22 24 25,0.00000000,1.85109871,-0.552990,-0.985384,1.556730,-1.358554,0.000000,0.000000,-0.015920
741,07 12 23 24 25,0.00000000,1.84808470,-0.552990,-0.333913,0.505937,-1.219216,0.000000,0.000000,0.505656
742,06 17 22 24 25,0.00000000,1.84724309,1.342976,-0.735973,0.739447,-2.055249,0.000000,0.000000,0.920347
743,12 17 23 24 25,0.00000000,1.84422907,1.342976,-0.084502,-0.311346,-1.915910,0.000000,0.000000,-0.637752
744,07 11 17 22 24,0.00000000,1.83521032,1.153380,-1.596338,1.790239,-1.915910,0.000000,0.000000,0.694794
745,06 07 17 23 24,0.00000000,1.83462077,0.774186,-1.146967,1.673485,-2.055249,0.000000,0.000000,0.603204
746,07 11 22 24 25,0.00000000,1.83039297,-0.552990,-1.012863,0.972956,-0.940538,0.000000,0.000000,0.890930
747,06 07 23 24 25,0.00000000,1.82980342,-0.932184,-0.563492,0.856201,-1.079877,0.000000,0.000000,-0.831998
748,11 17 22 24 25,0.00000000,1.82653734,1.342976,-0.763452,0.155673,-1.637232,0.000000,0.000000,-0.023604
749,06 17 23 24 25,0.00000000,1.82594780,0.963783,-0.314082,0.038918,-1.776571,0.000000,0.000000,0.550710
750,02 07 17 22 23,0.00000000,1.82566835,-0.363394,-2.008318,1.556730,-0.522521,0.000000,0.000000,0.918191
751,02 07 22 23 25,0.00000000,1.82085099,-2.069764,-1.424843,0.739447,0.452851,0.000000,0.000000,0.792857
752,02 17 22 23 25,0.00000000,1.81699537,-0.173797,-1.175432,-0.077836,-0.243843,0.000000,0.000000,0.815066
753,07 11 17 23 24,0.00000000,1.81391503,0.774186,-1.174446,1.089711,-1.637232,0.000000,0.000000,0.434909
754,07 11 23 24 25,0.00000000,1.80909768,-0.932184,-0.590971,0.272428,-0.661860,0.000000,0.000000,0.198905
755,11 17 23 24 25,0.00000000,1.80524205,0.963783,-0.341561,-0.544855,-1.358554,0.000000,0.000000,-0.727250
756,07 12 17 22 25,0.00000000,1.78977729,0.205396,-1.807074,1.906994,-1.358554,0.000000,0.000000,0.467127
757,01 07 17 24 25,0.00000000,1.78962039,-0.173797,-1.233802,1.439975,-1.358554,0.000000,0.000000,0.723744
758,06 07 17 22 25,0.00000000,1.77149602,-0.173797,-2.036653,2.257258,-1.219216,0.000000,0.000000,1.190127
759,07 12 17 23 25,0.00000000,1.76848200,-0.173797,-1.385182,1.206466,-1.079877,0.000000,0.000000,0.516634
760,02 07 12 17 24,0.00000000,1.76073983,1.153380,-1.542668,1.906994,-2.194588,0.000000,0.000000,-0.021823
761,02 07 12 24 25,0.00000000,1.75592248,-0.552990,-0.959193,1.089711,-1.219216,0.000000,0.000000,0.931510
762,02 12 17 24 25,0.00000000,1.75206685,1.342976,-0.709782,0.272428,-1.915910,0.000000,0.000000,1.151428
763,07 11 17 22 25,0.00000000,1.75079027,-0.173797,-2.064132,1.673485,-0.801199,0.000000,0.000000,0.268047
764,06 07 17 23 25,0.00000000,1.75020073,-0.552990,-1.614762,1.556730,-0.940538,0.000000,0.000000,0.744436
765,02 06 07 17 24,0.00000000,1.74245856,0.774186,-1.772248,2.257258,-2.055249,0.000000,0.000000,-0.077165
766,02 06 07 24 25,0.00000000,1.73764120,-0.932184,-1.188773,1.439975,-1.079877,0.000000,0.000000,-0.298649
767,02 06 17 24 25,0.00000000,1.73378558,0.963783,-0.939362,0.622692,-1.776571,0.000000,0.000000,1.128242
768,07 11 17 23 25,0.00000000,1.72949498,-0.552990,-1.642241,0.972956,-0.522521,0.000000,0.000000,-0.129522
769,02 07 11 17 24,0.00000000,1.72175281,0.774186,-1.799727,1.673485,-1.637232,0.000000,0.000000,-0.085163
770,07 17 22 23 24,0.00000000,1.72042983,0.584590,-1.316382,1.556730,-1.915910,0.000000,0.000000,0.397346
771,02 07 11 24 25,0.00000000,1.71693546,-0.932184,-1.216252,0.856201,-0.661860,0.000000,0.000000,0.859252
772,07 22 23 24 25,0.00000000,1.71561247,-1.121780,-0.732907,0.739447,-0.940538,0.000000,0.000000,-1.277081
773,02 11 17 24 25,0.00000000,1.71307984,0.963783,-0.966841,0.038918,-1.358554,0.000000,0.000000,1.120592
774,17 22 23 24 25,0.00000000,1.71175685,0.774186,-0.483496,-0.077836,-1.637232,0.000000,0.000000,-4.031424
775,02 07 12 17 25,0.00000000,1.67631979,-0.173797,-2.010462,1.790239,-1.079877,0.000000,0.000000,0.166307
776,02 06 07 17 25,0.00000000,1.65803851,-0.552990,-2.240042,2.140504,-0.940538,0.000000,0.000000,0.035863
777,02 07 11 17 25,0.00000000,1.63733277,-0.552990,-2.267521,1.556730,-0.522521,0.000000,0.000000,-0.226373
778,07 17 22 23 25,0.00000000,1.63600978,-0.742587,-1.784176,1.439975,-0.801199,0.000000,0.000000,0.536604
779,02 07 17 22 24,0.00000000,1.62826761,0.584590,-1.941662,2.140504,-1.915910,0.000000,0.000000,0.961765
780,02 07 22 24 25,0.00000000,1.62345026,-1.121780,-1.358188,1.323220,-0.940538,0.000000,0.000000,0.781889
781,02 17 22 24 25,0.00000000,1.61959463,0.774186,-1.108777,0.505937,-1.637232,0.000000,0.000000,0.796315
782,02 07 17 23 24,0.00000000,1.60697232,0.205396,-1.519771,1.439975,-1.637232,0.000000,0.000000,1.039003
783,02 07 23 24 25,0.00000000,1.60215497,-1.500974,-0.936296,0.622692,-0.661860,0.000000,0.000000,0.351055
784,02 17 23 24 25,0.00000000,1.59829934,0.394993,-0.686885,-0.194591,-1.358554,0.000000,0.000000,0.429791
785,07 12 17 24 25,0.00000000,1.57108126,0.774186,-1.318527,1.790239,-2.473266,0.000000,0.000000,0.980022
786,06 07 17 24 25,0.00000000,1.55279999,0.394993,-1.548106,2.140504,-2.333927,0.000000,0.000000,0.731610
787,02 07 17 22 25,0.00000000,1.54384756,-0.742587,-2.409457,2.023749,-0.801199,0.000000,0.000000,0.819755
788,07 11 17 24 25,0.00000000,1.53209425,0.394993,-1.575585,1.556730,-1.915910,0.000000,0.000000,0.664763
789,02 07 17 23 25,0.00000000,1.52255227,-1.121780,-1.987565,1.323220,-0.522521,0.000000,0.000000,0.759307
790,07 17 22 24 25,0.00000000,1.43860904,0.205396,-1.717521,2.023749,-2.194588,0.000000,0.000000,0.844081
791,07 17 23 24 25,0.00000000,1.41731375,-0.173797,-1.295629,1.323220,-1.915910,0.000000,0.000000,0.143548
792,02 07 17 24 25,0.00000000,1.32515154,-0.173797,-1.920910,1.906994,-1.915910,0.000000,0.000000,1.131725
