model,pool,minimum_winners,maximum_winners,tie_averaged_winners,applicable
A_long,5,0,0,0.0,True
A_long,6,0,1,0.2,True
A_long,8,0,1,0.6,True
A_long,10,1,1,1.0,True
A_long,12,2,3,2.333333333333333,True
A_long,15,3,3,3.0,True
A_long,20,4,4,4.0,True
B_recent,5,1,1,1.0,True
B_recent,6,1,1,1.0,True
B_recent,8,1,1,1.0,True
B_recent,10,3,3,3.0,True
B_recent,12,3,3,3.0,True
B_recent,15,3,3,3.0,True
B_recent,20,4,4,4.0,True
C_gap,5,1,1,1.0,True
C_gap,6,1,1,1.0,True
C_gap,8,1,1,1.0,True
C_gap,10,1,1,1.0,True
C_gap,12,1,2,1.5,True
C_gap,15,2,2,2.0,True
C_gap,20,2,2,2.0,True
D_trend,5,2,2,2.0,True
D_trend,6,2,2,2.0,True
D_trend,8,2,3,2.5,True
D_trend,10,3,3,3.0,True
D_trend,12,3,3,3.0,True
D_trend,15,3,3,3.0,True
D_trend,20,4,4,4.0,True
E_pairs,5,0,5,0.7894736842105263,False
E_pairs,6,0,6,0.9473684210526315,False
E_pairs,8,0,6,1.263157894736842,False
E_pairs,10,0,6,1.5789473684210527,False
E_pairs,12,0,6,1.894736842105263,False
E_pairs,15,0,6,2.3684210526315788,False
E_pairs,20,0,6,3.1578947368421053,False
G_marginal_proxy,5,2,2,2.0,True
G_marginal_proxy,6,3,3,3.0,True
G_marginal_proxy,8,3,3,3.0,True
G_marginal_proxy,10,3,3,3.0,True
G_marginal_proxy,12,3,3,3.0,True
G_marginal_proxy,15,3,3,3.0,True
G_marginal_proxy,20,3,3,3.0,True
