model,number,score,rank_min,rank_max,provenance
A_long,1,0.8722801073807417,6,10,reconstructed_from_frozen_pre_draw_inputs
A_long,2,0.6483162960262268,11,13,reconstructed_from_frozen_pre_draw_inputs
A_long,3,-0.4715027607463466,23,27,reconstructed_from_frozen_pre_draw_inputs
A_long,4,0.6483162960262268,11,13,reconstructed_from_frozen_pre_draw_inputs
A_long,5,-2.039249440227949,38,38,reconstructed_from_frozen_pre_draw_inputs
A_long,6,0.20038867331719692,16,16,reconstructed_from_frozen_pre_draw_inputs
A_long,7,-0.2475389493918317,20,22,reconstructed_from_frozen_pre_draw_inputs
A_long,8,1.992099164153315,2,2,reconstructed_from_frozen_pre_draw_inputs
A_long,9,-0.6954665721008603,28,31,reconstructed_from_frozen_pre_draw_inputs
A_long,10,0.8722801073807417,6,10,reconstructed_from_frozen_pre_draw_inputs
A_long,11,-0.2475389493918317,20,22,reconstructed_from_frozen_pre_draw_inputs
A_long,12,0.4243524846717118,14,15,reconstructed_from_frozen_pre_draw_inputs
A_long,13,0.6483162960262268,11,13,reconstructed_from_frozen_pre_draw_inputs
A_long,14,-0.2475389493918317,20,22,reconstructed_from_frozen_pre_draw_inputs
A_long,15,0.8722801073807417,6,10,reconstructed_from_frozen_pre_draw_inputs
A_long,16,-1.1433941948098902,33,34,reconstructed_from_frozen_pre_draw_inputs
A_long,17,-0.4715027607463466,23,27,reconstructed_from_frozen_pre_draw_inputs
A_long,18,2.21606297550783,1,1,reconstructed_from_frozen_pre_draw_inputs
A_long,19,-0.6954665721008603,28,31,reconstructed_from_frozen_pre_draw_inputs
A_long,20,-0.023575138037316777,17,19,reconstructed_from_frozen_pre_draw_inputs
A_long,21,-0.9194303834553752,32,32,reconstructed_from_frozen_pre_draw_inputs
A_long,22,-0.023575138037316777,17,19,reconstructed_from_frozen_pre_draw_inputs
A_long,23,-1.5913218175189199,36,37,reconstructed_from_frozen_pre_draw_inputs
A_long,24,1.3202077300897703,4,5,reconstructed_from_frozen_pre_draw_inputs
A_long,25,0.8722801073807417,6,10,reconstructed_from_frozen_pre_draw_inputs
A_long,26,-0.6954665721008603,28,31,reconstructed_from_frozen_pre_draw_inputs
A_long,27,-1.1433941948098902,33,34,reconstructed_from_frozen_pre_draw_inputs
A_long,28,-1.5913218175189199,36,37,reconstructed_from_frozen_pre_draw_inputs
A_long,29,-1.367358006164405,35,35,reconstructed_from_frozen_pre_draw_inputs
A_long,30,-0.023575138037316777,17,19,reconstructed_from_frozen_pre_draw_inputs
A_long,31,-0.4715027607463466,23,27,reconstructed_from_frozen_pre_draw_inputs
A_long,32,-0.6954665721008603,28,31,reconstructed_from_frozen_pre_draw_inputs
A_long,33,1.3202077300897703,4,5,reconstructed_from_frozen_pre_draw_inputs
A_long,34,-0.4715027607463466,23,27,reconstructed_from_frozen_pre_draw_inputs
A_long,35,0.8722801073807417,6,10,reconstructed_from_frozen_pre_draw_inputs
A_long,36,-0.4715027607463466,23,27,reconstructed_from_frozen_pre_draw_inputs
A_long,37,0.4243524846717118,14,15,reconstructed_from_frozen_pre_draw_inputs
A_long,38,1.5441715414442851,3,3,reconstructed_from_frozen_pre_draw_inputs
B_recent,1,0.7656443046892922,10,10,reconstructed_from_frozen_pre_draw_inputs
B_recent,2,0.8193369567272171,8,8,reconstructed_from_frozen_pre_draw_inputs
B_recent,3,-0.45001844860776835,24,24,reconstructed_from_frozen_pre_draw_inputs
B_recent,4,0.7699503538542473,9,9,reconstructed_from_frozen_pre_draw_inputs
B_recent,5,-1.991780199052111,37,37,reconstructed_from_frozen_pre_draw_inputs
B_recent,6,-0.5010099600921275,26,26,reconstructed_from_frozen_pre_draw_inputs
B_recent,7,0.39957770210395355,14,14,reconstructed_from_frozen_pre_draw_inputs
B_recent,8,1.2345819229575876,5,5,reconstructed_from_frozen_pre_draw_inputs
B_recent,9,1.5878994906491912,3,3,reconstructed_from_frozen_pre_draw_inputs
B_recent,10,1.599321334721016,2,2,reconstructed_from_frozen_pre_draw_inputs
B_recent,11,-1.6150227206838161,36,36,reconstructed_from_frozen_pre_draw_inputs
B_recent,12,0.22015094152757567,17,17,reconstructed_from_frozen_pre_draw_inputs
B_recent,13,1.3899030618815638,4,4,reconstructed_from_frozen_pre_draw_inputs
B_recent,14,0.6643945830976417,12,12,reconstructed_from_frozen_pre_draw_inputs
B_recent,15,0.7482947947109735,11,11,reconstructed_from_frozen_pre_draw_inputs
B_recent,16,-0.549295017635249,29,29,reconstructed_from_frozen_pre_draw_inputs
B_recent,17,-0.651585932940985,30,30,reconstructed_from_frozen_pre_draw_inputs
B_recent,18,-0.021166011415579424,21,21,reconstructed_from_frozen_pre_draw_inputs
B_recent,19,-0.16367200920957795,22,22,reconstructed_from_frozen_pre_draw_inputs
B_recent,20,-1.12545899601752,33,33,reconstructed_from_frozen_pre_draw_inputs
B_recent,21,-1.4451005988299785,35,35,reconstructed_from_frozen_pre_draw_inputs
B_recent,22,0.6037875229324108,13,13,reconstructed_from_frozen_pre_draw_inputs
B_recent,23,-0.018387541288559597,20,20,reconstructed_from_frozen_pre_draw_inputs
B_recent,24,2.031492705958702,1,1,reconstructed_from_frozen_pre_draw_inputs
B_recent,25,0.09214564414583513,19,19,reconstructed_from_frozen_pre_draw_inputs
B_recent,26,-0.9607085609189169,31,31,reconstructed_from_frozen_pre_draw_inputs
B_recent,27,-1.3350785744075584,34,34,reconstructed_from_frozen_pre_draw_inputs
B_recent,28,-2.0125672715427014,38,38,reconstructed_from_frozen_pre_draw_inputs
B_recent,29,-0.3059205178529421,23,23,reconstructed_from_frozen_pre_draw_inputs
B_recent,30,0.3196939221994386,15,15,reconstructed_from_frozen_pre_draw_inputs
B_recent,31,0.24753107275942907,16,16,reconstructed_from_frozen_pre_draw_inputs
B_recent,32,-0.5272002812401106,28,28,reconstructed_from_frozen_pre_draw_inputs
B_recent,33,-0.5100227378245407,27,27,reconstructed_from_frozen_pre_draw_inputs
B_recent,34,-0.991039741110574,32,32,reconstructed_from_frozen_pre_draw_inputs
B_recent,35,0.8592393145680521,7,7,reconstructed_from_frozen_pre_draw_inputs
B_recent,36,0.1798243023774745,18,18,reconstructed_from_frozen_pre_draw_inputs
B_recent,37,-0.47165570078677993,25,25,reconstructed_from_frozen_pre_draw_inputs
B_recent,38,1.113920889595827,6,6,reconstructed_from_frozen_pre_draw_inputs
C_gap,1,-1.0619988237110678,33,38,reconstructed_from_frozen_pre_draw_inputs
C_gap,2,-0.8679798078407766,29,32,reconstructed_from_frozen_pre_draw_inputs
C_gap,3,-1.0619988237110678,33,38,reconstructed_from_frozen_pre_draw_inputs
C_gap,4,-0.8679798078407766,29,32,reconstructed_from_frozen_pre_draw_inputs
C_gap,5,0.8781913349918444,8,9,reconstructed_from_frozen_pre_draw_inputs
C_gap,6,-0.4799417761001941,21,23,reconstructed_from_frozen_pre_draw_inputs
C_gap,7,-0.8679798078407766,29,32,reconstructed_from_frozen_pre_draw_inputs
C_gap,8,-0.6739607919704853,24,28,reconstructed_from_frozen_pre_draw_inputs
C_gap,9,-0.6739607919704853,24,28,reconstructed_from_frozen_pre_draw_inputs
C_gap,10,-1.0619988237110678,33,38,reconstructed_from_frozen_pre_draw_inputs
C_gap,11,2.042305430213592,2,2,reconstructed_from_frozen_pre_draw_inputs
C_gap,12,-0.09190374435961166,16,18,reconstructed_from_frozen_pre_draw_inputs
C_gap,13,-1.0619988237110678,33,38,reconstructed_from_frozen_pre_draw_inputs
C_gap,14,1.0722103508621357,6,7,reconstructed_from_frozen_pre_draw_inputs
C_gap,15,-0.4799417761001941,21,23,reconstructed_from_frozen_pre_draw_inputs
C_gap,16,2.818381493694757,1,1,reconstructed_from_frozen_pre_draw_inputs
C_gap,17,-0.6739607919704853,24,28,reconstructed_from_frozen_pre_draw_inputs
C_gap,18,-1.0619988237110678,33,38,reconstructed_from_frozen_pre_draw_inputs
C_gap,19,-0.2859227602299029,19,20,reconstructed_from_frozen_pre_draw_inputs
C_gap,20,-0.4799417761001941,21,23,reconstructed_from_frozen_pre_draw_inputs
C_gap,21,-0.09190374435961166,16,18,reconstructed_from_frozen_pre_draw_inputs
C_gap,22,0.10211527151067956,14,15,reconstructed_from_frozen_pre_draw_inputs
C_gap,23,0.2961342873809708,12,13,reconstructed_from_frozen_pre_draw_inputs
C_gap,24,-0.6739607919704853,24,28,reconstructed_from_frozen_pre_draw_inputs
C_gap,25,-0.8679798078407766,29,32,reconstructed_from_frozen_pre_draw_inputs
C_gap,26,0.490153303251262,10,11,reconstructed_from_frozen_pre_draw_inputs
C_gap,27,1.0722103508621357,6,7,reconstructed_from_frozen_pre_draw_inputs
C_gap,28,1.8482864143433009,3,4,reconstructed_from_frozen_pre_draw_inputs
C_gap,29,-1.0619988237110678,33,38,reconstructed_from_frozen_pre_draw_inputs
C_gap,30,-0.2859227602299029,19,20,reconstructed_from_frozen_pre_draw_inputs
C_gap,31,0.8781913349918444,8,9,reconstructed_from_frozen_pre_draw_inputs
C_gap,32,0.490153303251262,10,11,reconstructed_from_frozen_pre_draw_inputs
C_gap,33,0.2961342873809708,12,13,reconstructed_from_frozen_pre_draw_inputs
C_gap,34,1.8482864143433009,3,4,reconstructed_from_frozen_pre_draw_inputs
C_gap,35,-0.09190374435961166,16,18,reconstructed_from_frozen_pre_draw_inputs
C_gap,36,-0.6739607919704853,24,28,reconstructed_from_frozen_pre_draw_inputs
C_gap,37,0.10211527151067956,14,15,reconstructed_from_frozen_pre_draw_inputs
C_gap,38,1.266229366732427,5,5,reconstructed_from_frozen_pre_draw_inputs
D_trend,1,0.928003125901919,8,9,reconstructed_from_frozen_pre_draw_inputs
D_trend,2,1.6240054703283582,3,4,reconstructed_from_frozen_pre_draw_inputs
D_trend,3,0.6960023444264393,10,10,reconstructed_from_frozen_pre_draw_inputs
D_trend,4,1.6240054703283582,3,4,reconstructed_from_frozen_pre_draw_inputs
D_trend,5,-0.23200078147547967,18,24,reconstructed_from_frozen_pre_draw_inputs
D_trend,6,-0.6960023444264394,27,32,reconstructed_from_frozen_pre_draw_inputs
D_trend,7,1.3920046888528785,5,6,reconstructed_from_frozen_pre_draw_inputs
D_trend,8,-0.6960023444264394,27,32,reconstructed_from_frozen_pre_draw_inputs
D_trend,9,-0.23200078147547967,18,24,reconstructed_from_frozen_pre_draw_inputs
D_trend,10,1.3920046888528785,5,6,reconstructed_from_frozen_pre_draw_inputs
D_trend,11,-0.4640015629509595,25,26,reconstructed_from_frozen_pre_draw_inputs
D_trend,12,0.928003125901919,8,9,reconstructed_from_frozen_pre_draw_inputs
D_trend,13,1.8560062518038378,1,2,reconstructed_from_frozen_pre_draw_inputs
D_trend,14,-0.23200078147547967,18,24,reconstructed_from_frozen_pre_draw_inputs
D_trend,15,0.4640015629509594,11,14,reconstructed_from_frozen_pre_draw_inputs
D_trend,16,-2.0880070332793177,38,38,reconstructed_from_frozen_pre_draw_inputs
D_trend,17,-0.696002344426439,27,32,reconstructed_from_frozen_pre_draw_inputs
D_trend,18,0.23200078147547973,15,15,reconstructed_from_frozen_pre_draw_inputs
D_trend,19,0.4640015629509594,11,14,reconstructed_from_frozen_pre_draw_inputs
D_trend,20,-0.23200078147547967,18,24,reconstructed_from_frozen_pre_draw_inputs
D_trend,21,-0.6960023444264393,27,32,reconstructed_from_frozen_pre_draw_inputs
D_trend,22,1.1600039073773987,7,7,reconstructed_from_frozen_pre_draw_inputs
D_trend,23,-0.696002344426439,27,32,reconstructed_from_frozen_pre_draw_inputs
D_trend,24,1.8560062518038378,1,2,reconstructed_from_frozen_pre_draw_inputs
D_trend,25,-0.23200078147547967,18,24,reconstructed_from_frozen_pre_draw_inputs
D_trend,26,-0.23200078147547967,18,24,reconstructed_from_frozen_pre_draw_inputs
D_trend,27,-1.1600039073773987,34,34,reconstructed_from_frozen_pre_draw_inputs
D_trend,28,2.7112906244748114e-17,16,17,reconstructed_from_frozen_pre_draw_inputs
D_trend,29,2.7112906244748114e-17,16,17,reconstructed_from_frozen_pre_draw_inputs
D_trend,30,-1.6240054703283582,36,37,reconstructed_from_frozen_pre_draw_inputs
D_trend,31,0.4640015629509597,11,14,reconstructed_from_frozen_pre_draw_inputs
D_trend,32,-1.3920046888528788,35,35,reconstructed_from_frozen_pre_draw_inputs
D_trend,33,0.4640015629509594,11,14,reconstructed_from_frozen_pre_draw_inputs
D_trend,34,-0.6960023444264393,27,32,reconstructed_from_frozen_pre_draw_inputs
D_trend,35,-0.9280031259019188,33,33,reconstructed_from_frozen_pre_draw_inputs
D_trend,36,-1.6240054703283584,36,37,reconstructed_from_frozen_pre_draw_inputs
D_trend,37,-0.23200078147547967,18,24,reconstructed_from_frozen_pre_draw_inputs
D_trend,38,-0.4640015629509594,25,26,reconstructed_from_frozen_pre_draw_inputs
E_pairs,1,0.0,,,flat_unranked
E_pairs,2,0.0,,,flat_unranked
E_pairs,3,0.0,,,flat_unranked
E_pairs,4,0.0,,,flat_unranked
E_pairs,5,0.0,,,flat_unranked
E_pairs,6,0.0,,,flat_unranked
E_pairs,7,0.0,,,flat_unranked
E_pairs,8,0.0,,,flat_unranked
E_pairs,9,0.0,,,flat_unranked
E_pairs,10,0.0,,,flat_unranked
E_pairs,11,0.0,,,flat_unranked
E_pairs,12,0.0,,,flat_unranked
E_pairs,13,0.0,,,flat_unranked
E_pairs,14,0.0,,,flat_unranked
E_pairs,15,0.0,,,flat_unranked
E_pairs,16,0.0,,,flat_unranked
E_pairs,17,0.0,,,flat_unranked
E_pairs,18,0.0,,,flat_unranked
E_pairs,19,0.0,,,flat_unranked
E_pairs,20,0.0,,,flat_unranked
E_pairs,21,0.0,,,flat_unranked
E_pairs,22,0.0,,,flat_unranked
E_pairs,23,0.0,,,flat_unranked
E_pairs,24,0.0,,,flat_unranked
E_pairs,25,0.0,,,flat_unranked
E_pairs,26,0.0,,,flat_unranked
E_pairs,27,0.0,,,flat_unranked
E_pairs,28,0.0,,,flat_unranked
E_pairs,29,0.0,,,flat_unranked
E_pairs,30,0.0,,,flat_unranked
E_pairs,31,0.0,,,flat_unranked
E_pairs,32,0.0,,,flat_unranked
E_pairs,33,0.0,,,flat_unranked
E_pairs,34,0.0,,,flat_unranked
E_pairs,35,0.0,,,flat_unranked
E_pairs,36,0.0,,,flat_unranked
E_pairs,37,0.0,,,flat_unranked
E_pairs,38,0.0,,,flat_unranked
G_marginal_proxy,1,0.7617937353954032,6,6,reconstructed_from_frozen_pre_draw_inputs
G_marginal_proxy,2,0.9600045097652522,4,4,reconstructed_from_frozen_pre_draw_inputs
G_marginal_proxy,3,-0.018726860809641963,20,20,reconstructed_from_frozen_pre_draw_inputs
G_marginal_proxy,4,0.9445432447002345,5,5,reconstructed_from_frozen_pre_draw_inputs
G_marginal_proxy,5,-1.189940696737233,38,38,reconstructed_from_frozen_pre_draw_inputs
G_marginal_proxy,6,-0.3438927783621141,23,23,reconstructed_from_frozen_pre_draw_inputs
G_marginal_proxy,7,0.5358555266006073,12,12,reconstructed_from_frozen_pre_draw_inputs
G_marginal_proxy,8,0.628267217113581,7,7,reconstructed_from_frozen_pre_draw_inputs
G_marginal_proxy,9,0.25233914221648784,15,15,reconstructed_from_frozen_pre_draw_inputs
G_marginal_proxy,10,1.1794577058971853,3,3,reconstructed_from_frozen_pre_draw_inputs
G_marginal_proxy,11,-0.7215195497712455,32,32,reconstructed_from_frozen_pre_draw_inputs
G_marginal_proxy,12,0.4838170160082029,13,13,reconstructed_from_frozen_pre_draw_inputs
G_marginal_proxy,13,1.216963373170753,2,2,reconstructed_from_frozen_pre_draw_inputs
G_marginal_proxy,14,0.07042248319151392,19,19,reconstructed_from_frozen_pre_draw_inputs
G_marginal_proxy,15,0.59969413727774,9,9,reconstructed_from_frozen_pre_draw_inputs
G_marginal_proxy,16,-1.1506172781286699,37,37,reconstructed_from_frozen_pre_draw_inputs
G_marginal_proxy,17,-0.5518349526585938,28,28,reconstructed_from_frozen_pre_draw_inputs
G_marginal_proxy,18,0.6020720306228693,8,8,reconstructed_from_frozen_pre_draw_inputs
G_marginal_proxy,19,-0.061016214925195836,21,21,reconstructed_from_frozen_pre_draw_inputs
G_marginal_proxy,20,-0.4363191223004446,25,25,reconstructed_from_frozen_pre_draw_inputs
G_marginal_proxy,21,-0.9074587034300126,34,34,reconstructed_from_frozen_pre_draw_inputs
G_marginal_proxy,22,0.5750532986264437,10,10,reconstructed_from_frozen_pre_draw_inputs
G_marginal_proxy,23,-0.6216053468669234,30,30,reconstructed_from_frozen_pre_draw_inputs
G_marginal_proxy,24,1.5786252220302908,1,1,reconstructed_from_frozen_pre_draw_inputs
G_marginal_proxy,25,0.15927407733975274,17,17,reconstructed_from_frozen_pre_draw_inputs
G_marginal_proxy,26,-0.5455433267091035,27,27,reconstructed_from_frozen_pre_draw_inputs
G_marginal_proxy,27,-1.0832832611538934,36,36,reconstructed_from_frozen_pre_draw_inputs
G_marginal_proxy,28,-1.0109130866162142,35,35,reconstructed_from_frozen_pre_draw_inputs
G_marginal_proxy,29,-0.42301940033742114,24,24,reconstructed_from_frozen_pre_draw_inputs
G_marginal_proxy,30,-0.4538950829499885,26,26,reconstructed_from_frozen_pre_draw_inputs
G_marginal_proxy,31,0.12131813298823851,18,18,reconstructed_from_frozen_pre_draw_inputs
G_marginal_proxy,32,-0.8014967757947828,33,33,reconstructed_from_frozen_pre_draw_inputs
G_marginal_proxy,33,0.3129590367959492,14,14,reconstructed_from_frozen_pre_draw_inputs
G_marginal_proxy,34,-0.6581063906625274,31,31,reconstructed_from_frozen_pre_draw_inputs
G_marginal_proxy,35,0.16442292125550417,16,16,reconstructed_from_frozen_pre_draw_inputs
G_marginal_proxy,36,-0.6048848089500994,29,29,reconstructed_from_frozen_pre_draw_inputs
G_marginal_proxy,37,-0.12443424824221784,22,22,reconstructed_from_frozen_pre_draw_inputs
G_marginal_proxy,38,0.5616250744103259,11,11,reconstructed_from_frozen_pre_draw_inputs
