id,numbers,generator,eligible,matches,matched,jev_choice,jev_rank_best,sens_topq,ensemble_rank,agreement
C01,01 08 15 18 24 25,A_long,True,1,1,0.04,2,1.0,4,3
C02,02 06 08 12 18 25,A_long,True,1,6,0,6,1.0,8,1
C03,02 10 13 18 24 33,A_long,True,1,33,0.02,3,0.9285714285714286,2,3
C04,01 04 13 14 24 38,B_recent,True,3,1 4 38,0.92,1,1.0,1,4
C05,06 08 12 13 24 30,B_recent,True,1,6,0,6,0.9285714285714286,7,2
C06,04 09 12 13 24 25,B_recent,True,1,4,0,6,1.0,5,2
C07,05 11 16 24 27 34,C_gap,False,0,,,,1.0,20,2
C08,16 26 27 34 35 38,C_gap,False,1,38,,,1.0,19,1
C09,11 16 21 22 25 34,C_gap,False,1,22,,,1.0,18,1
C10,01 02 04 07 10 19,D_trend,True,2,1 4,0,6,0.9285714285714286,10,1
C11,04 07 10 22 24 31,D_trend,True,2,4 22,0,6,0.9285714285714286,6,2
C12,02 04 07 13 31 32,D_trend,True,1,4,0,6,0.9285714285714286,9,1
C13,01 05 08 12 26 34,E_pairs,True,1,1,0.01,4,0.0,14,0
C14,08 10 11 15 21 24,E_pairs,True,0,,0,6,0.0,12,0
C15,06 08 15 17 19 38,E_pairs,True,2,6 38,0,6,0.0,13,0
C16,04 16 17 21 26 33,F_structure,True,2,4 33,0,6,1.0,16,2
C17,06 07 13 24 32 35,F_structure,True,1,6,0,6,1.0,11,1
C18,05 11 14 22 23 34,F_structure,False,1,22,,,1.0,17,2
C19,02 04 08 13 24 34,G_ensemble,True,1,4,0.01,4,1.0,3,2
C20,05 07 14 21 33 38,H_random,True,2,33 38,0,6,0.0,15,0
